ID_Transaksi,Tanggal,Hari,Bulan,Tahun,Deskripsi Transaksi,Merchant,Kategori,Jumlah_Rp,Jenis,Label_Jenis,Metode Pembayaran,transaksi,label_Jenis_transaksi,Kota
TRX00001,2023-08-17,Thursday,8,2023,Bayar sarapan kopi susu di warung langganan,Chatime,Makanan & Minuman,50000,Pengeluaran,0,ShopeePay,Online,0,Surabaya
TRX00002,2026-04-24,Friday,4,2026,Checkout baju kaos pas diskon tanggal kembar,Alfamart,Belanja,501000,Pengeluaran,0,BCA,Online,0,Denpasar
TRX00003,2024-02-12,Monday,2,2024,Top up saldo kartu e-money untuk bensin Pertamax,Bluebird,Transportasi,160000,Pengeluaran,0,QRIS,Online,0,Tangerang
TRX00004,2023-01-14,Saturday,1,2023,Pesan kendaraan online taksi online pas hujan,Maxim,Transportasi,81000,Pengeluaran,0,BRI,Online,0,Medan
TRX00005,2024-11-20,Wednesday,11,2024,Checkout bakso urat promo diskon sore hari,Solaria,Makanan & Minuman,231000,Pengeluaran,0,QRIS,Online,0,Tangerang
TRX00006,2023-03-30,Thursday,3,2023,Bayar ongkos taksi online berangkat kerja di Grab,Grab,Transportasi,151000,Pengeluaran,0,QRIS,Online,0,Bogor
TRX00007,2026-07-11,Saturday,7,2026,Gaji pokok bulanan dari PT Sukses Bersama,PT Sukses Bersama,Gaji,5779000,Pemasukan,1,BCA,Online,0,Bengkulu
TRX00008,2024-04-11,Thursday,4,2024,Bayar ongkos bensin Pertamax berangkat kerja di Grab,Grab,Transportasi,107000,Pengeluaran,0,QRIS,Online,0,Yogyakarta
TRX00009,2026-07-25,Saturday,7,2026,Beli perlengkapan skincare & sabun cuci muka dan obat flu,Apotek K-24,Kesehatan,244000,Pengeluaran,0,BNI,Online,0,Malang
TRX00010,2026-07-24,Friday,7,2026,Jajanan ayam geprek pas nongkrong malam minggu,Bakso Pak Kumis,Makanan & Minuman,112000,Pengeluaran,0,ShopeePay,Online,0,Medan
TRX00011,2024-10-26,Saturday,10,2024,Bayar konsultasi dokter dan beli obat flu & pusing,RS Siloam,Kesehatan,62000,Pengeluaran,0,OVO,Online,0,Semarang
TRX00012,2023-05-16,Tuesday,5,2023,Bayar sarapan boba tea di warung langganan,Sederhana,Makanan & Minuman,182000,Pengeluaran,0,DANA,Online,0,Bandung
TRX00013,2024-06-26,Wednesday,6,2024,Mampir beli burger sama minuman segar,Mixue,Makanan & Minuman,206000,Pengeluaran,0,OVO,Online,0,Makassar
TRX00014,2024-03-25,Monday,3,2024,Booking penginapan dan hotel villa pantai liburan,Tiket.com,Perjalanan,685000,Pengeluaran,0,BNI,Online,0,Bandung
TRX00015,2026-07-09,Thursday,7,2026,Makan pizza pas jam istirahat kantor,Solaria,Makanan & Minuman,113000,Pengeluaran,0,DANA,Online,0,Denpasar
TRX00016,2024-05-29,Wednesday,5,2024,Sewa akomodasi perjalanan hotel & resort luar kota,Traveloka,Perjalanan,3086000,Pengeluaran,0,BNI,Online,0,Semarang
TRX00017,2025-06-09,Monday,6,2025,Pesan sate ayam via aplikasi pesan antar makanan,Gacoan,Makanan & Minuman,144000,Pengeluaran,0,QRIS,Online,0,Bogor
TRX00018,2025-11-05,Wednesday,11,2025,Gaji pokok bulanan dari PT Teknologi Karya,PT Teknologi Karya,Gaji,3518000,Pemasukan,1,GoPay,Online,0,Yogyakarta
TRX00019,2023-02-09,Thursday,2,2023,Bayar sarapan sate ayam di warung langganan,Warung Makan,Makanan & Minuman,29000,Pengeluaran,0,Tunai,Offline,1,Malang
TRX00020,2023-06-11,Sunday,6,2023,Pesan bakso urat via aplikasi pesan antar makanan,Kopi Kenangan,Makanan & Minuman,47000,Pengeluaran,0,ShopeePay,Online,0,Bandung
TRX00021,2024-06-26,Wednesday,6,2024,Pembayaran paket langganan air PDAM kecepatan tinggi,XL Axiata,Utilitas,255000,Pengeluaran,0,QRIS,Online,0,Palembang
TRX00022,2025-02-03,Monday,2,2025,Belanja kebutuhan harian tas punggung di Lazada,Lazada,Belanja,532000,Pengeluaran,0,Tunai,Offline,1,Makassar
TRX00023,2023-02-13,Monday,2,2023,Gaji pokok bulanan dari PT Teknologi Karya,PT Teknologi Karya,Gaji,3735000,Pemasukan,1,BNI,Online,0,Bekasi
TRX00024,2026-07-16,Thursday,7,2026,Checkout nasi goreng promo diskon sore hari,KFC,Makanan & Minuman,33000,Pengeluaran,0,QRIS,Online,0,Bengkulu
TRX00025,2025-09-21,Sunday,9,2025,Jajanan pizza pas nongkrong malam minggu,McDonalds,Makanan & Minuman,77000,Pengeluaran,0,OVO,Online,0,Medan
TRX00026,2023-07-13,Thursday,7,2023,Makan malam boba tea bareng keluarga,Solaria,Makanan & Minuman,120000,Pengeluaran,0,BCA,Online,0,Bengkulu
TRX00027,2023-07-21,Friday,7,2023,Bayar sarapan bakso urat di warung langganan,Warung Makan,Makanan & Minuman,64000,Pengeluaran,0,Tunai,Offline,1,Yogyakarta
TRX00028,2023-10-15,Sunday,10,2023,Checkout tas punggung pas diskon tanggal kembar,Superindo,Belanja,179000,Pengeluaran,0,ShopeePay,Online,0,Surabaya
TRX00029,2023-04-14,Friday,4,2023,Penerimaan gaji pokok masuk ke rekening utama,Bank Central,Gaji,11245000,Pemasukan,1,BRI,Online,0,Palembang
TRX00030,2025-09-21,Sunday,9,2025,Beli token listrik PLN prabayar via m-banking,XL Axiata,Utilitas,438000,Pengeluaran,0,BCA,Online,0,Palembang
TRX00031,2024-06-27,Thursday,6,2024,Beli perlengkapan alat tulis UKT kuliah kuliah,Coursera,Pendidikan,2953000,Pengeluaran,0,ShopeePay,Online,0,Bengkulu
TRX00032,2025-09-23,Tuesday,9,2025,Beli kopi susu di Chatime bareng teman,Chatime,Makanan & Minuman,163000,Pengeluaran,0,BCA,Online,0,Bekasi
TRX00033,2024-10-04,Friday,10,2024,Pesan soto betawi via aplikasi pesan antar makanan,Sederhana,Makanan & Minuman,29000,Pengeluaran,0,BNI,Online,0,Bogor
TRX00034,2024-01-16,Tuesday,1,2024,Makan malam kopi susu bareng keluarga,KFC,Makanan & Minuman,45000,Pengeluaran,0,Mandiri,Online,0,Malang
TRX00035,2026-05-02,Saturday,5,2026,Checkout mie ayam promo diskon sore hari,KFC,Makanan & Minuman,81000,Pengeluaran,0,Tunai,Offline,1,Bekasi
TRX00036,2024-10-05,Saturday,10,2024,Mampir beli ayam geprek sama minuman segar,Solaria,Makanan & Minuman,132000,Pengeluaran,0,BNI,Online,0,Jakarta
TRX00037,2025-07-27,Sunday,7,2025,Penerimaan gaji pokok masuk ke rekening utama,Bank Central,Gaji,10484000,Pemasukan,1,ShopeePay,Online,0,Semarang
TRX00038,2023-09-29,Friday,9,2023,Pembayaran UKT semesteran kursus Data Science,Gramedia,Pendidikan,1267000,Pengeluaran,0,BRI,Online,0,Yogyakarta
TRX00039,2026-01-17,Saturday,1,2026,Pesan kendaraan online e-toll pas hujan,Gojek,Transportasi,179000,Pengeluaran,0,BNI,Online,0,Depok
TRX00040,2023-10-03,Tuesday,10,2023,Beli sepatu sneaker dan perlengkapan rumah tangga,Indomaret,Belanja,602000,Pengeluaran,0,GoPay,Online,0,Medan
TRX00041,2026-07-22,Wednesday,7,2026,Top up voucher game Spotify Premium pas akhir pekan,Steam,Hiburan,56000,Pengeluaran,0,BNI,Online,0,Bengkulu
TRX00042,2025-05-17,Saturday,5,2025,Beli perlengkapan obat flu & pusing dan obat flu,Kimia Farma,Kesehatan,819000,Pengeluaran,0,Tunai,Offline,1,Semarang
TRX00043,2023-11-27,Monday,11,2023,Bayar ongkos e-toll berangkat kerja di Bluebird,Bluebird,Transportasi,38000,Pengeluaran,0,BNI,Online,0,Depok
TRX00044,2023-11-02,Thursday,11,2023,Pembayaran paket langganan gas LPG kecepatan tinggi,M3 Ooredoo,Utilitas,201000,Pengeluaran,0,OVO,Online,0,Bandung
TRX00045,2023-03-27,Monday,3,2023,Checkout minyak goreng pas diskon tanggal kembar,Alfamart,Belanja,536000,Pengeluaran,0,GoPay,Online,0,Tangerang
TRX00046,2026-02-20,Friday,2,2026,Bayar langganan bulanan wahana rekreasi streaming,Netflix,Hiburan,151000,Pengeluaran,0,BRI,Online,0,Tangerang
TRX00047,2023-12-29,Friday,12,2023,Top up voucher game Netflix 1 bulan pas akhir pekan,CGV,Hiburan,430000,Pengeluaran,0,OVO,Online,0,Tangerang
TRX00048,2024-05-23,Thursday,5,2024,Beli titipan roti sobek pakai voucher belanja,Indomaret,Belanja,104000,Pengeluaran,0,Mandiri,Online,0,Medan
TRX00049,2025-07-31,Thursday,7,2025,Belanja kebutuhan harian casing hp di Shopee,Shopee,Belanja,420000,Pengeluaran,0,QRIS,Online,0,Bogor
TRX00050,2023-05-23,Tuesday,5,2023,Alokasi investasi berkala aset kripto,Ajaib,Investasi,2883000,Pengeluaran,0,ShopeePay,Online,0,Makassar
TRX00051,2023-02-26,Sunday,2,2023,Mampir beli ayam geprek sama minuman segar,Chatime,Makanan & Minuman,24000,Pengeluaran,0,Tunai,Offline,1,Palembang
TRX00052,2024-12-08,Sunday,12,2024,Beli tiket taksi online pulang pergi luar kota,MyPertamina,Transportasi,140000,Pengeluaran,0,BNI,Online,0,Palembang
TRX00053,2026-03-26,Thursday,3,2026,Beli mie ayam di Gacoan bareng teman,Gacoan,Makanan & Minuman,148000,Pengeluaran,0,ShopeePay,Online,0,Bengkulu
TRX00054,2024-02-08,Thursday,2,2024,Beli minyak goreng baru via e-commerce,Indomaret,Belanja,667000,Pengeluaran,0,BNI,Online,0,Bekasi
TRX00055,2024-09-07,Saturday,9,2024,Isi ulang pulsa dan kuota wifi internet harian,XL Axiata,Utilitas,352000,Pengeluaran,0,ShopeePay,Online,0,Bandung
TRX00056,2024-01-28,Sunday,1,2024,Beli sepatu sneaker baru via e-commerce,Hypermart,Belanja,1190000,Pengeluaran,0,ShopeePay,Online,0,Bogor
TRX00057,2023-01-01,Sunday,1,2023,Beli titipan roti sobek pakai voucher belanja,Shopee,Belanja,684000,Pengeluaran,0,DANA,Online,0,Bengkulu
TRX00058,2024-03-13,Wednesday,3,2024,Pelunasan iuran listrik PLN biar aliran tetap lancar,Indihome,Utilitas,577000,Pengeluaran,0,GoPay,Online,0,Surabaya
TRX00059,2024-04-26,Friday,4,2024,Gaji pokok bulanan dari PT Teknologi Karya,PT Teknologi Karya,Gaji,4300000,Pemasukan,1,BCA,Online,0,Medan
TRX00060,2025-08-31,Sunday,8,2025,Bonus kinerja dan honor freelance dari perusahaan,PT Nusantara Digital,Gaji,9871000,Pemasukan,1,OVO,Online,0,Yogyakarta
TRX00061,2025-03-29,Saturday,3,2025,Makan malam bakso urat bareng keluarga,Gacoan,Makanan & Minuman,71000,Pengeluaran,0,Tunai,Offline,1,Bekasi
TRX00062,2025-11-26,Wednesday,11,2025,Isi ulang pulsa dan kuota listrik PLN harian,Biznet,Utilitas,186000,Pengeluaran,0,DANA,Online,0,Bengkulu
TRX00063,2025-12-23,Tuesday,12,2025,Reservasi paket tur dan liburan tiket kereta api,Lion Air,Perjalanan,4435000,Pengeluaran,0,OVO,Online,0,Bogor
TRX00064,2026-01-27,Tuesday,1,2026,Mampir minimarket beli tas punggung stok mingguan,Tokopedia,Belanja,555000,Pengeluaran,0,QRIS,Online,0,Tangerang
TRX00065,2025-12-03,Wednesday,12,2025,Isi ulang pulsa dan kuota wifi internet harian,Biznet,Utilitas,129000,Pengeluaran,0,QRIS,Online,0,Medan
TRX00066,2024-07-10,Wednesday,7,2024,Checkout baju kaos pas diskon tanggal kembar,Lazada,Belanja,333000,Pengeluaran,0,Tunai,Offline,1,Bekasi
TRX00067,2023-11-09,Thursday,11,2023,Top up saldo kartu e-money untuk taksi online,Grab,Transportasi,94000,Pengeluaran,0,ShopeePay,Online,0,Yogyakarta
TRX00068,2025-05-01,Thursday,5,2025,Beli mie ayam di Solaria bareng teman,Solaria,Makanan & Minuman,234000,Pengeluaran,0,OVO,Online,0,Yogyakarta
TRX00069,2023-01-13,Friday,1,2023,Alokasi investasi berkala obligasi negara,Ajaib,Investasi,2304000,Pengeluaran,0,ShopeePay,Online,0,Tangerang
TRX00070,2026-05-20,Wednesday,5,2026,Top up voucher game Netflix 1 bulan pas akhir pekan,Netflix,Hiburan,253000,Pengeluaran,0,DANA,Online,0,Jakarta
TRX00071,2025-03-07,Friday,3,2025,Beli titipan sepatu sneaker pakai voucher belanja,Hypermart,Belanja,982000,Pengeluaran,0,ShopeePay,Online,0,Jakarta
TRX00072,2025-03-17,Monday,3,2025,Bonus kinerja dan gaji pokok dari perusahaan,PT Nusantara Digital,Gaji,7946000,Pemasukan,1,DANA,Online,0,Bandung
TRX00073,2023-04-13,Thursday,4,2023,Mampir minimarket beli casing hp stok mingguan,Uniqlo,Belanja,694000,Pengeluaran,0,OVO,Online,0,Semarang
TRX00074,2025-05-13,Tuesday,5,2025,Belanja kebutuhan harian tas punggung di Indomaret,Indomaret,Belanja,1129000,Pengeluaran,0,Tunai,Offline,1,Makassar
TRX00075,2024-04-04,Thursday,4,2024,Gaji pokok bulanan dari PT Nusantara Digital,PT Nusantara Digital,Gaji,10032000,Pemasukan,1,BCA,Online,0,Malang
TRX00076,2023-11-09,Thursday,11,2023,Bayar sarapan bakso urat di warung langganan,Kopi Kenangan,Makanan & Minuman,134000,Pengeluaran,0,GoPay,Online,0,Bandung
TRX00077,2026-05-25,Monday,5,2026,Transfer bonus tahunan atas hasil kerja keras sebulan,PT Nusantara Digital,Gaji,7042000,Pemasukan,1,BCA,Online,0,Depok
TRX00078,2024-09-30,Monday,9,2024,Gaji pokok bulanan dari Client Freelance,Client Freelance,Gaji,5990000,Pemasukan,1,Mandiri,Online,0,Surabaya
TRX00079,2024-09-09,Monday,9,2024,Langganan fitur premium film bioskop XXI bulanan,Steam,Hiburan,430000,Pengeluaran,0,BCA,Online,0,Makassar
TRX00080,2025-12-27,Saturday,12,2025,Beli baju kaos baru via e-commerce,Uniqlo,Belanja,723000,Pengeluaran,0,Tunai,Offline,1,Palembang
TRX00081,2025-09-30,Tuesday,9,2025,Pesan soto betawi via aplikasi pesan antar makanan,Warung Makan,Makanan & Minuman,126000,Pengeluaran,0,Tunai,Offline,1,Denpasar
TRX00082,2024-07-07,Sunday,7,2024,Bonus kinerja dan honor freelance dari perusahaan,Bank Central,Gaji,17772000,Pemasukan,1,QRIS,Online,0,Makassar
TRX00083,2024-05-17,Friday,5,2024,Tebus resep obat skincare & sabun cuci muka di apotek langganan,Kimia Farma,Kesehatan,279000,Pengeluaran,0,OVO,Online,0,Makassar
TRX00084,2023-02-28,Tuesday,2,2023,Isi ulang pulsa dan kuota air PDAM harian,M3 Ooredoo,Utilitas,267000,Pengeluaran,0,GoPay,Online,0,Tangerang
TRX00085,2024-06-13,Thursday,6,2024,Beli snack & mie instan baru via e-commerce,Matahari,Belanja,45000,Pengeluaran,0,Mandiri,Online,0,Surabaya
TRX00086,2024-05-09,Thursday,5,2024,Beli bensin e-toll di SPBU langganan,TransJakarta,Transportasi,186000,Pengeluaran,0,DANA,Online,0,Bengkulu
TRX00087,2025-10-02,Thursday,10,2025,Beli baju kaos dan perlengkapan rumah tangga,Alfamart,Belanja,478000,Pengeluaran,0,Mandiri,Online,0,Semarang
TRX00088,2026-04-06,Monday,4,2026,Mampir minimarket beli minyak goreng stok mingguan,Lazada,Belanja,1152000,Pengeluaran,0,DANA,Online,0,Semarang
TRX00089,2024-09-19,Thursday,9,2024,Beli casing hp dan perlengkapan rumah tangga,Indomaret,Belanja,269000,Pengeluaran,0,BRI,Online,0,Medan
TRX00090,2024-03-19,Tuesday,3,2024,Beli tiket e-toll pulang pergi luar kota,KCI Commuter,Transportasi,162000,Pengeluaran,0,QRIS,Online,0,Surabaya
TRX00091,2024-02-02,Friday,2,2024,Beli sepatu sneaker dan perlengkapan rumah tangga,Uniqlo,Belanja,53000,Pengeluaran,0,BRI,Online,0,Semarang
TRX00092,2023-04-04,Tuesday,4,2023,Beli tiket pesawat tiket kereta api di Lion Air,Lion Air,Perjalanan,4321000,Pengeluaran,0,BNI,Online,0,Bogor
TRX00093,2023-01-26,Thursday,1,2023,Bonus kinerja dan honor freelance dari perusahaan,Client Freelance,Gaji,14664000,Pemasukan,1,BRI,Online,0,Jakarta
TRX00094,2024-06-01,Saturday,6,2024,Top up reksa dana reksa dana pasar uang di Stockbit,Stockbit,Investasi,1741000,Pengeluaran,0,DANA,Online,0,Surabaya
TRX00095,2026-03-27,Friday,3,2026,Gaji pokok bulanan dari PT Nusantara Digital,PT Nusantara Digital,Gaji,13456000,Pemasukan,1,BNI,Online,0,Medan
TRX00096,2023-08-31,Thursday,8,2023,Pembayaran paket langganan gas LPG kecepatan tinggi,XL Axiata,Utilitas,281000,Pengeluaran,0,ShopeePay,Online,0,Palembang
TRX00097,2025-07-11,Friday,7,2025,Beli perlengkapan alat tulis sertifikasi AI kuliah,Udemy,Pendidikan,1350000,Pengeluaran,0,BCA,Online,0,Malang
TRX00098,2023-07-23,Sunday,7,2023,Pembelian aset saham blue chip untuk tabungan masa depan,Bareksa,Investasi,2805000,Pengeluaran,0,BNI,Online,0,Bandung
TRX00099,2024-05-06,Monday,5,2024,Beli ayam geprek di KFC bareng teman,KFC,Makanan & Minuman,119000,Pengeluaran,0,DANA,Online,0,Semarang
TRX00100,2023-03-08,Wednesday,3,2023,Makan soto betawi pas jam istirahat kantor,Chatime,Makanan & Minuman,190000,Pengeluaran,0,Tunai,Offline,1,Semarang
TRX00101,2026-07-04,Saturday,7,2026,Penerimaan honor freelance masuk ke rekening utama,PT Teknologi Karya,Gaji,10866000,Pemasukan,1,BRI,Online,0,Depok
TRX00102,2024-06-28,Friday,6,2024,Bayar konsultasi dokter dan beli obat flu & pusing,Kimia Farma,Kesehatan,841000,Pengeluaran,0,QRIS,Online,0,Yogyakarta
TRX00103,2023-09-12,Tuesday,9,2023,Pelunasan iuran pulsa HP biar aliran tetap lancar,Telkomsel,Utilitas,562000,Pengeluaran,0,ShopeePay,Online,0,Yogyakarta
TRX00104,2025-06-15,Sunday,6,2025,Checkout mie ayam promo diskon sore hari,Gacoan,Makanan & Minuman,169000,Pengeluaran,0,BNI,Online,0,Medan
TRX00105,2026-03-24,Tuesday,3,2026,Pencairan honor insentif proyek proyek freelance,PT Nusantara Digital,Gaji,4818000,Pemasukan,1,BRI,Online,0,Yogyakarta
TRX00106,2025-11-28,Friday,11,2025,Pencairan honor bonus tahunan proyek freelance,PT Sukses Bersama,Gaji,17783000,Pemasukan,1,DANA,Online,0,Surabaya
TRX00107,2025-08-20,Wednesday,8,2025,Pengeluaran bulanan beli minyak goreng di Uniqlo,Uniqlo,Belanja,239000,Pengeluaran,0,GoPay,Online,0,Palembang
TRX00108,2025-10-11,Saturday,10,2025,Mampir minimarket beli detergen & sabun stok mingguan,Hypermart,Belanja,205000,Pengeluaran,0,GoPay,Online,0,Surabaya
TRX00109,2025-04-07,Monday,4,2025,Langganan fitur premium film bioskop XXI bulanan,DuFan,Hiburan,266000,Pengeluaran,0,OVO,Online,0,Jakarta
TRX00110,2024-01-20,Saturday,1,2024,Bayar tagihan pulsa HP bulanan rumah tangga,Pertagas,Utilitas,258000,Pengeluaran,0,QRIS,Online,0,Denpasar
TRX00111,2023-09-26,Tuesday,9,2023,Beli buku buku novel & komik di Coursera,Coursera,Pendidikan,218000,Pengeluaran,0,Mandiri,Online,0,Bekasi
TRX00112,2023-11-21,Tuesday,11,2023,Belanja kebutuhan harian roti sobek di Alfamart,Alfamart,Belanja,485000,Pengeluaran,0,BNI,Online,0,Yogyakarta
TRX00113,2023-08-29,Tuesday,8,2023,Transfer honor freelance atas hasil kerja keras sebulan,PT Teknologi Karya,Gaji,12459000,Pemasukan,1,OVO,Online,0,Bogor
TRX00114,2025-09-15,Monday,9,2025,Beli tiket pesawat villa pantai di Tiket.com,Tiket.com,Perjalanan,3442000,Pengeluaran,0,Mandiri,Online,0,Depok
TRX00115,2026-05-12,Tuesday,5,2026,Pelunasan iuran listrik PLN biar aliran tetap lancar,Indihome,Utilitas,474000,Pengeluaran,0,GoPay,Online,0,Depok
TRX00116,2025-11-05,Wednesday,11,2025,Pengeluaran bulanan beli snack & mie instan di Alfamart,Alfamart,Belanja,636000,Pengeluaran,0,DANA,Online,0,Bogor
TRX00117,2023-11-01,Wednesday,11,2023,Beli minyak goreng dan perlengkapan rumah tangga,Blibli,Belanja,1155000,Pengeluaran,0,OVO,Online,0,Yogyakarta
TRX00118,2024-10-21,Monday,10,2024,Langganan fitur premium Netflix 1 bulan bulanan,PlayStation Store,Hiburan,226000,Pengeluaran,0,Mandiri,Online,0,Bogor
TRX00119,2025-04-21,Monday,4,2025,Makan malam mie ayam bareng keluarga,Kopi Kenangan,Makanan & Minuman,184000,Pengeluaran,0,BRI,Online,0,Yogyakarta
TRX00120,2023-03-17,Friday,3,2023,Makan boba tea pas jam istirahat kantor,Sederhana,Makanan & Minuman,238000,Pengeluaran,0,BNI,Online,0,Denpasar
TRX00121,2025-07-24,Thursday,7,2025,Pesan mie ayam via aplikasi pesan antar makanan,McDonalds,Makanan & Minuman,34000,Pengeluaran,0,QRIS,Online,0,Makassar
TRX00122,2026-06-30,Tuesday,6,2026,Sewa kendaraan tiket KRL untuk perjalanan harian,Grab,Transportasi,146000,Pengeluaran,0,OVO,Online,0,Makassar
TRX00123,2026-07-07,Tuesday,7,2026,Bayar ongkos e-toll berangkat kerja di TransJakarta,TransJakarta,Transportasi,168000,Pengeluaran,0,BNI,Online,0,Medan
TRX00124,2026-07-16,Thursday,7,2026,Penerimaan bonus tahunan masuk ke rekening utama,PT Sukses Bersama,Gaji,17720000,Pemasukan,1,BNI,Online,0,Tangerang
TRX00125,2026-07-21,Tuesday,7,2026,Beli bensin taksi online di SPBU langganan,Grab,Transportasi,187000,Pengeluaran,0,QRIS,Online,0,Depok
TRX00126,2023-03-01,Wednesday,3,2023,Checkout sate ayam promo diskon sore hari,Gacoan,Makanan & Minuman,110000,Pengeluaran,0,Mandiri,Online,0,Denpasar
TRX00127,2025-04-23,Wednesday,4,2025,Beli token air PDAM prabayar via m-banking,Indihome,Utilitas,130000,Pengeluaran,0,OVO,Online,0,Malang
TRX00128,2024-05-08,Wednesday,5,2024,Isi ulang pulsa dan kuota air PDAM harian,Indihome,Utilitas,310000,Pengeluaran,0,DANA,Online,0,Semarang
TRX00129,2023-01-20,Friday,1,2023,Langganan fitur premium game Steam bulanan,Netflix,Hiburan,110000,Pengeluaran,0,BNI,Online,0,Yogyakarta
TRX00130,2024-12-08,Sunday,12,2024,Sewa akomodasi perjalanan villa pantai luar kota,Agoda,Perjalanan,4042000,Pengeluaran,0,QRIS,Online,0,Medan
TRX00131,2025-02-26,Wednesday,2,2025,Beli tiket masuk Netflix 1 bulan sama teman-teman,CGV,Hiburan,322000,Pengeluaran,0,GoPay,Online,0,Malang
TRX00132,2024-08-28,Wednesday,8,2024,Reservasi paket tur dan liburan hotel & resort,Agoda,Perjalanan,2548000,Pengeluaran,0,BCA,Online,0,Malang
TRX00133,2023-04-11,Tuesday,4,2023,Pembayaran UKT semesteran buku novel & komik,Penerbit Erlangga,Pendidikan,3277000,Pengeluaran,0,Mandiri,Online,0,Malang
TRX00134,2024-12-22,Sunday,12,2024,Mampir beli pizza sama minuman segar,Bakso Pak Kumis,Makanan & Minuman,188000,Pengeluaran,0,BRI,Online,0,Bengkulu
TRX00135,2023-07-18,Tuesday,7,2023,Pembayaran UKT semesteran buku koding Python,Penerbit Erlangga,Pendidikan,3330000,Pengeluaran,0,DANA,Online,0,Jakarta
TRX00136,2026-04-01,Wednesday,4,2026,Beli baju kaos dan perlengkapan rumah tangga,Tokopedia,Belanja,694000,Pengeluaran,0,BRI,Online,0,Medan
TRX00137,2023-09-28,Thursday,9,2023,Beli masker dan minyak kayu putih untuk stok rumah,Halodoc,Kesehatan,309000,Pengeluaran,0,QRIS,Online,0,Depok
TRX00138,2025-09-13,Saturday,9,2025,Top up reksa dana aset kripto di Ajaib,Ajaib,Investasi,2018000,Pengeluaran,0,BNI,Online,0,Bandung
TRX00139,2024-04-07,Sunday,4,2024,Langganan fitur premium Spotify Premium bulanan,PlayStation Store,Hiburan,217000,Pengeluaran,0,BNI,Online,0,Tangerang
TRX00140,2025-03-19,Wednesday,3,2025,Jajanan bakso urat pas nongkrong malam minggu,Mixue,Makanan & Minuman,109000,Pengeluaran,0,QRIS,Online,0,Malang
TRX00141,2025-02-19,Wednesday,2,2025,Bayar konsultasi dokter dan beli obat flu & pusing,Halodoc,Kesehatan,512000,Pengeluaran,0,Tunai,Offline,1,Depok
TRX00142,2026-02-23,Monday,2,2026,Pengeluaran bulanan beli casing hp di Matahari,Matahari,Belanja,154000,Pengeluaran,0,DANA,Online,0,Depok
TRX00143,2024-09-10,Tuesday,9,2024,Penerimaan bonus tahunan masuk ke rekening utama,PT Nusantara Digital,Gaji,4719000,Pemasukan,1,QRIS,Online,0,Yogyakarta
TRX00144,2023-08-26,Saturday,8,2023,Makan malam ayam geprek bareng keluarga,Mixue,Makanan & Minuman,131000,Pengeluaran,0,ShopeePay,Online,0,Palembang
TRX00145,2026-04-17,Friday,4,2026,Sewa kendaraan taksi online untuk perjalanan harian,Maxim,Transportasi,35000,Pengeluaran,0,DANA,Online,0,Malang
TRX00146,2025-04-15,Tuesday,4,2025,Pembayaran UKT semesteran buku koding Python,Udemy,Pendidikan,989000,Pengeluaran,0,DANA,Online,0,Yogyakarta
TRX00147,2024-04-28,Sunday,4,2024,Langganan fitur premium game Steam bulanan,CGV,Hiburan,360000,Pengeluaran,0,GoPay,Online,0,Jakarta
TRX00148,2025-03-26,Wednesday,3,2025,Belanja kebutuhan harian tas punggung di Indomaret,Indomaret,Belanja,459000,Pengeluaran,0,BCA,Online,0,Jakarta
TRX00149,2024-11-14,Thursday,11,2024,Bayar sarapan pizza di warung langganan,McDonalds,Makanan & Minuman,32000,Pengeluaran,0,ShopeePay,Online,0,Medan
TRX00150,2026-04-15,Wednesday,4,2026,Pesan boba tea via aplikasi pesan antar makanan,Bakso Pak Kumis,Makanan & Minuman,216000,Pengeluaran,0,BCA,Online,0,Semarang
TRX00151,2023-10-24,Tuesday,10,2023,Beli tiket pesawat tiket kereta api di Lion Air,Lion Air,Perjalanan,1200000,Pengeluaran,0,BCA,Online,0,Bandung
TRX00152,2023-01-31,Tuesday,1,2023,Belanja kebutuhan harian minyak goreng di Shopee,Shopee,Belanja,381000,Pengeluaran,0,BRI,Online,0,Bekasi
TRX00153,2025-05-12,Monday,5,2025,Isi ulang pulsa dan kuota pulsa HP harian,PDAM,Utilitas,420000,Pengeluaran,0,ShopeePay,Online,0,Malang
TRX00154,2023-08-12,Saturday,8,2023,Bayar tagihan gas LPG bulanan rumah tangga,Biznet,Utilitas,583000,Pengeluaran,0,QRIS,Online,0,Yogyakarta
TRX00155,2023-03-05,Sunday,3,2023,Makan malam mie ayam bareng keluarga,Kopi Kenangan,Makanan & Minuman,190000,Pengeluaran,0,Tunai,Offline,1,Bekasi
TRX00156,2025-06-27,Friday,6,2025,Pesan boba tea via aplikasi pesan antar makanan,KFC,Makanan & Minuman,31000,Pengeluaran,0,Tunai,Offline,1,Malang
TRX00157,2026-07-20,Monday,7,2026,Pencairan honor honor freelance proyek freelance,PT Sukses Bersama,Gaji,13163000,Pemasukan,1,DANA,Online,0,Denpasar
TRX00158,2026-05-24,Sunday,5,2026,Mampir minimarket beli casing hp stok mingguan,Indomaret,Belanja,949000,Pengeluaran,0,OVO,Online,0,Makassar
TRX00159,2025-07-17,Thursday,7,2025,Mampir minimarket beli minyak goreng stok mingguan,Indomaret,Belanja,665000,Pengeluaran,0,GoPay,Online,0,Bandung
TRX00160,2025-08-29,Friday,8,2025,Makan malam bakso urat bareng keluarga,KFC,Makanan & Minuman,39000,Pengeluaran,0,GoPay,Online,0,Tangerang
TRX00161,2023-09-24,Sunday,9,2023,Isi ulang pulsa dan kuota listrik PLN harian,M3 Ooredoo,Utilitas,412000,Pengeluaran,0,OVO,Online,0,Bogor
TRX00162,2023-04-16,Sunday,4,2023,Pembelian aset aset kripto untuk tabungan masa depan,Pintu,Investasi,524000,Pengeluaran,0,ShopeePay,Online,0,Medan
TRX00163,2023-11-13,Monday,11,2023,Transfer gaji pokok atas hasil kerja keras sebulan,PT Teknologi Karya,Gaji,15544000,Pemasukan,1,BNI,Online,0,Tangerang
TRX00164,2024-07-24,Wednesday,7,2024,Pencairan honor payroll bulanan proyek freelance,Client Freelance,Gaji,4360000,Pemasukan,1,QRIS,Online,0,Jakarta
TRX00165,2024-01-05,Friday,1,2024,Beli minyak goreng dan perlengkapan rumah tangga,Superindo,Belanja,37000,Pengeluaran,0,Tunai,Offline,1,Bandung
TRX00166,2026-03-05,Thursday,3,2026,Penerimaan bonus tahunan masuk ke rekening utama,PT Nusantara Digital,Gaji,6506000,Pemasukan,1,ShopeePay,Online,0,Medan
TRX00167,2025-02-09,Sunday,2,2025,Beli sepatu sneaker dan perlengkapan rumah tangga,Uniqlo,Belanja,663000,Pengeluaran,0,BNI,Online,0,Depok
TRX00168,2023-04-18,Tuesday,4,2023,Makan nasi goreng pas jam istirahat kantor,Sederhana,Makanan & Minuman,84000,Pengeluaran,0,OVO,Online,0,Yogyakarta
TRX00169,2026-05-28,Thursday,5,2026,Beli titipan casing hp pakai voucher belanja,Superindo,Belanja,1074000,Pengeluaran,0,Tunai,Offline,1,Palembang
TRX00170,2023-08-16,Wednesday,8,2023,Beli tas punggung baru via e-commerce,Matahari,Belanja,656000,Pengeluaran,0,Tunai,Offline,1,Palembang
TRX00171,2026-05-12,Tuesday,5,2026,Bayar sarapan sate ayam di warung langganan,Bakso Pak Kumis,Makanan & Minuman,211000,Pengeluaran,0,Tunai,Offline,1,Semarang
TRX00172,2024-08-15,Thursday,8,2024,Pengeluaran bulanan beli tas punggung di Alfamart,Alfamart,Belanja,906000,Pengeluaran,0,Tunai,Offline,1,Palembang
TRX00173,2025-12-26,Friday,12,2025,Top up saldo kartu e-money untuk ojek online,MyPertamina,Transportasi,199000,Pengeluaran,0,BCA,Online,0,Palembang
TRX00174,2023-02-08,Wednesday,2,2023,Pembayaran paket langganan wifi internet kecepatan tinggi,PDAM,Utilitas,489000,Pengeluaran,0,OVO,Online,0,Bekasi
TRX00175,2025-05-05,Monday,5,2025,Beli detergen & sabun dan perlengkapan rumah tangga,Hypermart,Belanja,376000,Pengeluaran,0,DANA,Online,0,Bogor
TRX00176,2025-01-11,Saturday,1,2025,Makan malam kopi susu bareng keluarga,KFC,Makanan & Minuman,165000,Pengeluaran,0,BNI,Online,0,Palembang
TRX00177,2024-09-27,Friday,9,2024,Beli bensin tiket KRL di SPBU langganan,KAI,Transportasi,29000,Pengeluaran,0,ShopeePay,Online,0,Bengkulu
TRX00178,2023-08-22,Tuesday,8,2023,Pelunasan iuran wifi internet biar aliran tetap lancar,Biznet,Utilitas,201000,Pengeluaran,0,Mandiri,Online,0,Surabaya
TRX00179,2023-10-27,Friday,10,2023,Beli titipan sepatu sneaker pakai voucher belanja,Tokopedia,Belanja,179000,Pengeluaran,0,Tunai,Offline,1,Tangerang
TRX00180,2026-07-10,Friday,7,2026,Bayar rekening gas LPG tepat waktu di Pertagas,Pertagas,Utilitas,380000,Pengeluaran,0,GoPay,Online,0,Bandung
TRX00181,2025-06-19,Thursday,6,2025,Mampir beli sate ayam sama minuman segar,Kopi Kenangan,Makanan & Minuman,166000,Pengeluaran,0,Tunai,Offline,1,Denpasar
TRX00182,2023-06-01,Thursday,6,2023,Belanja kebutuhan harian detergen & sabun di Blibli,Blibli,Belanja,780000,Pengeluaran,0,BNI,Online,0,Bengkulu
TRX00183,2023-07-04,Tuesday,7,2023,Bonus kinerja dan honor freelance dari perusahaan,Bank Central,Gaji,4844000,Pemasukan,1,DANA,Online,0,Depok
TRX00184,2026-03-16,Monday,3,2026,Bonus kinerja dan payroll bulanan dari perusahaan,PT Sukses Bersama,Gaji,19928000,Pemasukan,1,BRI,Online,0,Jakarta
TRX00185,2025-07-11,Friday,7,2025,Pesan bakso urat via aplikasi pesan antar makanan,Warung Makan,Makanan & Minuman,25000,Pengeluaran,0,Tunai,Offline,1,Yogyakarta
TRX00186,2025-06-18,Wednesday,6,2025,Pelunasan iuran wifi internet biar aliran tetap lancar,Indihome,Utilitas,339000,Pengeluaran,0,OVO,Online,0,Palembang
TRX00187,2024-11-23,Saturday,11,2024,Penerimaan insentif proyek masuk ke rekening utama,PT Nusantara Digital,Gaji,14303000,Pemasukan,1,BNI,Online,0,Denpasar
TRX00188,2025-03-02,Sunday,3,2025,Beli sepatu sneaker dan perlengkapan rumah tangga,Matahari,Belanja,191000,Pengeluaran,0,BRI,Online,0,Depok
TRX00189,2024-12-17,Tuesday,12,2024,Beli sepatu sneaker baru via e-commerce,Hypermart,Belanja,198000,Pengeluaran,0,OVO,Online,0,Bengkulu
TRX00190,2024-11-03,Sunday,11,2024,Beli resep minyak kayu putih dan vitamin di Guardian,Guardian,Kesehatan,691000,Pengeluaran,0,ShopeePay,Online,0,Makassar
TRX00191,2023-02-07,Tuesday,2,2023,Beli casing hp dan perlengkapan rumah tangga,Tokopedia,Belanja,1020000,Pengeluaran,0,Tunai,Offline,1,Bandung
TRX00192,2023-11-14,Tuesday,11,2023,Beli burger di KFC bareng teman,KFC,Makanan & Minuman,184000,Pengeluaran,0,BRI,Online,0,Malang
TRX00193,2025-02-10,Monday,2,2025,Pesan pizza via aplikasi pesan antar makanan,McDonalds,Makanan & Minuman,199000,Pengeluaran,0,OVO,Online,0,Makassar
TRX00194,2024-05-01,Wednesday,5,2024,Alokasi investasi berkala aset kripto,Pintu,Investasi,1058000,Pengeluaran,0,ShopeePay,Online,0,Medan
TRX00195,2024-09-25,Wednesday,9,2024,Pembelian aset saham blue chip untuk tabungan masa depan,Stockbit,Investasi,2878000,Pengeluaran,0,DANA,Online,0,Yogyakarta
TRX00196,2024-07-31,Wednesday,7,2024,Beli bensin bensin Pertamax di SPBU langganan,Bluebird,Transportasi,164000,Pengeluaran,0,BRI,Online,0,Bogor
TRX00197,2024-05-27,Monday,5,2024,Makan boba tea pas jam istirahat kantor,Kopi Kenangan,Makanan & Minuman,197000,Pengeluaran,0,BNI,Online,0,Semarang
TRX00198,2023-06-21,Wednesday,6,2023,Beli tiket taksi online pulang pergi luar kota,KCI Commuter,Transportasi,47000,Pengeluaran,0,OVO,Online,0,Surabaya
TRX00199,2024-03-30,Saturday,3,2024,Tebus resep obat obat flu & pusing di apotek langganan,Halodoc,Kesehatan,84000,Pengeluaran,0,GoPay,Online,0,Medan
TRX00200,2025-03-01,Saturday,3,2025,Booking penginapan dan hotel tiket pesawat liburan,Agoda,Perjalanan,2910000,Pengeluaran,0,BNI,Online,0,Bogor
TRX00201,2024-11-17,Sunday,11,2024,Beli perlengkapan obat flu & pusing dan obat flu,Apotek K-24,Kesehatan,513000,Pengeluaran,0,BRI,Online,0,Tangerang
TRX00202,2025-08-18,Monday,8,2025,Belanja kebutuhan harian baju kaos di Alfamart,Alfamart,Belanja,549000,Pengeluaran,0,Tunai,Offline,1,Bandung
TRX00203,2026-01-28,Wednesday,1,2026,Top up reksa dana obligasi negara di Pintu,Pintu,Investasi,1280000,Pengeluaran,0,Mandiri,Online,0,Semarang
TRX00204,2023-09-07,Thursday,9,2023,Jajanan pizza pas nongkrong malam minggu,Solaria,Makanan & Minuman,31000,Pengeluaran,0,Tunai,Offline,1,Depok
TRX00205,2025-10-20,Monday,10,2025,Pencairan honor payroll bulanan proyek freelance,PT Nusantara Digital,Gaji,11427000,Pemasukan,1,BRI,Online,0,Semarang
TRX00206,2025-05-29,Thursday,5,2025,Makan malam kopi susu bareng keluarga,Warung Makan,Makanan & Minuman,62000,Pengeluaran,0,BNI,Online,0,Denpasar
TRX00207,2025-01-08,Wednesday,1,2025,Beli burger di Mixue bareng teman,Mixue,Makanan & Minuman,114000,Pengeluaran,0,BCA,Online,0,Bengkulu
TRX00208,2025-03-03,Monday,3,2025,Sewa akomodasi perjalanan hotel & resort luar kota,Agoda,Perjalanan,853000,Pengeluaran,0,GoPay,Online,0,Medan
TRX00209,2026-07-10,Friday,7,2026,Pesan boba tea via aplikasi pesan antar makanan,Sederhana,Makanan & Minuman,26000,Pengeluaran,0,GoPay,Online,0,Bogor
TRX00210,2023-12-25,Monday,12,2023,Tebus resep obat suplemen imun di apotek langganan,Guardian,Kesehatan,676000,Pengeluaran,0,Tunai,Offline,1,Bandung
TRX00211,2023-05-10,Wednesday,5,2023,Pesan kendaraan online ojek online pas hujan,TransJakarta,Transportasi,61000,Pengeluaran,0,BCA,Online,0,Tangerang
TRX00212,2024-02-13,Tuesday,2,2024,Langganan fitur premium game Steam bulanan,Spotify,Hiburan,233000,Pengeluaran,0,ShopeePay,Online,0,Yogyakarta
TRX00213,2024-06-02,Sunday,6,2024,Checkout sate ayam promo diskon sore hari,Bakso Pak Kumis,Makanan & Minuman,235000,Pengeluaran,0,GoPay,Online,0,Semarang
TRX00214,2023-09-12,Tuesday,9,2023,Tebus resep obat suplemen imun di apotek langganan,Alodokter,Kesehatan,425000,Pengeluaran,0,BRI,Online,0,Yogyakarta
TRX00215,2025-10-15,Wednesday,10,2025,Beli titipan snack & mie instan pakai voucher belanja,Lazada,Belanja,194000,Pengeluaran,0,BNI,Online,0,Palembang
TRX00216,2026-05-18,Monday,5,2026,Sewa akomodasi perjalanan tiket kereta api luar kota,Tiket.com,Perjalanan,1140000,Pengeluaran,0,BNI,Online,0,Makassar
TRX00217,2024-08-28,Wednesday,8,2024,Checkout roti sobek pas diskon tanggal kembar,Matahari,Belanja,934000,Pengeluaran,0,BCA,Online,0,Bekasi
TRX00218,2024-12-23,Monday,12,2024,Penerimaan insentif proyek masuk ke rekening utama,Client Freelance,Gaji,5958000,Pemasukan,1,OVO,Online,0,Makassar
TRX00219,2025-11-16,Sunday,11,2025,Beli resep vitamin C dan vitamin di Guardian,Guardian,Kesehatan,176000,Pengeluaran,0,DANA,Online,0,Jakarta
TRX00220,2023-09-16,Saturday,9,2023,Makan malam boba tea bareng keluarga,Warung Makan,Makanan & Minuman,160000,Pengeluaran,0,Tunai,Offline,1,Bandung
TRX00221,2025-07-10,Thursday,7,2025,Top up reksa dana obligasi negara di Ajaib,Ajaib,Investasi,2450000,Pengeluaran,0,BRI,Online,0,Denpasar
TRX00222,2025-01-21,Tuesday,1,2025,Belanja kebutuhan harian casing hp di Superindo,Superindo,Belanja,78000,Pengeluaran,0,DANA,Online,0,Denpasar
TRX00223,2025-03-03,Monday,3,2025,Pembayaran UKT semesteran UKT kuliah,Gramedia,Pendidikan,2983000,Pengeluaran,0,DANA,Online,0,Medan
TRX00224,2026-06-07,Sunday,6,2026,Belanja kebutuhan harian casing hp di Blibli,Blibli,Belanja,302000,Pengeluaran,0,DANA,Online,0,Bandung
TRX00225,2025-06-30,Monday,6,2025,Sewa akomodasi perjalanan tiket kereta api luar kota,KAI Access,Perjalanan,831000,Pengeluaran,0,ShopeePay,Online,0,Denpasar
TRX00226,2024-08-17,Saturday,8,2024,Bayar langganan bulanan Netflix 1 bulan streaming,DuFan,Hiburan,436000,Pengeluaran,0,GoPay,Online,0,Denpasar
TRX00227,2024-04-04,Thursday,4,2024,Bayar sarapan ayam geprek di warung langganan,Bakso Pak Kumis,Makanan & Minuman,217000,Pengeluaran,0,GoPay,Online,0,Denpasar
TRX00228,2026-03-18,Wednesday,3,2026,Beli sepatu sneaker baru via e-commerce,Lazada,Belanja,201000,Pengeluaran,0,Tunai,Offline,1,Palembang
TRX00229,2025-09-07,Sunday,9,2025,Bayar tagihan gas LPG bulanan rumah tangga,XL Axiata,Utilitas,178000,Pengeluaran,0,GoPay,Online,0,Bengkulu
TRX00230,2023-06-01,Thursday,6,2023,Checkout minyak goreng pas diskon tanggal kembar,Lazada,Belanja,1154000,Pengeluaran,0,BRI,Online,0,Tangerang
TRX00231,2023-09-22,Friday,9,2023,Beli baju kaos baru via e-commerce,Alfamart,Belanja,338000,Pengeluaran,0,BRI,Online,0,Makassar
TRX00232,2024-04-06,Saturday,4,2024,Beli titipan snack & mie instan pakai voucher belanja,Lazada,Belanja,186000,Pengeluaran,0,ShopeePay,Online,0,Semarang
TRX00233,2023-09-14,Thursday,9,2023,Penerimaan payroll bulanan masuk ke rekening utama,Bank Central,Gaji,19968000,Pemasukan,1,BRI,Online,0,Malang
TRX00234,2026-04-04,Saturday,4,2026,Checkout pizza promo diskon sore hari,Sederhana,Makanan & Minuman,230000,Pengeluaran,0,BCA,Online,0,Bogor
TRX00235,2023-02-28,Tuesday,2,2023,Bayar sarapan sate ayam di warung langganan,Sederhana,Makanan & Minuman,211000,Pengeluaran,0,BCA,Online,0,Yogyakarta
TRX00236,2026-07-08,Wednesday,7,2026,Beli token pulsa HP prabayar via m-banking,Telkomsel,Utilitas,465000,Pengeluaran,0,QRIS,Online,0,Yogyakarta
TRX00237,2023-05-30,Tuesday,5,2023,Bonus kinerja dan honor freelance dari perusahaan,PT Teknologi Karya,Gaji,19367000,Pemasukan,1,DANA,Online,0,Medan
TRX00238,2024-11-27,Wednesday,11,2024,Transfer insentif proyek atas hasil kerja keras sebulan,PT Sukses Bersama,Gaji,16565000,Pemasukan,1,BRI,Online,0,Tangerang
TRX00239,2025-01-28,Tuesday,1,2025,Beli token wifi internet prabayar via m-banking,PDAM,Utilitas,527000,Pengeluaran,0,BNI,Online,0,Semarang
TRX00240,2025-07-09,Wednesday,7,2025,Mampir beli nasi goreng sama minuman segar,KFC,Makanan & Minuman,113000,Pengeluaran,0,OVO,Online,0,Medan
TRX00241,2023-11-24,Friday,11,2023,Bayar konsultasi dokter dan beli skincare & sabun cuci muka,Century,Kesehatan,811000,Pengeluaran,0,Tunai,Offline,1,Denpasar
TRX00242,2025-08-14,Thursday,8,2025,Bayar tagihan pulsa HP bulanan rumah tangga,Telkomsel,Utilitas,142000,Pengeluaran,0,OVO,Online,0,Denpasar
TRX00243,2025-07-25,Friday,7,2025,Top up reksa dana aset kripto di Bareksa,Bareksa,Investasi,307000,Pengeluaran,0,QRIS,Online,0,Yogyakarta
TRX00244,2026-05-08,Friday,5,2026,Top up voucher game Spotify Premium pas akhir pekan,PlayStation Store,Hiburan,304000,Pengeluaran,0,BCA,Online,0,Bogor
TRX00245,2023-08-09,Wednesday,8,2023,Beli titipan minyak goreng pakai voucher belanja,Superindo,Belanja,850000,Pengeluaran,0,OVO,Online,0,Jakarta
TRX00246,2026-03-13,Friday,3,2026,Pelunasan iuran gas LPG biar aliran tetap lancar,M3 Ooredoo,Utilitas,125000,Pengeluaran,0,OVO,Online,0,Denpasar
TRX00247,2025-07-11,Friday,7,2025,Sewa kendaraan e-toll untuk perjalanan harian,KCI Commuter,Transportasi,166000,Pengeluaran,0,BNI,Online,0,Bandung
TRX00248,2023-07-18,Tuesday,7,2023,Beli titipan minyak goreng pakai voucher belanja,Uniqlo,Belanja,320000,Pengeluaran,0,Tunai,Offline,1,Denpasar
TRX00249,2025-04-02,Wednesday,4,2025,Beli token listrik PLN prabayar via m-banking,PLN,Utilitas,391000,Pengeluaran,0,DANA,Online,0,Denpasar
TRX00250,2025-07-24,Thursday,7,2025,Checkout ayam geprek promo diskon sore hari,Mixue,Makanan & Minuman,171000,Pengeluaran,0,OVO,Online,0,Malang
TRX00251,2024-09-04,Wednesday,9,2024,Pencairan honor payroll bulanan proyek freelance,Bank Central,Gaji,19551000,Pemasukan,1,QRIS,Online,0,Yogyakarta
TRX00252,2023-02-04,Saturday,2,2023,Beli roti sobek baru via e-commerce,Indomaret,Belanja,655000,Pengeluaran,0,BCA,Online,0,Malang
TRX00253,2025-08-29,Friday,8,2025,Pengeluaran bulanan beli casing hp di Matahari,Matahari,Belanja,130000,Pengeluaran,0,BRI,Online,0,Denpasar
TRX00254,2026-07-12,Sunday,7,2026,Sewa kendaraan bensin Pertamax untuk perjalanan harian,Bluebird,Transportasi,72000,Pengeluaran,0,BCA,Online,0,Malang
TRX00255,2023-08-14,Monday,8,2023,Makan malam boba tea bareng keluarga,Kopi Kenangan,Makanan & Minuman,53000,Pengeluaran,0,Mandiri,Online,0,Palembang
TRX00256,2025-10-24,Friday,10,2025,Sewa kendaraan ojek online untuk perjalanan harian,TransJakarta,Transportasi,45000,Pengeluaran,0,ShopeePay,Online,0,Medan
TRX00257,2026-02-22,Sunday,2,2026,Beli roti sobek dan perlengkapan rumah tangga,Blibli,Belanja,379000,Pengeluaran,0,ShopeePay,Online,0,Makassar
TRX00258,2026-01-23,Friday,1,2026,Checkout tas punggung pas diskon tanggal kembar,Superindo,Belanja,529000,Pengeluaran,0,QRIS,Online,0,Medan
TRX00259,2024-09-01,Sunday,9,2024,Pesan kendaraan online taksi online pas hujan,KAI,Transportasi,132000,Pengeluaran,0,GoPay,Online,0,Denpasar
TRX00260,2024-07-14,Sunday,7,2024,Mampir minimarket beli roti sobek stok mingguan,Matahari,Belanja,731000,Pengeluaran,0,BRI,Online,0,Semarang
TRX00261,2023-03-28,Tuesday,3,2023,Mampir minimarket beli minyak goreng stok mingguan,Indomaret,Belanja,550000,Pengeluaran,0,Mandiri,Online,0,Medan
TRX00262,2026-01-08,Thursday,1,2026,Checkout snack & mie instan pas diskon tanggal kembar,Lazada,Belanja,248000,Pengeluaran,0,Mandiri,Online,0,Medan
TRX00263,2023-04-14,Friday,4,2023,Gaji pokok bulanan dari Bank Central,Bank Central,Gaji,5220000,Pemasukan,1,BNI,Online,0,Palembang
TRX00264,2024-11-07,Thursday,11,2024,Bayar ongkos bensin Pertamax berangkat kerja di Grab,Grab,Transportasi,150000,Pengeluaran,0,BRI,Online,0,Palembang
TRX00265,2025-09-01,Monday,9,2025,Pelunasan iuran wifi internet biar aliran tetap lancar,Biznet,Utilitas,342000,Pengeluaran,0,BCA,Online,0,Depok
TRX00266,2023-07-03,Monday,7,2023,Penerimaan payroll bulanan masuk ke rekening utama,PT Teknologi Karya,Gaji,9236000,Pemasukan,1,OVO,Online,0,Depok
TRX00267,2023-12-27,Wednesday,12,2023,Beli perlengkapan alat tulis buku novel & komik kuliah,Gramedia,Pendidikan,863000,Pengeluaran,0,QRIS,Online,0,Depok
TRX00268,2023-03-18,Saturday,3,2023,Makan pizza pas jam istirahat kantor,Sederhana,Makanan & Minuman,100000,Pengeluaran,0,ShopeePay,Online,0,Denpasar
TRX00269,2025-10-08,Wednesday,10,2025,Beli tiket masuk wahana rekreasi sama teman-teman,XXI Cinema,Hiburan,169000,Pengeluaran,0,Mandiri,Online,0,Tangerang
TRX00270,2023-08-19,Saturday,8,2023,Pengeluaran bulanan beli snack & mie instan di Blibli,Blibli,Belanja,406000,Pengeluaran,0,Tunai,Offline,1,Makassar
TRX00271,2024-08-27,Tuesday,8,2024,Pembayaran paket langganan air PDAM kecepatan tinggi,Biznet,Utilitas,465000,Pengeluaran,0,OVO,Online,0,Denpasar
TRX00272,2024-11-02,Saturday,11,2024,Pesan ayam geprek via aplikasi pesan antar makanan,KFC,Makanan & Minuman,137000,Pengeluaran,0,Mandiri,Online,0,Jakarta
TRX00273,2024-06-18,Tuesday,6,2024,Beli snack & mie instan dan perlengkapan rumah tangga,Blibli,Belanja,643000,Pengeluaran,0,BCA,Online,0,Semarang
TRX00274,2025-01-06,Monday,1,2025,Top up saldo kartu e-money untuk ojek online,Gojek,Transportasi,88000,Pengeluaran,0,BRI,Online,0,Palembang
TRX00275,2025-10-26,Sunday,10,2025,Beli buku UKT kuliah di Penerbit Erlangga,Penerbit Erlangga,Pendidikan,2716000,Pengeluaran,0,QRIS,Online,0,Makassar
TRX00276,2026-06-12,Friday,6,2026,Pesan soto betawi via aplikasi pesan antar makanan,McDonalds,Makanan & Minuman,131000,Pengeluaran,0,GoPay,Online,0,Palembang
TRX00277,2026-01-29,Thursday,1,2026,Bayar biaya kursus online kursus Data Science,Kampus Universitas,Pendidikan,2886000,Pengeluaran,0,BNI,Online,0,Denpasar
TRX00278,2025-07-03,Thursday,7,2025,Pembayaran paket langganan listrik PLN kecepatan tinggi,M3 Ooredoo,Utilitas,164000,Pengeluaran,0,BCA,Online,0,Bogor
TRX00279,2026-01-26,Monday,1,2026,Langganan platform belajar sertifikasi AI,Ruangguru,Pendidikan,713000,Pengeluaran,0,BRI,Online,0,Makassar
TRX00280,2025-12-01,Monday,12,2025,Belanja kebutuhan harian tas punggung di Shopee,Shopee,Belanja,1070000,Pengeluaran,0,BCA,Online,0,Yogyakarta
TRX00281,2023-09-28,Thursday,9,2023,Bayar tagihan gas LPG bulanan rumah tangga,Pertagas,Utilitas,523000,Pengeluaran,0,QRIS,Online,0,Bekasi
TRX00282,2023-02-14,Tuesday,2,2023,Beli casing hp baru via e-commerce,Alfamart,Belanja,174000,Pengeluaran,0,Tunai,Offline,1,Makassar
TRX00283,2023-05-11,Thursday,5,2023,Isi ulang pulsa dan kuota listrik PLN harian,PLN,Utilitas,82000,Pengeluaran,0,QRIS,Online,0,Palembang
TRX00284,2024-01-04,Thursday,1,2024,Top up saldo kartu e-money untuk tiket KRL,Bluebird,Transportasi,124000,Pengeluaran,0,OVO,Online,0,Palembang
TRX00285,2023-06-14,Wednesday,6,2023,Transfer bonus tahunan atas hasil kerja keras sebulan,Bank Central,Gaji,7387000,Pemasukan,1,BRI,Online,0,Denpasar
TRX00286,2025-03-15,Saturday,3,2025,Bayar tagihan listrik PLN bulanan rumah tangga,Biznet,Utilitas,355000,Pengeluaran,0,DANA,Online,0,Bengkulu
TRX00287,2026-01-20,Tuesday,1,2026,Checkout casing hp pas diskon tanggal kembar,Hypermart,Belanja,968000,Pengeluaran,0,QRIS,Online,0,Medan
TRX00288,2023-08-20,Sunday,8,2023,Beli pizza di Solaria bareng teman,Solaria,Makanan & Minuman,76000,Pengeluaran,0,Tunai,Offline,1,Surabaya
TRX00289,2026-05-01,Friday,5,2026,Bayar sarapan nasi goreng di warung langganan,Sederhana,Makanan & Minuman,204000,Pengeluaran,0,Tunai,Offline,1,Yogyakarta
TRX00290,2024-04-24,Wednesday,4,2024,Pembayaran paket langganan air PDAM kecepatan tinggi,PLN,Utilitas,346000,Pengeluaran,0,Mandiri,Online,0,Bogor
TRX00291,2026-03-25,Wednesday,3,2026,Checkout minyak goreng pas diskon tanggal kembar,Matahari,Belanja,643000,Pengeluaran,0,ShopeePay,Online,0,Medan
TRX00292,2025-04-26,Saturday,4,2025,Pengeluaran bulanan beli sepatu sneaker di Alfamart,Alfamart,Belanja,899000,Pengeluaran,0,BCA,Online,0,Makassar
TRX00293,2025-02-19,Wednesday,2,2025,Tebus resep obat suplemen imun di apotek langganan,Halodoc,Kesehatan,182000,Pengeluaran,0,BRI,Online,0,Tangerang
TRX00294,2026-01-06,Tuesday,1,2026,Bayar rekening wifi internet tepat waktu di Biznet,Biznet,Utilitas,197000,Pengeluaran,0,DANA,Online,0,Depok
TRX00295,2023-04-29,Saturday,4,2023,Pembayaran paket langganan gas LPG kecepatan tinggi,XL Axiata,Utilitas,187000,Pengeluaran,0,OVO,Online,0,Medan
TRX00296,2024-06-06,Thursday,6,2024,Checkout soto betawi promo diskon sore hari,KFC,Makanan & Minuman,38000,Pengeluaran,0,Mandiri,Online,0,Jakarta
TRX00297,2024-07-03,Wednesday,7,2024,Beli titipan detergen & sabun pakai voucher belanja,Matahari,Belanja,174000,Pengeluaran,0,Tunai,Offline,1,Tangerang
TRX00298,2026-04-18,Saturday,4,2026,Beli bensin taksi online di SPBU langganan,KAI,Transportasi,95000,Pengeluaran,0,QRIS,Online,0,Depok
TRX00299,2023-02-01,Wednesday,2,2023,Jajanan bakso urat pas nongkrong malam minggu,Bakso Pak Kumis,Makanan & Minuman,249000,Pengeluaran,0,Tunai,Offline,1,Malang
TRX00300,2024-02-23,Friday,2,2024,Beli titipan minyak goreng pakai voucher belanja,Shopee,Belanja,604000,Pengeluaran,0,ShopeePay,Online,0,Bengkulu
TRX00301,2025-01-05,Sunday,1,2025,Mampir minimarket beli tas punggung stok mingguan,Uniqlo,Belanja,226000,Pengeluaran,0,DANA,Online,0,Tangerang
TRX00302,2024-10-17,Thursday,10,2024,Beli perlengkapan alat tulis UKT kuliah kuliah,Udemy,Pendidikan,287000,Pengeluaran,0,Mandiri,Online,0,Bekasi
TRX00303,2023-10-26,Thursday,10,2023,Makan malam pizza bareng keluarga,Mixue,Makanan & Minuman,90000,Pengeluaran,0,Tunai,Offline,1,Makassar
TRX00304,2024-04-16,Tuesday,4,2024,Beli tas punggung baru via e-commerce,Shopee,Belanja,716000,Pengeluaran,0,DANA,Online,0,Bekasi
TRX00305,2025-10-01,Wednesday,10,2025,Beli token air PDAM prabayar via m-banking,M3 Ooredoo,Utilitas,550000,Pengeluaran,0,BRI,Online,0,Depok
TRX00306,2026-01-15,Thursday,1,2026,Booking penginapan dan hotel hotel & resort liburan,Traveloka,Perjalanan,697000,Pengeluaran,0,BCA,Online,0,Palembang
TRX00307,2023-10-09,Monday,10,2023,Bayar konsultasi dokter dan beli obat flu & pusing,Apotek K-24,Kesehatan,39000,Pengeluaran,0,Tunai,Offline,1,Yogyakarta
TRX00308,2025-02-03,Monday,2,2025,Jajanan soto betawi pas nongkrong malam minggu,Sederhana,Makanan & Minuman,19000,Pengeluaran,0,Tunai,Offline,1,Denpasar
TRX00309,2025-04-22,Tuesday,4,2025,Mampir beli sate ayam sama minuman segar,Mixue,Makanan & Minuman,19000,Pengeluaran,0,OVO,Online,0,Tangerang
TRX00310,2024-01-03,Wednesday,1,2024,Pesan burger via aplikasi pesan antar makanan,KFC,Makanan & Minuman,76000,Pengeluaran,0,Tunai,Offline,1,Denpasar
TRX00311,2024-05-31,Friday,5,2024,Beli resep suplemen imun dan vitamin di Halodoc,Halodoc,Kesehatan,412000,Pengeluaran,0,DANA,Online,0,Malang
TRX00312,2024-05-13,Monday,5,2024,Booking penginapan dan hotel tiket kereta api liburan,Tiket.com,Perjalanan,559000,Pengeluaran,0,BNI,Online,0,Palembang
TRX00313,2025-02-15,Saturday,2,2025,Pengeluaran bulanan beli detergen & sabun di Blibli,Blibli,Belanja,44000,Pengeluaran,0,BNI,Online,0,Yogyakarta
TRX00314,2025-06-07,Saturday,6,2025,Penerimaan payroll bulanan masuk ke rekening utama,PT Sukses Bersama,Gaji,4894000,Pemasukan,1,Mandiri,Online,0,Medan
TRX00315,2026-03-06,Friday,3,2026,Bayar rekening listrik PLN tepat waktu di PLN,PLN,Utilitas,337000,Pengeluaran,0,ShopeePay,Online,0,Malang
TRX00316,2023-03-09,Thursday,3,2023,Bayar sarapan nasi goreng di warung langganan,Warung Makan,Makanan & Minuman,165000,Pengeluaran,0,Tunai,Offline,1,Bogor
TRX00317,2025-03-26,Wednesday,3,2025,Langganan platform belajar kursus Data Science,Udemy,Pendidikan,1084000,Pengeluaran,0,OVO,Online,0,Bengkulu
TRX00318,2026-01-12,Monday,1,2026,Beli baju kaos baru via e-commerce,Tokopedia,Belanja,733000,Pengeluaran,0,Tunai,Offline,1,Palembang
TRX00319,2024-04-20,Saturday,4,2024,Beli masker dan minyak kayu putih untuk stok rumah,Halodoc,Kesehatan,639000,Pengeluaran,0,GoPay,Online,0,Jakarta
TRX00320,2026-07-22,Wednesday,7,2026,Checkout tas punggung pas diskon tanggal kembar,Blibli,Belanja,753000,Pengeluaran,0,OVO,Online,0,Palembang
TRX00321,2024-01-16,Tuesday,1,2024,Pencairan honor gaji pokok proyek freelance,Client Freelance,Gaji,13178000,Pemasukan,1,Mandiri,Online,0,Bekasi
TRX00322,2023-05-31,Wednesday,5,2023,Pesan mie ayam via aplikasi pesan antar makanan,McDonalds,Makanan & Minuman,204000,Pengeluaran,0,GoPay,Online,0,Surabaya
TRX00323,2023-07-07,Friday,7,2023,Checkout soto betawi promo diskon sore hari,Chatime,Makanan & Minuman,209000,Pengeluaran,0,BRI,Online,0,Surabaya
TRX00324,2024-01-19,Friday,1,2024,Belanja kebutuhan harian roti sobek di Lazada,Lazada,Belanja,78000,Pengeluaran,0,Tunai,Offline,1,Denpasar
TRX00325,2023-07-10,Monday,7,2023,Penerimaan honor freelance masuk ke rekening utama,PT Sukses Bersama,Gaji,13063000,Pemasukan,1,OVO,Online,0,Palembang
TRX00326,2023-06-23,Friday,6,2023,Beli tiket e-toll pulang pergi luar kota,KAI,Transportasi,53000,Pengeluaran,0,OVO,Online,0,Bandung
TRX00327,2023-10-12,Thursday,10,2023,Checkout tas punggung pas diskon tanggal kembar,Superindo,Belanja,154000,Pengeluaran,0,Tunai,Offline,1,Semarang
TRX00328,2025-05-12,Monday,5,2025,Beli minyak goreng dan perlengkapan rumah tangga,Indomaret,Belanja,530000,Pengeluaran,0,DANA,Online,0,Malang
TRX00329,2026-06-16,Tuesday,6,2026,Mampir beli ayam geprek sama minuman segar,KFC,Makanan & Minuman,16000,Pengeluaran,0,GoPay,Online,0,Bogor
TRX00330,2026-06-24,Wednesday,6,2026,Beli tas punggung dan perlengkapan rumah tangga,Uniqlo,Belanja,906000,Pengeluaran,0,BRI,Online,0,Semarang
TRX00331,2024-10-18,Friday,10,2024,Transfer honor freelance atas hasil kerja keras sebulan,PT Teknologi Karya,Gaji,9320000,Pemasukan,1,OVO,Online,0,Makassar
TRX00332,2024-08-19,Monday,8,2024,Beli bensin e-toll di SPBU langganan,TransJakarta,Transportasi,93000,Pengeluaran,0,OVO,Online,0,Semarang
TRX00333,2025-03-15,Saturday,3,2025,Beli casing hp baru via e-commerce,Matahari,Belanja,1142000,Pengeluaran,0,Tunai,Offline,1,Tangerang
TRX00334,2026-01-31,Saturday,1,2026,Jajanan kopi susu pas nongkrong malam minggu,Kopi Kenangan,Makanan & Minuman,219000,Pengeluaran,0,BNI,Online,0,Bogor
TRX00335,2025-04-17,Thursday,4,2025,Gaji pokok bulanan dari PT Teknologi Karya,PT Teknologi Karya,Gaji,11779000,Pemasukan,1,BRI,Online,0,Bekasi
TRX00336,2025-05-16,Friday,5,2025,Beli masker dan suplemen imun untuk stok rumah,Kimia Farma,Kesehatan,520000,Pengeluaran,0,ShopeePay,Online,0,Denpasar
TRX00337,2025-05-06,Tuesday,5,2025,Pembayaran paket langganan gas LPG kecepatan tinggi,M3 Ooredoo,Utilitas,137000,Pengeluaran,0,BNI,Online,0,Tangerang
TRX00338,2024-05-23,Thursday,5,2024,Pencairan honor bonus tahunan proyek freelance,PT Sukses Bersama,Gaji,4951000,Pemasukan,1,OVO,Online,0,Tangerang
TRX00339,2024-11-10,Sunday,11,2024,Top up reksa dana reksa dana pasar uang di Stockbit,Stockbit,Investasi,503000,Pengeluaran,0,QRIS,Online,0,Medan
TRX00340,2025-11-11,Tuesday,11,2025,Pesan kendaraan online taksi online pas hujan,KAI,Transportasi,110000,Pengeluaran,0,DANA,Online,0,Tangerang
TRX00341,2026-04-20,Monday,4,2026,Bayar ongkos tiket KRL berangkat kerja di Maxim,Maxim,Transportasi,133000,Pengeluaran,0,BNI,Online,0,Semarang
TRX00342,2025-05-01,Thursday,5,2025,Bayar biaya kursus online buku koding Python,Gramedia,Pendidikan,1526000,Pengeluaran,0,QRIS,Online,0,Makassar
TRX00343,2025-07-21,Monday,7,2025,Beli perlengkapan suplemen imun dan obat flu,Century,Kesehatan,517000,Pengeluaran,0,Tunai,Offline,1,Bekasi
TRX00344,2025-07-15,Tuesday,7,2025,Beli titipan detergen & sabun pakai voucher belanja,Superindo,Belanja,260000,Pengeluaran,0,Tunai,Offline,1,Makassar
TRX00345,2023-08-12,Saturday,8,2023,Pencairan honor bonus tahunan proyek freelance,PT Teknologi Karya,Gaji,9216000,Pemasukan,1,ShopeePay,Online,0,Bandung
TRX00346,2024-11-08,Friday,11,2024,Isi ulang pulsa dan kuota air PDAM harian,Pertagas,Utilitas,238000,Pengeluaran,0,BRI,Online,0,Bengkulu
TRX00347,2025-06-04,Wednesday,6,2025,Mampir minimarket beli casing hp stok mingguan,Matahari,Belanja,904000,Pengeluaran,0,Mandiri,Online,0,Medan
TRX00348,2024-07-24,Wednesday,7,2024,Bayar ongkos e-toll berangkat kerja di Grab,Grab,Transportasi,147000,Pengeluaran,0,BRI,Online,0,Makassar
TRX00349,2024-10-29,Tuesday,10,2024,Jajanan sate ayam pas nongkrong malam minggu,KFC,Makanan & Minuman,150000,Pengeluaran,0,GoPay,Online,0,Malang
TRX00350,2025-03-06,Thursday,3,2025,Transfer gaji pokok atas hasil kerja keras sebulan,Bank Central,Gaji,15033000,Pemasukan,1,DANA,Online,0,Malang
TRX00351,2023-12-20,Wednesday,12,2023,Beli masker dan skincare & sabun cuci muka untuk stok rumah,Guardian,Kesehatan,634000,Pengeluaran,0,Tunai,Offline,1,Bandung
TRX00352,2024-10-03,Thursday,10,2024,Pesan bakso urat via aplikasi pesan antar makanan,Chatime,Makanan & Minuman,110000,Pengeluaran,0,ShopeePay,Online,0,Palembang
TRX00353,2025-05-06,Tuesday,5,2025,Bonus kinerja dan honor freelance dari perusahaan,Bank Central,Gaji,9586000,Pemasukan,1,DANA,Online,0,Bengkulu
TRX00354,2026-01-05,Monday,1,2026,Beli bensin e-toll di SPBU langganan,Maxim,Transportasi,135000,Pengeluaran,0,QRIS,Online,0,Bandung
TRX00355,2024-01-19,Friday,1,2024,Beli titipan detergen & sabun pakai voucher belanja,Blibli,Belanja,760000,Pengeluaran,0,DANA,Online,0,Bandung
TRX00356,2024-02-04,Sunday,2,2024,Tebus resep obat minyak kayu putih di apotek langganan,Century,Kesehatan,448000,Pengeluaran,0,OVO,Online,0,Bekasi
TRX00357,2025-06-28,Saturday,6,2025,Bayar tagihan gas LPG bulanan rumah tangga,PDAM,Utilitas,275000,Pengeluaran,0,QRIS,Online,0,Jakarta
TRX00358,2024-07-16,Tuesday,7,2024,Jajanan ayam geprek pas nongkrong malam minggu,Chatime,Makanan & Minuman,159000,Pengeluaran,0,DANA,Online,0,Denpasar
TRX00359,2025-11-12,Wednesday,11,2025,Checkout sate ayam promo diskon sore hari,KFC,Makanan & Minuman,153000,Pengeluaran,0,BCA,Online,0,Tangerang
TRX00360,2025-06-22,Sunday,6,2025,Bayar rekening listrik PLN tepat waktu di XL Axiata,XL Axiata,Utilitas,303000,Pengeluaran,0,QRIS,Online,0,Bogor
TRX00361,2023-03-08,Wednesday,3,2023,Mampir minimarket beli baju kaos stok mingguan,Uniqlo,Belanja,265000,Pengeluaran,0,Mandiri,Online,0,Medan
TRX00362,2026-04-19,Sunday,4,2026,Gaji pokok bulanan dari Bank Central,Bank Central,Gaji,8062000,Pemasukan,1,Mandiri,Online,0,Bogor
TRX00363,2024-02-28,Wednesday,2,2024,Beli masker dan skincare & sabun cuci muka untuk stok rumah,Century,Kesehatan,317000,Pengeluaran,0,BRI,Online,0,Makassar
TRX00364,2024-08-22,Thursday,8,2024,Checkout baju kaos pas diskon tanggal kembar,Superindo,Belanja,867000,Pengeluaran,0,QRIS,Online,0,Bogor
TRX00365,2023-09-17,Sunday,9,2023,Beli bensin bensin Pertamax di SPBU langganan,Maxim,Transportasi,192000,Pengeluaran,0,GoPay,Online,0,Bogor
TRX00366,2024-05-21,Tuesday,5,2024,Beli bensin taksi online di SPBU langganan,Bluebird,Transportasi,157000,Pengeluaran,0,QRIS,Online,0,Bengkulu
TRX00367,2025-04-28,Monday,4,2025,Mampir minimarket beli baju kaos stok mingguan,Indomaret,Belanja,1080000,Pengeluaran,0,GoPay,Online,0,Yogyakarta
TRX00368,2025-09-26,Friday,9,2025,Pengeluaran bulanan beli baju kaos di Alfamart,Alfamart,Belanja,963000,Pengeluaran,0,GoPay,Online,0,Bogor
TRX00369,2023-05-10,Wednesday,5,2023,Tebus resep obat vitamin C di apotek langganan,Alodokter,Kesehatan,246000,Pengeluaran,0,GoPay,Online,0,Bogor
TRX00370,2024-08-03,Saturday,8,2024,Beli sepatu sneaker baru via e-commerce,Matahari,Belanja,1018000,Pengeluaran,0,BCA,Online,0,Jakarta
TRX00371,2023-07-23,Sunday,7,2023,Penerimaan gaji pokok masuk ke rekening utama,Client Freelance,Gaji,8676000,Pemasukan,1,DANA,Online,0,Yogyakarta
TRX00372,2023-01-02,Monday,1,2023,Beli tiket pesawat tiket pesawat di Garuda Indonesia,Garuda Indonesia,Perjalanan,2772000,Pengeluaran,0,BRI,Online,0,Bogor
TRX00373,2024-07-15,Monday,7,2024,Makan sate ayam pas jam istirahat kantor,Warung Makan,Makanan & Minuman,110000,Pengeluaran,0,BRI,Online,0,Jakarta
TRX00374,2025-03-22,Saturday,3,2025,Penerimaan honor freelance masuk ke rekening utama,PT Teknologi Karya,Gaji,6618000,Pemasukan,1,BCA,Online,0,Medan
TRX00375,2025-09-03,Wednesday,9,2025,Jajanan kopi susu pas nongkrong malam minggu,Sederhana,Makanan & Minuman,17000,Pengeluaran,0,Tunai,Offline,1,Makassar
TRX00376,2023-09-04,Monday,9,2023,Reservasi paket tur dan liburan tiket pesawat,Garuda Indonesia,Perjalanan,880000,Pengeluaran,0,Mandiri,Online,0,Palembang
TRX00377,2023-07-02,Sunday,7,2023,Pesan kendaraan online ojek online pas hujan,Grab,Transportasi,104000,Pengeluaran,0,QRIS,Online,0,Bandung
TRX00378,2025-02-22,Saturday,2,2025,Bayar ongkos bensin Pertamax berangkat kerja di Maxim,Maxim,Transportasi,145000,Pengeluaran,0,BCA,Online,0,Malang
TRX00379,2023-12-03,Sunday,12,2023,Mampir minimarket beli sepatu sneaker stok mingguan,Shopee,Belanja,931000,Pengeluaran,0,BNI,Online,0,Depok
TRX00380,2023-07-25,Tuesday,7,2023,Makan malam pizza bareng keluarga,KFC,Makanan & Minuman,104000,Pengeluaran,0,GoPay,Online,0,Tangerang
TRX00381,2023-10-14,Saturday,10,2023,Mampir beli kopi susu sama minuman segar,KFC,Makanan & Minuman,214000,Pengeluaran,0,BCA,Online,0,Bogor
TRX00382,2024-09-09,Monday,9,2024,Bayar sarapan burger di warung langganan,Sederhana,Makanan & Minuman,206000,Pengeluaran,0,BCA,Online,0,Tangerang
TRX00383,2024-05-05,Sunday,5,2024,Isi ulang pulsa dan kuota air PDAM harian,PDAM,Utilitas,122000,Pengeluaran,0,ShopeePay,Online,0,Depok
TRX00384,2023-01-25,Wednesday,1,2023,Reservasi paket tur dan liburan tiket pesawat,Agoda,Perjalanan,3747000,Pengeluaran,0,GoPay,Online,0,Denpasar
TRX00385,2023-12-20,Wednesday,12,2023,Beli tiket ojek online pulang pergi luar kota,Grab,Transportasi,27000,Pengeluaran,0,BCA,Online,0,Semarang
TRX00386,2024-03-17,Sunday,3,2024,Mampir beli mie ayam sama minuman segar,Gacoan,Makanan & Minuman,175000,Pengeluaran,0,OVO,Online,0,Palembang
TRX00387,2025-04-03,Thursday,4,2025,Pesan burger via aplikasi pesan antar makanan,Mixue,Makanan & Minuman,86000,Pengeluaran,0,Tunai,Offline,1,Surabaya
TRX00388,2025-11-13,Thursday,11,2025,Pembayaran UKT semesteran sertifikasi AI,Ruangguru,Pendidikan,1700000,Pengeluaran,0,BNI,Online,0,Semarang
TRX00389,2025-06-14,Saturday,6,2025,Beli bensin ojek online di SPBU langganan,KAI,Transportasi,32000,Pengeluaran,0,OVO,Online,0,Surabaya
TRX00390,2025-07-17,Thursday,7,2025,Gaji pokok bulanan dari PT Nusantara Digital,PT Nusantara Digital,Gaji,7413000,Pemasukan,1,BCA,Online,0,Bekasi
TRX00391,2023-10-09,Monday,10,2023,Pesan kendaraan online taksi online pas hujan,Maxim,Transportasi,143000,Pengeluaran,0,ShopeePay,Online,0,Tangerang
TRX00392,2024-06-14,Friday,6,2024,Makan sate ayam pas jam istirahat kantor,McDonalds,Makanan & Minuman,212000,Pengeluaran,0,GoPay,Online,0,Tangerang
TRX00393,2025-05-29,Thursday,5,2025,Pengeluaran bulanan beli snack & mie instan di Indomaret,Indomaret,Belanja,182000,Pengeluaran,0,ShopeePay,Online,0,Makassar
TRX00394,2023-04-24,Monday,4,2023,Beli token wifi internet prabayar via m-banking,Indihome,Utilitas,311000,Pengeluaran,0,BNI,Online,0,Depok
TRX00395,2026-03-21,Saturday,3,2026,Pencairan honor bonus tahunan proyek freelance,PT Nusantara Digital,Gaji,3584000,Pemasukan,1,BCA,Online,0,Bogor
TRX00396,2023-01-26,Thursday,1,2023,Makan malam boba tea bareng keluarga,Kopi Kenangan,Makanan & Minuman,250000,Pengeluaran,0,Tunai,Offline,1,Depok
TRX00397,2023-03-14,Tuesday,3,2023,Pelunasan iuran air PDAM biar aliran tetap lancar,XL Axiata,Utilitas,304000,Pengeluaran,0,OVO,Online,0,Depok
TRX00398,2024-10-17,Thursday,10,2024,Belanja kebutuhan harian minyak goreng di Indomaret,Indomaret,Belanja,1053000,Pengeluaran,0,BCA,Online,0,Bandung
TRX00399,2024-04-02,Tuesday,4,2024,Beli resep suplemen imun dan vitamin di Kimia Farma,Kimia Farma,Kesehatan,506000,Pengeluaran,0,QRIS,Online,0,Makassar
TRX00400,2023-06-26,Monday,6,2023,Beli token wifi internet prabayar via m-banking,PLN,Utilitas,348000,Pengeluaran,0,QRIS,Online,0,Bekasi
TRX00401,2026-06-29,Monday,6,2026,Jajanan pizza pas nongkrong malam minggu,Warung Makan,Makanan & Minuman,212000,Pengeluaran,0,ShopeePay,Online,0,Tangerang
TRX00402,2024-05-17,Friday,5,2024,Bayar sarapan nasi goreng di warung langganan,Solaria,Makanan & Minuman,153000,Pengeluaran,0,BCA,Online,0,Makassar
TRX00403,2023-01-03,Tuesday,1,2023,Bayar ongkos tiket KRL berangkat kerja di Bluebird,Bluebird,Transportasi,62000,Pengeluaran,0,ShopeePay,Online,0,Medan
TRX00404,2025-05-09,Friday,5,2025,Bayar rekening air PDAM tepat waktu di PLN,PLN,Utilitas,336000,Pengeluaran,0,BNI,Online,0,Jakarta
TRX00405,2024-04-19,Friday,4,2024,Top up voucher game Spotify Premium pas akhir pekan,Steam,Hiburan,264000,Pengeluaran,0,BNI,Online,0,Malang
TRX00406,2023-07-15,Saturday,7,2023,Pembayaran paket langganan listrik PLN kecepatan tinggi,XL Axiata,Utilitas,113000,Pengeluaran,0,OVO,Online,0,Bengkulu
TRX00407,2023-09-25,Monday,9,2023,Makan malam boba tea bareng keluarga,Chatime,Makanan & Minuman,194000,Pengeluaran,0,GoPay,Online,0,Makassar
TRX00408,2025-07-16,Wednesday,7,2025,Checkout casing hp pas diskon tanggal kembar,Indomaret,Belanja,248000,Pengeluaran,0,Tunai,Offline,1,Bandung
TRX00409,2025-07-09,Wednesday,7,2025,Pembayaran paket langganan listrik PLN kecepatan tinggi,XL Axiata,Utilitas,416000,Pengeluaran,0,Mandiri,Online,0,Yogyakarta
TRX00410,2024-09-23,Monday,9,2024,Beli token listrik PLN prabayar via m-banking,PDAM,Utilitas,361000,Pengeluaran,0,BCA,Online,0,Medan
TRX00411,2024-11-02,Saturday,11,2024,Makan malam boba tea bareng keluarga,Bakso Pak Kumis,Makanan & Minuman,146000,Pengeluaran,0,Tunai,Offline,1,Semarang
TRX00412,2024-06-16,Sunday,6,2024,Tebus resep obat obat flu & pusing di apotek langganan,Apotek K-24,Kesehatan,493000,Pengeluaran,0,ShopeePay,Online,0,Medan
TRX00413,2023-07-13,Thursday,7,2023,Bayar tagihan listrik PLN bulanan rumah tangga,Indihome,Utilitas,113000,Pengeluaran,0,Mandiri,Online,0,Bandung
TRX00414,2024-02-10,Saturday,2,2024,Beli masker dan obat flu & pusing untuk stok rumah,Halodoc,Kesehatan,630000,Pengeluaran,0,BNI,Online,0,Jakarta
TRX00415,2023-05-13,Saturday,5,2023,Makan ayam geprek pas jam istirahat kantor,Kopi Kenangan,Makanan & Minuman,246000,Pengeluaran,0,GoPay,Online,0,Surabaya
TRX00416,2023-03-29,Wednesday,3,2023,Alokasi investasi berkala saham blue chip,Bibit,Investasi,1717000,Pengeluaran,0,DANA,Online,0,Jakarta
TRX00417,2025-02-22,Saturday,2,2025,Gaji pokok bulanan dari PT Teknologi Karya,PT Teknologi Karya,Gaji,9632000,Pemasukan,1,QRIS,Online,0,Semarang
TRX00418,2025-07-02,Wednesday,7,2025,Langganan fitur premium wahana rekreasi bulanan,CGV,Hiburan,345000,Pengeluaran,0,Mandiri,Online,0,Bengkulu
TRX00419,2024-08-27,Tuesday,8,2024,Bayar tagihan listrik PLN bulanan rumah tangga,Pertagas,Utilitas,336000,Pengeluaran,0,OVO,Online,0,Bandung
TRX00420,2025-05-08,Thursday,5,2025,Beli kopi susu di Mixue bareng teman,Mixue,Makanan & Minuman,112000,Pengeluaran,0,GoPay,Online,0,Yogyakarta
TRX00421,2026-01-20,Tuesday,1,2026,Beli masker dan minyak kayu putih untuk stok rumah,Halodoc,Kesehatan,359000,Pengeluaran,0,BRI,Online,0,Jakarta
TRX00422,2024-10-15,Tuesday,10,2024,Penerimaan insentif proyek masuk ke rekening utama,PT Nusantara Digital,Gaji,18956000,Pemasukan,1,ShopeePay,Online,0,Makassar
TRX00423,2026-04-11,Saturday,4,2026,Beli tiket pesawat hotel & resort di Tiket.com,Tiket.com,Perjalanan,2275000,Pengeluaran,0,QRIS,Online,0,Denpasar
TRX00424,2023-04-25,Tuesday,4,2023,Top up saldo kartu e-money untuk e-toll,KAI,Transportasi,100000,Pengeluaran,0,BRI,Online,0,Bandung
TRX00425,2024-04-29,Monday,4,2024,Penerimaan payroll bulanan masuk ke rekening utama,PT Sukses Bersama,Gaji,15023000,Pemasukan,1,BRI,Online,0,Malang
TRX00426,2024-01-21,Sunday,1,2024,Beli masker dan suplemen imun untuk stok rumah,RS Siloam,Kesehatan,346000,Pengeluaran,0,Tunai,Offline,1,Jakarta
TRX00427,2023-07-04,Tuesday,7,2023,Beli kopi susu di Sederhana bareng teman,Sederhana,Makanan & Minuman,149000,Pengeluaran,0,GoPay,Online,0,Depok
TRX00428,2026-06-11,Thursday,6,2026,Pesan boba tea via aplikasi pesan antar makanan,McDonalds,Makanan & Minuman,250000,Pengeluaran,0,GoPay,Online,0,Jakarta
TRX00429,2023-02-14,Tuesday,2,2023,Checkout bakso urat promo diskon sore hari,McDonalds,Makanan & Minuman,33000,Pengeluaran,0,OVO,Online,0,Malang
TRX00430,2023-07-26,Wednesday,7,2023,Checkout sepatu sneaker pas diskon tanggal kembar,Uniqlo,Belanja,919000,Pengeluaran,0,DANA,Online,0,Bengkulu
TRX00431,2024-10-11,Friday,10,2024,Checkout pizza promo diskon sore hari,Mixue,Makanan & Minuman,72000,Pengeluaran,0,BRI,Online,0,Palembang
TRX00432,2024-09-20,Friday,9,2024,Beli bensin bensin Pertamax di SPBU langganan,KCI Commuter,Transportasi,196000,Pengeluaran,0,BCA,Online,0,Bekasi
TRX00433,2026-03-19,Thursday,3,2026,Checkout detergen & sabun pas diskon tanggal kembar,Matahari,Belanja,676000,Pengeluaran,0,Mandiri,Online,0,Bengkulu
TRX00434,2026-03-04,Wednesday,3,2026,Checkout ayam geprek promo diskon sore hari,Kopi Kenangan,Makanan & Minuman,205000,Pengeluaran,0,Tunai,Offline,1,Makassar
TRX00435,2024-10-16,Wednesday,10,2024,Jajanan boba tea pas nongkrong malam minggu,KFC,Makanan & Minuman,17000,Pengeluaran,0,Mandiri,Online,0,Bekasi
TRX00436,2023-05-19,Friday,5,2023,Belanja kebutuhan harian detergen & sabun di Indomaret,Indomaret,Belanja,815000,Pengeluaran,0,OVO,Online,0,Bandung
TRX00437,2025-04-27,Sunday,4,2025,Pembayaran paket langganan wifi internet kecepatan tinggi,XL Axiata,Utilitas,434000,Pengeluaran,0,BNI,Online,0,Bogor
TRX00438,2025-09-08,Monday,9,2025,Bayar konsultasi dokter dan beli vitamin C,Century,Kesehatan,492000,Pengeluaran,0,Tunai,Offline,1,Bogor
TRX00439,2023-03-10,Friday,3,2023,Belanja kebutuhan harian snack & mie instan di Uniqlo,Uniqlo,Belanja,176000,Pengeluaran,0,OVO,Online,0,Bandung
TRX00440,2023-06-03,Saturday,6,2023,Pembayaran paket langganan wifi internet kecepatan tinggi,PDAM,Utilitas,544000,Pengeluaran,0,BCA,Online,0,Palembang
TRX00441,2023-12-04,Monday,12,2023,Penerimaan bonus tahunan masuk ke rekening utama,Client Freelance,Gaji,6818000,Pemasukan,1,GoPay,Online,0,Medan
TRX00442,2024-01-25,Thursday,1,2024,Pengeluaran bulanan beli snack & mie instan di Lazada,Lazada,Belanja,601000,Pengeluaran,0,BNI,Online,0,Jakarta
TRX00443,2025-03-15,Saturday,3,2025,Penerimaan bonus tahunan masuk ke rekening utama,Client Freelance,Gaji,15323000,Pemasukan,1,BCA,Online,0,Palembang
TRX00444,2023-06-29,Thursday,6,2023,Checkout tas punggung pas diskon tanggal kembar,Matahari,Belanja,223000,Pengeluaran,0,Tunai,Offline,1,Bandung
TRX00445,2024-08-20,Tuesday,8,2024,Sewa akomodasi perjalanan hotel & resort luar kota,Garuda Indonesia,Perjalanan,3556000,Pengeluaran,0,DANA,Online,0,Yogyakarta
TRX00446,2024-06-26,Wednesday,6,2024,Pesan mie ayam via aplikasi pesan antar makanan,Mixue,Makanan & Minuman,109000,Pengeluaran,0,GoPay,Online,0,Bandung
TRX00447,2025-07-01,Tuesday,7,2025,Mampir beli soto betawi sama minuman segar,Kopi Kenangan,Makanan & Minuman,72000,Pengeluaran,0,BCA,Online,0,Bandung
TRX00448,2023-07-18,Tuesday,7,2023,Makan malam burger bareng keluarga,Warung Makan,Makanan & Minuman,208000,Pengeluaran,0,ShopeePay,Online,0,Jakarta
TRX00449,2025-03-03,Monday,3,2025,Tebus resep obat minyak kayu putih di apotek langganan,Alodokter,Kesehatan,616000,Pengeluaran,0,DANA,Online,0,Semarang
TRX00450,2023-06-11,Sunday,6,2023,Belanja kebutuhan harian sepatu sneaker di Alfamart,Alfamart,Belanja,944000,Pengeluaran,0,Tunai,Offline,1,Bandung
TRX00451,2024-03-09,Saturday,3,2024,Tebus resep obat obat flu & pusing di apotek langganan,Apotek K-24,Kesehatan,110000,Pengeluaran,0,OVO,Online,0,Medan
TRX00452,2026-07-08,Wednesday,7,2026,Checkout sate ayam promo diskon sore hari,Sederhana,Makanan & Minuman,248000,Pengeluaran,0,BNI,Online,0,Surabaya
TRX00453,2025-03-05,Wednesday,3,2025,Pembayaran paket langganan wifi internet kecepatan tinggi,M3 Ooredoo,Utilitas,519000,Pengeluaran,0,BCA,Online,0,Tangerang
TRX00454,2026-06-30,Tuesday,6,2026,Bonus kinerja dan gaji pokok dari perusahaan,Client Freelance,Gaji,8403000,Pemasukan,1,BRI,Online,0,Malang
TRX00455,2026-04-19,Sunday,4,2026,Pencairan honor gaji pokok proyek freelance,PT Nusantara Digital,Gaji,6809000,Pemasukan,1,QRIS,Online,0,Bogor
TRX00456,2026-01-01,Thursday,1,2026,Beli tiket masuk game Steam sama teman-teman,Netflix,Hiburan,365000,Pengeluaran,0,DANA,Online,0,Malang
TRX00457,2026-06-01,Monday,6,2026,Isi ulang pulsa dan kuota wifi internet harian,Indihome,Utilitas,197000,Pengeluaran,0,OVO,Online,0,Jakarta
TRX00458,2025-03-21,Friday,3,2025,Beli tiket nonton Netflix 1 bulan di Spotify,Spotify,Hiburan,411000,Pengeluaran,0,DANA,Online,0,Depok
TRX00459,2024-07-04,Thursday,7,2024,Top up voucher game game Steam pas akhir pekan,CGV,Hiburan,189000,Pengeluaran,0,QRIS,Online,0,Bogor
TRX00460,2025-10-03,Friday,10,2025,Bayar langganan bulanan film bioskop XXI streaming,PlayStation Store,Hiburan,98000,Pengeluaran,0,QRIS,Online,0,Bekasi
TRX00461,2025-06-26,Thursday,6,2025,Sewa kendaraan tiket KRL untuk perjalanan harian,MyPertamina,Transportasi,116000,Pengeluaran,0,BNI,Online,0,Medan
TRX00462,2025-06-23,Monday,6,2025,Checkout soto betawi promo diskon sore hari,Solaria,Makanan & Minuman,225000,Pengeluaran,0,Tunai,Offline,1,Tangerang
TRX00463,2023-11-22,Wednesday,11,2023,Pesan mie ayam via aplikasi pesan antar makanan,Mixue,Makanan & Minuman,214000,Pengeluaran,0,BCA,Online,0,Bandung
TRX00464,2024-01-30,Tuesday,1,2024,Bayar langganan bulanan film bioskop XXI streaming,XXI Cinema,Hiburan,46000,Pengeluaran,0,DANA,Online,0,Jakarta
TRX00465,2025-01-08,Wednesday,1,2025,Top up saldo kartu e-money untuk tiket KRL,KCI Commuter,Transportasi,139000,Pengeluaran,0,OVO,Online,0,Bengkulu
TRX00466,2023-09-11,Monday,9,2023,Bonus kinerja dan insentif proyek dari perusahaan,PT Teknologi Karya,Gaji,18117000,Pemasukan,1,BRI,Online,0,Bogor
TRX00467,2025-08-29,Friday,8,2025,Gaji pokok bulanan dari PT Sukses Bersama,PT Sukses Bersama,Gaji,11975000,Pemasukan,1,BNI,Online,0,Semarang
TRX00468,2023-02-26,Sunday,2,2023,Beli titipan casing hp pakai voucher belanja,Tokopedia,Belanja,478000,Pengeluaran,0,Mandiri,Online,0,Semarang
TRX00469,2025-04-18,Friday,4,2025,Beli token pulsa HP prabayar via m-banking,PLN,Utilitas,227000,Pengeluaran,0,BCA,Online,0,Medan
TRX00470,2024-05-31,Friday,5,2024,Bonus kinerja dan insentif proyek dari perusahaan,PT Sukses Bersama,Gaji,15836000,Pemasukan,1,GoPay,Online,0,Yogyakarta
TRX00471,2024-05-31,Friday,5,2024,Makan malam burger bareng keluarga,Chatime,Makanan & Minuman,164000,Pengeluaran,0,Tunai,Offline,1,Denpasar
TRX00472,2025-02-05,Wednesday,2,2025,Bayar rekening wifi internet tepat waktu di Telkomsel,Telkomsel,Utilitas,160000,Pengeluaran,0,DANA,Online,0,Surabaya
TRX00473,2024-11-19,Tuesday,11,2024,Sewa akomodasi perjalanan tiket kereta api luar kota,KAI Access,Perjalanan,2439000,Pengeluaran,0,QRIS,Online,0,Medan
TRX00474,2023-11-04,Saturday,11,2023,Pembayaran paket langganan listrik PLN kecepatan tinggi,Biznet,Utilitas,463000,Pengeluaran,0,GoPay,Online,0,Bengkulu
TRX00475,2023-10-14,Saturday,10,2023,Pesan kendaraan online tiket KRL pas hujan,TransJakarta,Transportasi,117000,Pengeluaran,0,OVO,Online,0,Palembang
TRX00476,2023-03-14,Tuesday,3,2023,Transfer bonus tahunan atas hasil kerja keras sebulan,Bank Central,Gaji,10786000,Pemasukan,1,ShopeePay,Online,0,Bengkulu
TRX00477,2025-09-01,Monday,9,2025,Langganan platform belajar UKT kuliah,Penerbit Erlangga,Pendidikan,1329000,Pengeluaran,0,BRI,Online,0,Bogor
TRX00478,2026-02-17,Tuesday,2,2026,Pesan soto betawi via aplikasi pesan antar makanan,KFC,Makanan & Minuman,204000,Pengeluaran,0,ShopeePay,Online,0,Tangerang
TRX00479,2024-01-10,Wednesday,1,2024,Beli instrumen investasi reksa dana pasar uang bulanan,Ajaib,Investasi,1555000,Pengeluaran,0,Mandiri,Online,0,Bekasi
TRX00480,2024-09-20,Friday,9,2024,Beli minyak goreng dan perlengkapan rumah tangga,Uniqlo,Belanja,627000,Pengeluaran,0,BNI,Online,0,Yogyakarta
TRX00481,2023-04-20,Thursday,4,2023,Langganan fitur premium wahana rekreasi bulanan,Steam,Hiburan,66000,Pengeluaran,0,DANA,Online,0,Depok
TRX00482,2024-02-03,Saturday,2,2024,Pelunasan iuran gas LPG biar aliran tetap lancar,XL Axiata,Utilitas,473000,Pengeluaran,0,BCA,Online,0,Bogor
TRX00483,2023-11-05,Sunday,11,2023,Makan malam boba tea bareng keluarga,Bakso Pak Kumis,Makanan & Minuman,160000,Pengeluaran,0,DANA,Online,0,Bandung
TRX00484,2024-10-09,Wednesday,10,2024,Beli tiket masuk film bioskop XXI sama teman-teman,XXI Cinema,Hiburan,200000,Pengeluaran,0,BRI,Online,0,Makassar
TRX00485,2026-07-23,Thursday,7,2026,Bayar sarapan sate ayam di warung langganan,Kopi Kenangan,Makanan & Minuman,209000,Pengeluaran,0,BRI,Online,0,Yogyakarta
TRX00486,2023-06-30,Friday,6,2023,Makan malam mie ayam bareng keluarga,Solaria,Makanan & Minuman,124000,Pengeluaran,0,OVO,Online,0,Jakarta
TRX00487,2023-03-19,Sunday,3,2023,Pelunasan iuran listrik PLN biar aliran tetap lancar,M3 Ooredoo,Utilitas,593000,Pengeluaran,0,Mandiri,Online,0,Jakarta
TRX00488,2023-01-09,Monday,1,2023,Transfer bonus tahunan atas hasil kerja keras sebulan,PT Teknologi Karya,Gaji,13726000,Pemasukan,1,BRI,Online,0,Surabaya
TRX00489,2025-02-24,Monday,2,2025,Bayar tagihan air PDAM bulanan rumah tangga,Telkomsel,Utilitas,96000,Pengeluaran,0,QRIS,Online,0,Semarang
TRX00490,2025-07-22,Tuesday,7,2025,Sewa kendaraan taksi online untuk perjalanan harian,MyPertamina,Transportasi,44000,Pengeluaran,0,GoPay,Online,0,Depok
TRX00491,2025-09-30,Tuesday,9,2025,Beli titipan sepatu sneaker pakai voucher belanja,Shopee,Belanja,851000,Pengeluaran,0,Tunai,Offline,1,Medan
TRX00492,2023-09-26,Tuesday,9,2023,Pesan pizza via aplikasi pesan antar makanan,Gacoan,Makanan & Minuman,46000,Pengeluaran,0,BCA,Online,0,Palembang
TRX00493,2024-06-07,Friday,6,2024,Bayar ongkos e-toll berangkat kerja di Gojek,Gojek,Transportasi,179000,Pengeluaran,0,BNI,Online,0,Bengkulu
TRX00494,2023-02-10,Friday,2,2023,Jajanan mie ayam pas nongkrong malam minggu,KFC,Makanan & Minuman,112000,Pengeluaran,0,Tunai,Offline,1,Semarang
TRX00495,2025-08-29,Friday,8,2025,Pesan kendaraan online ojek online pas hujan,KAI,Transportasi,117000,Pengeluaran,0,BNI,Online,0,Bengkulu
TRX00496,2025-12-01,Monday,12,2025,Mampir minimarket beli sepatu sneaker stok mingguan,Matahari,Belanja,239000,Pengeluaran,0,BNI,Online,0,Semarang
TRX00497,2023-08-22,Tuesday,8,2023,Beli masker dan vitamin C untuk stok rumah,Alodokter,Kesehatan,234000,Pengeluaran,0,ShopeePay,Online,0,Medan
TRX00498,2025-01-03,Friday,1,2025,Bayar ongkos bensin Pertamax berangkat kerja di KCI Commuter,KCI Commuter,Transportasi,150000,Pengeluaran,0,DANA,Online,0,Depok
TRX00499,2024-03-01,Friday,3,2024,Gaji pokok bulanan dari Client Freelance,Client Freelance,Gaji,3589000,Pemasukan,1,BCA,Online,0,Bengkulu
TRX00500,2023-07-02,Sunday,7,2023,Bayar biaya kursus online buku novel & komik,Kampus Universitas,Pendidikan,468000,Pengeluaran,0,ShopeePay,Online,0,Surabaya
TRX00501,2023-07-27,Thursday,7,2023,Beli perlengkapan alat tulis kursus Data Science kuliah,Penerbit Erlangga,Pendidikan,1312000,Pengeluaran,0,QRIS,Online,0,Yogyakarta
TRX00502,2023-04-13,Thursday,4,2023,Mampir beli nasi goreng sama minuman segar,McDonalds,Makanan & Minuman,107000,Pengeluaran,0,GoPay,Online,0,Palembang
TRX00503,2023-08-26,Saturday,8,2023,Pesan nasi goreng via aplikasi pesan antar makanan,Gacoan,Makanan & Minuman,184000,Pengeluaran,0,GoPay,Online,0,Makassar
TRX00504,2025-06-15,Sunday,6,2025,Pembelian aset reksa dana pasar uang untuk tabungan masa depan,Ajaib,Investasi,1503000,Pengeluaran,0,BRI,Online,0,Surabaya
TRX00505,2025-03-31,Monday,3,2025,Beli titipan snack & mie instan pakai voucher belanja,Blibli,Belanja,814000,Pengeluaran,0,DANA,Online,0,Tangerang
TRX00506,2025-05-13,Tuesday,5,2025,Gaji pokok bulanan dari PT Teknologi Karya,PT Teknologi Karya,Gaji,5421000,Pemasukan,1,BRI,Online,0,Surabaya
TRX00507,2025-05-02,Friday,5,2025,Beli perlengkapan alat tulis sertifikasi AI kuliah,Coursera,Pendidikan,842000,Pengeluaran,0,OVO,Online,0,Tangerang
TRX00508,2025-01-04,Saturday,1,2025,Bonus kinerja dan honor freelance dari perusahaan,PT Teknologi Karya,Gaji,7200000,Pemasukan,1,OVO,Online,0,Yogyakarta
TRX00509,2023-04-05,Wednesday,4,2023,Bayar sarapan nasi goreng di warung langganan,Warung Makan,Makanan & Minuman,186000,Pengeluaran,0,ShopeePay,Online,0,Denpasar
TRX00510,2026-06-20,Saturday,6,2026,Checkout soto betawi promo diskon sore hari,Bakso Pak Kumis,Makanan & Minuman,184000,Pengeluaran,0,OVO,Online,0,Bandung
TRX00511,2026-02-17,Tuesday,2,2026,Beli tiket nonton film bioskop XXI di Steam,Steam,Hiburan,359000,Pengeluaran,0,BRI,Online,0,Denpasar
TRX00512,2025-08-19,Tuesday,8,2025,Beli tiket nonton Netflix 1 bulan di DuFan,DuFan,Hiburan,414000,Pengeluaran,0,DANA,Online,0,Makassar
TRX00513,2024-05-08,Wednesday,5,2024,Beli detergen & sabun baru via e-commerce,Superindo,Belanja,481000,Pengeluaran,0,OVO,Online,0,Palembang
TRX00514,2024-04-26,Friday,4,2024,Jajanan pizza pas nongkrong malam minggu,Kopi Kenangan,Makanan & Minuman,37000,Pengeluaran,0,DANA,Online,0,Makassar
TRX00515,2023-09-01,Friday,9,2023,Booking penginapan dan hotel hotel & resort liburan,KAI Access,Perjalanan,3604000,Pengeluaran,0,OVO,Online,0,Jakarta
TRX00516,2026-02-15,Sunday,2,2026,Pembayaran paket langganan gas LPG kecepatan tinggi,PDAM,Utilitas,361000,Pengeluaran,0,ShopeePay,Online,0,Denpasar
TRX00517,2024-02-28,Wednesday,2,2024,Transfer insentif proyek atas hasil kerja keras sebulan,Client Freelance,Gaji,5278000,Pemasukan,1,Mandiri,Online,0,Bogor
TRX00518,2025-07-19,Saturday,7,2025,Pengeluaran bulanan beli tas punggung di Matahari,Matahari,Belanja,769000,Pengeluaran,0,BNI,Online,0,Surabaya
TRX00519,2024-03-30,Saturday,3,2024,Checkout sate ayam promo diskon sore hari,Warung Makan,Makanan & Minuman,194000,Pengeluaran,0,Tunai,Offline,1,Depok
TRX00520,2023-12-03,Sunday,12,2023,Pelunasan iuran listrik PLN biar aliran tetap lancar,XL Axiata,Utilitas,250000,Pengeluaran,0,Mandiri,Online,0,Surabaya
TRX00521,2025-03-15,Saturday,3,2025,Makan boba tea pas jam istirahat kantor,Bakso Pak Kumis,Makanan & Minuman,208000,Pengeluaran,0,BNI,Online,0,Tangerang
TRX00522,2025-07-11,Friday,7,2025,Bayar tagihan pulsa HP bulanan rumah tangga,Indihome,Utilitas,593000,Pengeluaran,0,BCA,Online,0,Denpasar
TRX00523,2025-06-05,Thursday,6,2025,Bayar konsultasi dokter dan beli minyak kayu putih,Alodokter,Kesehatan,738000,Pengeluaran,0,BRI,Online,0,Surabaya
TRX00524,2025-03-04,Tuesday,3,2025,Pencairan honor insentif proyek proyek freelance,Bank Central,Gaji,16104000,Pemasukan,1,OVO,Online,0,Malang
TRX00525,2024-05-23,Thursday,5,2024,Mampir minimarket beli snack & mie instan stok mingguan,Uniqlo,Belanja,298000,Pengeluaran,0,Tunai,Offline,1,Malang
TRX00526,2025-11-15,Saturday,11,2025,Pengeluaran bulanan beli minyak goreng di Lazada,Lazada,Belanja,1158000,Pengeluaran,0,Mandiri,Online,0,Medan
TRX00527,2026-07-02,Thursday,7,2026,Sewa kendaraan bensin Pertamax untuk perjalanan harian,MyPertamina,Transportasi,176000,Pengeluaran,0,BRI,Online,0,Denpasar
TRX00528,2026-01-16,Friday,1,2026,Pesan kendaraan online ojek online pas hujan,MyPertamina,Transportasi,153000,Pengeluaran,0,DANA,Online,0,Malang
TRX00529,2026-03-14,Saturday,3,2026,Pembelian aset obligasi negara untuk tabungan masa depan,Indodax,Investasi,1830000,Pengeluaran,0,BCA,Online,0,Denpasar
TRX00530,2023-08-07,Monday,8,2023,Beli nasi goreng di McDonalds bareng teman,McDonalds,Makanan & Minuman,66000,Pengeluaran,0,BRI,Online,0,Semarang
TRX00531,2024-05-28,Tuesday,5,2024,Bayar sarapan sate ayam di warung langganan,Gacoan,Makanan & Minuman,207000,Pengeluaran,0,GoPay,Online,0,Bogor
TRX00532,2025-07-15,Tuesday,7,2025,Makan malam kopi susu bareng keluarga,Mixue,Makanan & Minuman,75000,Pengeluaran,0,QRIS,Online,0,Bekasi
TRX00533,2023-04-07,Friday,4,2023,Pembayaran UKT semesteran buku novel & komik,Coursera,Pendidikan,2361000,Pengeluaran,0,BCA,Online,0,Jakarta
TRX00534,2024-05-29,Wednesday,5,2024,Checkout kopi susu promo diskon sore hari,Kopi Kenangan,Makanan & Minuman,208000,Pengeluaran,0,Mandiri,Online,0,Tangerang
TRX00535,2024-02-01,Thursday,2,2024,Checkout baju kaos pas diskon tanggal kembar,Tokopedia,Belanja,380000,Pengeluaran,0,BNI,Online,0,Palembang
TRX00536,2023-03-25,Saturday,3,2023,Checkout snack & mie instan pas diskon tanggal kembar,Lazada,Belanja,354000,Pengeluaran,0,QRIS,Online,0,Jakarta
TRX00537,2024-11-07,Thursday,11,2024,Beli token listrik PLN prabayar via m-banking,Indihome,Utilitas,380000,Pengeluaran,0,BCA,Online,0,Tangerang
TRX00538,2026-07-04,Saturday,7,2026,Pencairan honor honor freelance proyek freelance,PT Sukses Bersama,Gaji,15233000,Pemasukan,1,BNI,Online,0,Tangerang
TRX00539,2024-10-12,Saturday,10,2024,Bayar tagihan gas LPG bulanan rumah tangga,Indihome,Utilitas,567000,Pengeluaran,0,BRI,Online,0,Palembang
TRX00540,2026-01-17,Saturday,1,2026,Beli token wifi internet prabayar via m-banking,PDAM,Utilitas,268000,Pengeluaran,0,GoPay,Online,0,Makassar
TRX00541,2025-01-08,Wednesday,1,2025,Beli tas punggung baru via e-commerce,Matahari,Belanja,43000,Pengeluaran,0,Tunai,Offline,1,Makassar
TRX00542,2025-07-01,Tuesday,7,2025,Bayar sarapan pizza di warung langganan,Sederhana,Makanan & Minuman,25000,Pengeluaran,0,GoPay,Online,0,Palembang
TRX00543,2023-08-21,Monday,8,2023,Belanja kebutuhan harian snack & mie instan di Lazada,Lazada,Belanja,1083000,Pengeluaran,0,GoPay,Online,0,Denpasar
TRX00544,2025-11-07,Friday,11,2025,Pengeluaran bulanan beli snack & mie instan di Alfamart,Alfamart,Belanja,419000,Pengeluaran,0,BNI,Online,0,Surabaya
TRX00545,2023-12-09,Saturday,12,2023,Booking penginapan dan hotel hotel & resort liburan,Lion Air,Perjalanan,2026000,Pengeluaran,0,Mandiri,Online,0,Bogor
TRX00546,2025-05-18,Sunday,5,2025,Tebus resep obat minyak kayu putih di apotek langganan,Apotek K-24,Kesehatan,692000,Pengeluaran,0,BNI,Online,0,Bekasi
TRX00547,2023-11-11,Saturday,11,2023,Makan nasi goreng pas jam istirahat kantor,Warung Makan,Makanan & Minuman,33000,Pengeluaran,0,Tunai,Offline,1,Tangerang
TRX00548,2024-05-30,Thursday,5,2024,Isi ulang pulsa dan kuota wifi internet harian,Biznet,Utilitas,447000,Pengeluaran,0,DANA,Online,0,Bengkulu
TRX00549,2025-04-08,Tuesday,4,2025,Pengeluaran bulanan beli roti sobek di Alfamart,Alfamart,Belanja,267000,Pengeluaran,0,BNI,Online,0,Tangerang
TRX00550,2026-04-14,Tuesday,4,2026,Makan boba tea pas jam istirahat kantor,KFC,Makanan & Minuman,89000,Pengeluaran,0,QRIS,Online,0,Malang
TRX00551,2023-06-27,Tuesday,6,2023,Mampir minimarket beli roti sobek stok mingguan,Blibli,Belanja,88000,Pengeluaran,0,ShopeePay,Online,0,Medan
TRX00552,2023-10-07,Saturday,10,2023,Pesan kendaraan online bensin Pertamax pas hujan,KCI Commuter,Transportasi,183000,Pengeluaran,0,GoPay,Online,0,Jakarta
TRX00553,2026-02-07,Saturday,2,2026,Beli tiket nonton film bioskop XXI di XXI Cinema,XXI Cinema,Hiburan,32000,Pengeluaran,0,OVO,Online,0,Denpasar
TRX00554,2026-01-26,Monday,1,2026,Pembelian aset saham blue chip untuk tabungan masa depan,Ajaib,Investasi,967000,Pengeluaran,0,OVO,Online,0,Depok
TRX00555,2025-11-15,Saturday,11,2025,Mampir beli kopi susu sama minuman segar,McDonalds,Makanan & Minuman,64000,Pengeluaran,0,Tunai,Offline,1,Bengkulu
TRX00556,2026-03-07,Saturday,3,2026,Beli tiket masuk wahana rekreasi sama teman-teman,DuFan,Hiburan,360000,Pengeluaran,0,ShopeePay,Online,0,Surabaya
TRX00557,2024-08-18,Sunday,8,2024,Gaji pokok bulanan dari PT Sukses Bersama,PT Sukses Bersama,Gaji,19464000,Pemasukan,1,GoPay,Online,0,Makassar
TRX00558,2023-09-20,Wednesday,9,2023,Transfer gaji pokok atas hasil kerja keras sebulan,PT Teknologi Karya,Gaji,5787000,Pemasukan,1,Mandiri,Online,0,Makassar
TRX00559,2025-09-22,Monday,9,2025,Beli token gas LPG prabayar via m-banking,Telkomsel,Utilitas,423000,Pengeluaran,0,GoPay,Online,0,Palembang
TRX00560,2023-12-12,Tuesday,12,2023,Makan malam kopi susu bareng keluarga,Bakso Pak Kumis,Makanan & Minuman,85000,Pengeluaran,0,BRI,Online,0,Bengkulu
TRX00561,2024-11-10,Sunday,11,2024,Top up voucher game Spotify Premium pas akhir pekan,Netflix,Hiburan,426000,Pengeluaran,0,QRIS,Online,0,Yogyakarta
TRX00562,2026-02-03,Tuesday,2,2026,Mampir beli bakso urat sama minuman segar,Sederhana,Makanan & Minuman,234000,Pengeluaran,0,ShopeePay,Online,0,Medan
TRX00563,2024-06-23,Sunday,6,2024,Bayar ongkos ojek online berangkat kerja di Grab,Grab,Transportasi,139000,Pengeluaran,0,BCA,Online,0,Bogor
TRX00564,2026-04-06,Monday,4,2026,Penerimaan bonus tahunan masuk ke rekening utama,Bank Central,Gaji,12039000,Pemasukan,1,ShopeePay,Online,0,Depok
TRX00565,2026-01-10,Saturday,1,2026,Isi ulang pulsa dan kuota wifi internet harian,Indihome,Utilitas,278000,Pengeluaran,0,QRIS,Online,0,Bandung
TRX00566,2025-08-09,Saturday,8,2025,Pelunasan iuran pulsa HP biar aliran tetap lancar,PDAM,Utilitas,564000,Pengeluaran,0,BCA,Online,0,Bengkulu
TRX00567,2024-05-04,Saturday,5,2024,Bayar konsultasi dokter dan beli minyak kayu putih,RS Siloam,Kesehatan,805000,Pengeluaran,0,DANA,Online,0,Bandung
TRX00568,2024-01-02,Tuesday,1,2024,Pelunasan iuran pulsa HP biar aliran tetap lancar,Indihome,Utilitas,91000,Pengeluaran,0,Mandiri,Online,0,Tangerang
TRX00569,2025-09-25,Thursday,9,2025,Bayar sarapan boba tea di warung langganan,Chatime,Makanan & Minuman,25000,Pengeluaran,0,ShopeePay,Online,0,Depok
TRX00570,2025-01-09,Thursday,1,2025,Belanja kebutuhan harian detergen & sabun di Blibli,Blibli,Belanja,688000,Pengeluaran,0,Tunai,Offline,1,Denpasar
TRX00571,2026-07-21,Tuesday,7,2026,Beli masker dan skincare & sabun cuci muka untuk stok rumah,RS Siloam,Kesehatan,587000,Pengeluaran,0,OVO,Online,0,Bengkulu
TRX00572,2025-02-14,Friday,2,2025,Mampir minimarket beli snack & mie instan stok mingguan,Indomaret,Belanja,481000,Pengeluaran,0,GoPay,Online,0,Bogor
TRX00573,2024-12-07,Saturday,12,2024,Bayar tagihan gas LPG bulanan rumah tangga,Pertagas,Utilitas,563000,Pengeluaran,0,BRI,Online,0,Yogyakarta
TRX00574,2023-12-06,Wednesday,12,2023,Bayar sarapan sate ayam di warung langganan,Mixue,Makanan & Minuman,53000,Pengeluaran,0,Tunai,Offline,1,Makassar
TRX00575,2026-05-17,Sunday,5,2026,Top up saldo kartu e-money untuk bensin Pertamax,Grab,Transportasi,94000,Pengeluaran,0,BNI,Online,0,Yogyakarta
TRX00576,2025-09-07,Sunday,9,2025,Bayar tagihan pulsa HP bulanan rumah tangga,Indihome,Utilitas,299000,Pengeluaran,0,BCA,Online,0,Bandung
TRX00577,2026-03-20,Friday,3,2026,Penerimaan payroll bulanan masuk ke rekening utama,PT Teknologi Karya,Gaji,8312000,Pemasukan,1,BCA,Online,0,Bandung
TRX00578,2024-06-12,Wednesday,6,2024,Langganan platform belajar buku novel & komik,Kampus Universitas,Pendidikan,2408000,Pengeluaran,0,BCA,Online,0,Depok
TRX00579,2024-08-03,Saturday,8,2024,Alokasi investasi berkala obligasi negara,Bareksa,Investasi,2072000,Pengeluaran,0,BRI,Online,0,Medan
TRX00580,2025-04-21,Monday,4,2025,Pencairan honor bonus tahunan proyek freelance,Bank Central,Gaji,12167000,Pemasukan,1,BRI,Online,0,Bekasi
TRX00581,2024-12-02,Monday,12,2024,Beli buku sertifikasi AI di Kampus Universitas,Kampus Universitas,Pendidikan,1041000,Pengeluaran,0,OVO,Online,0,Palembang
TRX00582,2023-09-28,Thursday,9,2023,Makan malam burger bareng keluarga,Bakso Pak Kumis,Makanan & Minuman,226000,Pengeluaran,0,Tunai,Offline,1,Surabaya
TRX00583,2023-12-30,Saturday,12,2023,Pembayaran paket langganan gas LPG kecepatan tinggi,PLN,Utilitas,170000,Pengeluaran,0,BNI,Online,0,Yogyakarta
TRX00584,2023-09-24,Sunday,9,2023,Beli perlengkapan alat tulis buku koding Python kuliah,Kampus Universitas,Pendidikan,2238000,Pengeluaran,0,OVO,Online,0,Makassar
TRX00585,2023-03-30,Thursday,3,2023,Top up saldo kartu e-money untuk bensin Pertamax,Bluebird,Transportasi,107000,Pengeluaran,0,GoPay,Online,0,Malang
TRX00586,2026-03-25,Wednesday,3,2026,Jajanan sate ayam pas nongkrong malam minggu,McDonalds,Makanan & Minuman,211000,Pengeluaran,0,Tunai,Offline,1,Bogor
TRX00587,2023-06-21,Wednesday,6,2023,Beli roti sobek dan perlengkapan rumah tangga,Lazada,Belanja,412000,Pengeluaran,0,Tunai,Offline,1,Bekasi
TRX00588,2023-01-15,Sunday,1,2023,Penerimaan payroll bulanan masuk ke rekening utama,PT Nusantara Digital,Gaji,15788000,Pemasukan,1,Mandiri,Online,0,Bekasi
TRX00589,2024-10-08,Tuesday,10,2024,Mampir minimarket beli sepatu sneaker stok mingguan,Indomaret,Belanja,544000,Pengeluaran,0,ShopeePay,Online,0,Palembang
TRX00590,2026-03-02,Monday,3,2026,Beli titipan roti sobek pakai voucher belanja,Superindo,Belanja,442000,Pengeluaran,0,ShopeePay,Online,0,Yogyakarta
TRX00591,2024-01-02,Tuesday,1,2024,Beli tas punggung dan perlengkapan rumah tangga,Lazada,Belanja,653000,Pengeluaran,0,OVO,Online,0,Bekasi
TRX00592,2023-10-10,Tuesday,10,2023,Bayar langganan bulanan film bioskop XXI streaming,PlayStation Store,Hiburan,258000,Pengeluaran,0,BRI,Online,0,Surabaya
TRX00593,2024-03-15,Friday,3,2024,Pembayaran paket langganan gas LPG kecepatan tinggi,M3 Ooredoo,Utilitas,103000,Pengeluaran,0,BRI,Online,0,Palembang
TRX00594,2023-01-11,Wednesday,1,2023,Tebus resep obat vitamin C di apotek langganan,RS Siloam,Kesehatan,644000,Pengeluaran,0,BNI,Online,0,Semarang
TRX00595,2024-03-30,Saturday,3,2024,Pengeluaran bulanan beli detergen & sabun di Matahari,Matahari,Belanja,812000,Pengeluaran,0,OVO,Online,0,Malang
TRX00596,2025-12-03,Wednesday,12,2025,Beli titipan detergen & sabun pakai voucher belanja,Matahari,Belanja,383000,Pengeluaran,0,DANA,Online,0,Jakarta
TRX00597,2024-02-18,Sunday,2,2024,Top up voucher game wahana rekreasi pas akhir pekan,DuFan,Hiburan,129000,Pengeluaran,0,BCA,Online,0,Tangerang
TRX00598,2026-05-12,Tuesday,5,2026,Beli token gas LPG prabayar via m-banking,Biznet,Utilitas,86000,Pengeluaran,0,GoPay,Online,0,Medan
TRX00599,2023-01-01,Sunday,1,2023,Reservasi paket tur dan liburan tiket kereta api,Traveloka,Perjalanan,3192000,Pengeluaran,0,OVO,Online,0,Palembang
TRX00600,2026-04-15,Wednesday,4,2026,Makan bakso urat pas jam istirahat kantor,Gacoan,Makanan & Minuman,155000,Pengeluaran,0,ShopeePay,Online,0,Depok
TRX00601,2026-04-08,Wednesday,4,2026,Beli casing hp baru via e-commerce,Superindo,Belanja,423000,Pengeluaran,0,OVO,Online,0,Malang
TRX00602,2023-01-10,Tuesday,1,2023,Beli baju kaos baru via e-commerce,Hypermart,Belanja,173000,Pengeluaran,0,GoPay,Online,0,Surabaya
TRX00603,2025-11-17,Monday,11,2025,Alokasi investasi berkala aset kripto,Pintu,Investasi,1644000,Pengeluaran,0,DANA,Online,0,Tangerang
TRX00604,2024-05-13,Monday,5,2024,Beli tiket taksi online pulang pergi luar kota,TransJakarta,Transportasi,17000,Pengeluaran,0,DANA,Online,0,Surabaya
TRX00605,2024-06-12,Wednesday,6,2024,Checkout kopi susu promo diskon sore hari,Bakso Pak Kumis,Makanan & Minuman,120000,Pengeluaran,0,ShopeePay,Online,0,Denpasar
TRX00606,2023-01-20,Friday,1,2023,Pesan kendaraan online bensin Pertamax pas hujan,KCI Commuter,Transportasi,33000,Pengeluaran,0,OVO,Online,0,Bengkulu
TRX00607,2024-12-01,Sunday,12,2024,Checkout soto betawi promo diskon sore hari,McDonalds,Makanan & Minuman,105000,Pengeluaran,0,Tunai,Offline,1,Malang
TRX00608,2024-07-05,Friday,7,2024,Bayar sarapan soto betawi di warung langganan,Bakso Pak Kumis,Makanan & Minuman,75000,Pengeluaran,0,QRIS,Online,0,Medan
TRX00609,2024-04-14,Sunday,4,2024,Checkout pizza promo diskon sore hari,Bakso Pak Kumis,Makanan & Minuman,54000,Pengeluaran,0,BNI,Online,0,Depok
TRX00610,2023-06-10,Saturday,6,2023,Penerimaan payroll bulanan masuk ke rekening utama,Client Freelance,Gaji,4884000,Pemasukan,1,DANA,Online,0,Makassar
TRX00611,2026-06-25,Thursday,6,2026,Mampir minimarket beli snack & mie instan stok mingguan,Matahari,Belanja,399000,Pengeluaran,0,ShopeePay,Online,0,Semarang
TRX00612,2025-03-25,Tuesday,3,2025,Beli ayam geprek di Sederhana bareng teman,Sederhana,Makanan & Minuman,149000,Pengeluaran,0,DANA,Online,0,Denpasar
TRX00613,2023-03-08,Wednesday,3,2023,Isi ulang pulsa dan kuota air PDAM harian,XL Axiata,Utilitas,173000,Pengeluaran,0,ShopeePay,Online,0,Yogyakarta
TRX00614,2024-10-08,Tuesday,10,2024,Bonus kinerja dan bonus tahunan dari perusahaan,PT Nusantara Digital,Gaji,6801000,Pemasukan,1,GoPay,Online,0,Makassar
TRX00615,2026-06-08,Monday,6,2026,Top up voucher game wahana rekreasi pas akhir pekan,XXI Cinema,Hiburan,151000,Pengeluaran,0,QRIS,Online,0,Yogyakarta
TRX00616,2026-06-09,Tuesday,6,2026,Mampir minimarket beli tas punggung stok mingguan,Tokopedia,Belanja,456000,Pengeluaran,0,GoPay,Online,0,Makassar
TRX00617,2025-03-31,Monday,3,2025,Beli sepatu sneaker baru via e-commerce,Tokopedia,Belanja,493000,Pengeluaran,0,QRIS,Online,0,Tangerang
TRX00618,2024-04-27,Saturday,4,2024,Beli token air PDAM prabayar via m-banking,XL Axiata,Utilitas,203000,Pengeluaran,0,DANA,Online,0,Tangerang
TRX00619,2023-01-20,Friday,1,2023,Checkout ayam geprek promo diskon sore hari,Kopi Kenangan,Makanan & Minuman,216000,Pengeluaran,0,QRIS,Online,0,Denpasar
TRX00620,2026-03-08,Sunday,3,2026,Beli ayam geprek di KFC bareng teman,KFC,Makanan & Minuman,70000,Pengeluaran,0,DANA,Online,0,Bogor
TRX00621,2026-07-13,Monday,7,2026,Checkout sate ayam promo diskon sore hari,Warung Makan,Makanan & Minuman,107000,Pengeluaran,0,QRIS,Online,0,Makassar
TRX00622,2023-02-10,Friday,2,2023,Beli casing hp baru via e-commerce,Uniqlo,Belanja,1127000,Pengeluaran,0,Tunai,Offline,1,Tangerang
TRX00623,2024-08-05,Monday,8,2024,Beli titipan tas punggung pakai voucher belanja,Lazada,Belanja,940000,Pengeluaran,0,OVO,Online,0,Malang
TRX00624,2024-08-09,Friday,8,2024,Bayar rekening air PDAM tepat waktu di Indihome,Indihome,Utilitas,395000,Pengeluaran,0,OVO,Online,0,Bengkulu
TRX00625,2026-06-08,Monday,6,2026,Gaji pokok bulanan dari PT Nusantara Digital,PT Nusantara Digital,Gaji,14759000,Pemasukan,1,Mandiri,Online,0,Makassar
TRX00626,2024-10-10,Thursday,10,2024,Bonus kinerja dan payroll bulanan dari perusahaan,PT Sukses Bersama,Gaji,12388000,Pemasukan,1,DANA,Online,0,Tangerang
TRX00627,2025-01-13,Monday,1,2025,Beli bensin taksi online di SPBU langganan,TransJakarta,Transportasi,57000,Pengeluaran,0,BCA,Online,0,Bandung
TRX00628,2024-04-25,Thursday,4,2024,Gaji pokok bulanan dari PT Nusantara Digital,PT Nusantara Digital,Gaji,16510000,Pemasukan,1,BNI,Online,0,Surabaya
TRX00629,2023-05-11,Thursday,5,2023,Beli buku sertifikasi AI di Coursera,Coursera,Pendidikan,207000,Pengeluaran,0,OVO,Online,0,Denpasar
TRX00630,2023-06-20,Tuesday,6,2023,Makan ayam geprek pas jam istirahat kantor,Sederhana,Makanan & Minuman,182000,Pengeluaran,0,OVO,Online,0,Semarang
TRX00631,2024-04-14,Sunday,4,2024,Pesan soto betawi via aplikasi pesan antar makanan,Chatime,Makanan & Minuman,48000,Pengeluaran,0,BRI,Online,0,Jakarta
TRX00632,2023-03-13,Monday,3,2023,Bonus kinerja dan honor freelance dari perusahaan,PT Sukses Bersama,Gaji,12426000,Pemasukan,1,ShopeePay,Online,0,Yogyakarta
TRX00633,2023-10-04,Wednesday,10,2023,Alokasi investasi berkala saham blue chip,Indodax,Investasi,2684000,Pengeluaran,0,OVO,Online,0,Denpasar
TRX00634,2025-12-29,Monday,12,2025,Beli tas punggung baru via e-commerce,Uniqlo,Belanja,490000,Pengeluaran,0,DANA,Online,0,Semarang
TRX00635,2025-01-19,Sunday,1,2025,Belanja kebutuhan harian snack & mie instan di Tokopedia,Tokopedia,Belanja,25000,Pengeluaran,0,BRI,Online,0,Makassar
TRX00636,2024-08-10,Saturday,8,2024,Isi ulang pulsa dan kuota pulsa HP harian,PLN,Utilitas,356000,Pengeluaran,0,BCA,Online,0,Tangerang
TRX00637,2025-05-31,Saturday,5,2025,Beli resep vitamin C dan vitamin di Century,Century,Kesehatan,591000,Pengeluaran,0,OVO,Online,0,Depok
TRX00638,2026-02-22,Sunday,2,2026,Pengeluaran bulanan beli sepatu sneaker di Shopee,Shopee,Belanja,823000,Pengeluaran,0,Mandiri,Online,0,Semarang
TRX00639,2023-06-12,Monday,6,2023,Beli snack & mie instan dan perlengkapan rumah tangga,Shopee,Belanja,1114000,Pengeluaran,0,OVO,Online,0,Medan
TRX00640,2023-05-21,Sunday,5,2023,Jajanan bakso urat pas nongkrong malam minggu,Chatime,Makanan & Minuman,173000,Pengeluaran,0,DANA,Online,0,Medan
TRX00641,2024-10-18,Friday,10,2024,Beli burger di Gacoan bareng teman,Gacoan,Makanan & Minuman,62000,Pengeluaran,0,QRIS,Online,0,Semarang
TRX00642,2023-09-14,Thursday,9,2023,Bayar ongkos bensin Pertamax berangkat kerja di Gojek,Gojek,Transportasi,48000,Pengeluaran,0,BCA,Online,0,Yogyakarta
TRX00643,2024-03-20,Wednesday,3,2024,Beli tas punggung dan perlengkapan rumah tangga,Superindo,Belanja,974000,Pengeluaran,0,BCA,Online,0,Makassar
TRX00644,2023-06-14,Wednesday,6,2023,Beli perlengkapan obat flu & pusing dan obat flu,Apotek K-24,Kesehatan,824000,Pengeluaran,0,ShopeePay,Online,0,Yogyakarta
TRX00645,2024-01-07,Sunday,1,2024,Beli mie ayam di Chatime bareng teman,Chatime,Makanan & Minuman,46000,Pengeluaran,0,Mandiri,Online,0,Palembang
TRX00646,2025-06-26,Thursday,6,2025,Jajanan kopi susu pas nongkrong malam minggu,Gacoan,Makanan & Minuman,203000,Pengeluaran,0,ShopeePay,Online,0,Bengkulu
TRX00647,2024-03-02,Saturday,3,2024,Beli token wifi internet prabayar via m-banking,Telkomsel,Utilitas,93000,Pengeluaran,0,ShopeePay,Online,0,Denpasar
TRX00648,2023-09-08,Friday,9,2023,Beli casing hp dan perlengkapan rumah tangga,Superindo,Belanja,131000,Pengeluaran,0,Mandiri,Online,0,Surabaya
TRX00649,2024-04-28,Sunday,4,2024,Gaji pokok bulanan dari PT Sukses Bersama,PT Sukses Bersama,Gaji,12547000,Pemasukan,1,BNI,Online,0,Palembang
TRX00650,2024-05-12,Sunday,5,2024,Jajanan pizza pas nongkrong malam minggu,Gacoan,Makanan & Minuman,191000,Pengeluaran,0,GoPay,Online,0,Tangerang
TRX00651,2023-07-03,Monday,7,2023,Checkout bakso urat promo diskon sore hari,Kopi Kenangan,Makanan & Minuman,209000,Pengeluaran,0,BCA,Online,0,Makassar
TRX00652,2023-11-12,Sunday,11,2023,Top up saldo kartu e-money untuk bensin Pertamax,Grab,Transportasi,69000,Pengeluaran,0,GoPay,Online,0,Denpasar
TRX00653,2024-12-12,Thursday,12,2024,Beli resep vitamin C dan vitamin di Alodokter,Alodokter,Kesehatan,735000,Pengeluaran,0,BRI,Online,0,Semarang
TRX00654,2023-03-22,Wednesday,3,2023,Pelunasan iuran gas LPG biar aliran tetap lancar,Pertagas,Utilitas,551000,Pengeluaran,0,Mandiri,Online,0,Malang
TRX00655,2024-01-18,Thursday,1,2024,Pelunasan iuran pulsa HP biar aliran tetap lancar,M3 Ooredoo,Utilitas,214000,Pengeluaran,0,BNI,Online,0,Denpasar
TRX00656,2023-11-14,Tuesday,11,2023,Mampir minimarket beli minyak goreng stok mingguan,Superindo,Belanja,26000,Pengeluaran,0,ShopeePay,Online,0,Palembang
TRX00657,2024-01-15,Monday,1,2024,Langganan fitur premium game Steam bulanan,Steam,Hiburan,152000,Pengeluaran,0,GoPay,Online,0,Bekasi
TRX00658,2023-05-10,Wednesday,5,2023,Gaji pokok bulanan dari Bank Central,Bank Central,Gaji,19803000,Pemasukan,1,ShopeePay,Online,0,Bandung
TRX00659,2026-06-09,Tuesday,6,2026,Belanja kebutuhan harian minyak goreng di Hypermart,Hypermart,Belanja,222000,Pengeluaran,0,BNI,Online,0,Jakarta
TRX00660,2023-09-23,Saturday,9,2023,Makan kopi susu pas jam istirahat kantor,Gacoan,Makanan & Minuman,139000,Pengeluaran,0,Tunai,Offline,1,Jakarta
TRX00661,2026-03-15,Sunday,3,2026,Pencairan honor honor freelance proyek freelance,Client Freelance,Gaji,11886000,Pemasukan,1,BCA,Online,0,Makassar
TRX00662,2024-03-28,Thursday,3,2024,Gaji pokok bulanan dari PT Nusantara Digital,PT Nusantara Digital,Gaji,19602000,Pemasukan,1,BNI,Online,0,Yogyakarta
TRX00663,2023-05-05,Friday,5,2023,Beli titipan minyak goreng pakai voucher belanja,Hypermart,Belanja,144000,Pengeluaran,0,QRIS,Online,0,Denpasar
TRX00664,2023-03-25,Saturday,3,2023,Beli bensin ojek online di SPBU langganan,KCI Commuter,Transportasi,142000,Pengeluaran,0,BNI,Online,0,Surabaya
TRX00665,2024-04-18,Thursday,4,2024,Pembayaran paket langganan air PDAM kecepatan tinggi,Biznet,Utilitas,304000,Pengeluaran,0,BRI,Online,0,Denpasar
TRX00666,2026-02-17,Tuesday,2,2026,Pengeluaran bulanan beli minyak goreng di Indomaret,Indomaret,Belanja,964000,Pengeluaran,0,OVO,Online,0,Depok
TRX00667,2023-08-02,Wednesday,8,2023,Makan malam burger bareng keluarga,McDonalds,Makanan & Minuman,144000,Pengeluaran,0,BRI,Online,0,Denpasar
TRX00668,2026-05-13,Wednesday,5,2026,Beli minyak goreng baru via e-commerce,Uniqlo,Belanja,689000,Pengeluaran,0,OVO,Online,0,Tangerang
TRX00669,2026-07-20,Monday,7,2026,Beli casing hp baru via e-commerce,Uniqlo,Belanja,1142000,Pengeluaran,0,Tunai,Offline,1,Tangerang
TRX00670,2026-01-31,Saturday,1,2026,Beli perlengkapan alat tulis UKT kuliah kuliah,Udemy,Pendidikan,1932000,Pengeluaran,0,OVO,Online,0,Jakarta
TRX00671,2023-03-12,Sunday,3,2023,Beli tiket pesawat hotel & resort di Lion Air,Lion Air,Perjalanan,2772000,Pengeluaran,0,BCA,Online,0,Semarang
TRX00672,2024-03-30,Saturday,3,2024,Mampir beli nasi goreng sama minuman segar,Warung Makan,Makanan & Minuman,250000,Pengeluaran,0,ShopeePay,Online,0,Malang
TRX00673,2026-03-16,Monday,3,2026,Checkout soto betawi promo diskon sore hari,Gacoan,Makanan & Minuman,54000,Pengeluaran,0,Tunai,Offline,1,Makassar
TRX00674,2026-04-07,Tuesday,4,2026,Makan sate ayam pas jam istirahat kantor,Chatime,Makanan & Minuman,161000,Pengeluaran,0,Mandiri,Online,0,Bekasi
TRX00675,2023-06-08,Thursday,6,2023,Top up saldo kartu e-money untuk bensin Pertamax,TransJakarta,Transportasi,186000,Pengeluaran,0,BNI,Online,0,Malang
TRX00676,2024-09-07,Saturday,9,2024,Makan mie ayam pas jam istirahat kantor,Sederhana,Makanan & Minuman,214000,Pengeluaran,0,Tunai,Offline,1,Tangerang
TRX00677,2024-11-15,Friday,11,2024,Beli titipan roti sobek pakai voucher belanja,Hypermart,Belanja,271000,Pengeluaran,0,Mandiri,Online,0,Bekasi
TRX00678,2026-05-18,Monday,5,2026,Beli buku buku novel & komik di Penerbit Erlangga,Penerbit Erlangga,Pendidikan,1348000,Pengeluaran,0,ShopeePay,Online,0,Jakarta
TRX00679,2024-10-15,Tuesday,10,2024,Pembayaran paket langganan wifi internet kecepatan tinggi,Indihome,Utilitas,276000,Pengeluaran,0,BRI,Online,0,Jakarta
TRX00680,2025-03-15,Saturday,3,2025,Beli tiket pesawat hotel & resort di Lion Air,Lion Air,Perjalanan,3838000,Pengeluaran,0,QRIS,Online,0,Tangerang
TRX00681,2025-03-18,Tuesday,3,2025,Jajanan bakso urat pas nongkrong malam minggu,Warung Makan,Makanan & Minuman,161000,Pengeluaran,0,ShopeePay,Online,0,Palembang
TRX00682,2024-06-21,Friday,6,2024,Pesan mie ayam via aplikasi pesan antar makanan,Mixue,Makanan & Minuman,210000,Pengeluaran,0,Tunai,Offline,1,Denpasar
TRX00683,2024-02-10,Saturday,2,2024,Pembayaran paket langganan gas LPG kecepatan tinggi,Biznet,Utilitas,586000,Pengeluaran,0,Mandiri,Online,0,Medan
TRX00684,2023-05-27,Saturday,5,2023,Pengeluaran bulanan beli minyak goreng di Hypermart,Hypermart,Belanja,208000,Pengeluaran,0,Tunai,Offline,1,Palembang
TRX00685,2025-05-17,Saturday,5,2025,Beli minyak goreng dan perlengkapan rumah tangga,Shopee,Belanja,74000,Pengeluaran,0,BRI,Online,0,Makassar
TRX00686,2026-06-16,Tuesday,6,2026,Beli masker dan suplemen imun untuk stok rumah,RS Siloam,Kesehatan,179000,Pengeluaran,0,Mandiri,Online,0,Medan
TRX00687,2025-02-04,Tuesday,2,2025,Beli bakso urat di KFC bareng teman,KFC,Makanan & Minuman,77000,Pengeluaran,0,BRI,Online,0,Bogor
TRX00688,2024-08-12,Monday,8,2024,Jajanan sate ayam pas nongkrong malam minggu,KFC,Makanan & Minuman,135000,Pengeluaran,0,Tunai,Offline,1,Medan
TRX00689,2026-01-06,Tuesday,1,2026,Mampir beli burger sama minuman segar,Mixue,Makanan & Minuman,155000,Pengeluaran,0,BRI,Online,0,Bekasi
TRX00690,2023-02-07,Tuesday,2,2023,Beli detergen & sabun dan perlengkapan rumah tangga,Lazada,Belanja,373000,Pengeluaran,0,Tunai,Offline,1,Medan
TRX00691,2026-06-19,Friday,6,2026,Belanja kebutuhan harian detergen & sabun di Blibli,Blibli,Belanja,820000,Pengeluaran,0,GoPay,Online,0,Bogor
TRX00692,2023-08-09,Wednesday,8,2023,Makan malam kopi susu bareng keluarga,Solaria,Makanan & Minuman,145000,Pengeluaran,0,BNI,Online,0,Depok
TRX00693,2024-10-08,Tuesday,10,2024,Beli token air PDAM prabayar via m-banking,PDAM,Utilitas,562000,Pengeluaran,0,DANA,Online,0,Denpasar
TRX00694,2023-02-14,Tuesday,2,2023,Checkout sate ayam promo diskon sore hari,Mixue,Makanan & Minuman,140000,Pengeluaran,0,BRI,Online,0,Jakarta
TRX00695,2024-12-11,Wednesday,12,2024,Gaji pokok bulanan dari PT Sukses Bersama,PT Sukses Bersama,Gaji,19925000,Pemasukan,1,QRIS,Online,0,Tangerang
TRX00696,2023-05-07,Sunday,5,2023,Pencairan honor gaji pokok proyek freelance,Client Freelance,Gaji,12681000,Pemasukan,1,Mandiri,Online,0,Bandung
TRX00697,2024-11-30,Saturday,11,2024,Beli tiket nonton Netflix 1 bulan di PlayStation Store,PlayStation Store,Hiburan,403000,Pengeluaran,0,OVO,Online,0,Denpasar
TRX00698,2026-06-08,Monday,6,2026,Beli tiket masuk Netflix 1 bulan sama teman-teman,PlayStation Store,Hiburan,153000,Pengeluaran,0,BRI,Online,0,Palembang
TRX00699,2024-10-01,Tuesday,10,2024,Langganan platform belajar buku novel & komik,Udemy,Pendidikan,639000,Pengeluaran,0,Mandiri,Online,0,Bengkulu
TRX00700,2023-10-11,Wednesday,10,2023,Transfer bonus tahunan atas hasil kerja keras sebulan,PT Teknologi Karya,Gaji,7931000,Pemasukan,1,OVO,Online,0,Depok
TRX00701,2023-10-25,Wednesday,10,2023,Transfer bonus tahunan atas hasil kerja keras sebulan,Bank Central,Gaji,5722000,Pemasukan,1,ShopeePay,Online,0,Denpasar
TRX00702,2023-08-31,Thursday,8,2023,Checkout nasi goreng promo diskon sore hari,McDonalds,Makanan & Minuman,240000,Pengeluaran,0,OVO,Online,0,Semarang
TRX00703,2025-06-26,Thursday,6,2025,Beli bensin bensin Pertamax di SPBU langganan,KCI Commuter,Transportasi,37000,Pengeluaran,0,BRI,Online,0,Bandung
TRX00704,2023-02-23,Thursday,2,2023,Beli tiket e-toll pulang pergi luar kota,KCI Commuter,Transportasi,166000,Pengeluaran,0,Mandiri,Online,0,Malang
TRX00705,2024-04-20,Saturday,4,2024,Makan boba tea pas jam istirahat kantor,Gacoan,Makanan & Minuman,191000,Pengeluaran,0,BRI,Online,0,Denpasar
TRX00706,2026-05-23,Saturday,5,2026,Isi ulang pulsa dan kuota air PDAM harian,M3 Ooredoo,Utilitas,553000,Pengeluaran,0,DANA,Online,0,Bandung
TRX00707,2023-12-02,Saturday,12,2023,Beli mie ayam di Gacoan bareng teman,Gacoan,Makanan & Minuman,84000,Pengeluaran,0,Mandiri,Online,0,Bekasi
TRX00708,2024-02-20,Tuesday,2,2024,Top up saldo kartu e-money untuk bensin Pertamax,Grab,Transportasi,167000,Pengeluaran,0,DANA,Online,0,Bekasi
TRX00709,2024-10-27,Sunday,10,2024,Beli tiket masuk Spotify Premium sama teman-teman,XXI Cinema,Hiburan,427000,Pengeluaran,0,BCA,Online,0,Malang
TRX00710,2025-02-18,Tuesday,2,2025,Sewa kendaraan e-toll untuk perjalanan harian,Bluebird,Transportasi,156000,Pengeluaran,0,ShopeePay,Online,0,Denpasar
TRX00711,2023-03-20,Monday,3,2023,Bayar tagihan pulsa HP bulanan rumah tangga,Pertagas,Utilitas,301000,Pengeluaran,0,ShopeePay,Online,0,Denpasar
TRX00712,2025-03-21,Friday,3,2025,Booking penginapan dan hotel villa pantai liburan,Traveloka,Perjalanan,1855000,Pengeluaran,0,QRIS,Online,0,Yogyakarta
TRX00713,2025-03-26,Wednesday,3,2025,Beli tiket masuk game Steam sama teman-teman,DuFan,Hiburan,115000,Pengeluaran,0,OVO,Online,0,Semarang
TRX00714,2026-06-09,Tuesday,6,2026,Bayar biaya kursus online sertifikasi AI,Penerbit Erlangga,Pendidikan,1998000,Pengeluaran,0,DANA,Online,0,Surabaya
TRX00715,2025-10-22,Wednesday,10,2025,Pesan burger via aplikasi pesan antar makanan,Sederhana,Makanan & Minuman,115000,Pengeluaran,0,DANA,Online,0,Jakarta
TRX00716,2024-01-02,Tuesday,1,2024,Bayar tagihan pulsa HP bulanan rumah tangga,Biznet,Utilitas,306000,Pengeluaran,0,GoPay,Online,0,Bekasi
TRX00717,2023-12-02,Saturday,12,2023,Bayar ongkos ojek online berangkat kerja di Grab,Grab,Transportasi,190000,Pengeluaran,0,DANA,Online,0,Bengkulu
TRX00718,2025-01-13,Monday,1,2025,Pesan burger via aplikasi pesan antar makanan,Solaria,Makanan & Minuman,111000,Pengeluaran,0,BCA,Online,0,Tangerang
TRX00719,2023-12-16,Saturday,12,2023,Bayar biaya kursus online kursus Data Science,Kampus Universitas,Pendidikan,692000,Pengeluaran,0,BRI,Online,0,Tangerang
TRX00720,2023-04-16,Sunday,4,2023,Beli tas punggung dan perlengkapan rumah tangga,Superindo,Belanja,395000,Pengeluaran,0,Tunai,Offline,1,Bandung
TRX00721,2024-02-20,Tuesday,2,2024,Jajanan nasi goreng pas nongkrong malam minggu,Chatime,Makanan & Minuman,142000,Pengeluaran,0,ShopeePay,Online,0,Tangerang
TRX00722,2023-01-12,Thursday,1,2023,Gaji pokok bulanan dari Client Freelance,Client Freelance,Gaji,19088000,Pemasukan,1,DANA,Online,0,Palembang
TRX00723,2025-06-23,Monday,6,2025,Bayar sarapan nasi goreng di warung langganan,Sederhana,Makanan & Minuman,240000,Pengeluaran,0,ShopeePay,Online,0,Bogor
TRX00724,2024-03-01,Friday,3,2024,Checkout nasi goreng promo diskon sore hari,McDonalds,Makanan & Minuman,24000,Pengeluaran,0,Tunai,Offline,1,Jakarta
TRX00725,2026-03-29,Sunday,3,2026,Beli resep skincare & sabun cuci muka dan vitamin di Halodoc,Halodoc,Kesehatan,80000,Pengeluaran,0,Tunai,Offline,1,Bandung
TRX00726,2023-11-27,Monday,11,2023,Pencairan honor payroll bulanan proyek freelance,Bank Central,Gaji,9313000,Pemasukan,1,DANA,Online,0,Bekasi
TRX00727,2026-03-31,Tuesday,3,2026,Beli titipan baju kaos pakai voucher belanja,Alfamart,Belanja,637000,Pengeluaran,0,OVO,Online,0,Bogor
TRX00728,2023-05-19,Friday,5,2023,Top up saldo kartu e-money untuk tiket KRL,Grab,Transportasi,44000,Pengeluaran,0,BNI,Online,0,Bekasi
TRX00729,2024-07-16,Tuesday,7,2024,Pengeluaran bulanan beli casing hp di Hypermart,Hypermart,Belanja,453000,Pengeluaran,0,BNI,Online,0,Malang
TRX00730,2026-07-12,Sunday,7,2026,Bayar rekening pulsa HP tepat waktu di PDAM,PDAM,Utilitas,344000,Pengeluaran,0,OVO,Online,0,Malang
TRX00731,2024-10-10,Thursday,10,2024,Checkout minyak goreng pas diskon tanggal kembar,Matahari,Belanja,1177000,Pengeluaran,0,DANA,Online,0,Yogyakarta
TRX00732,2024-01-04,Thursday,1,2024,Bayar langganan bulanan game Steam streaming,XXI Cinema,Hiburan,30000,Pengeluaran,0,BNI,Online,0,Jakarta
TRX00733,2025-08-10,Sunday,8,2025,Pencairan honor bonus tahunan proyek freelance,PT Nusantara Digital,Gaji,17086000,Pemasukan,1,OVO,Online,0,Jakarta
TRX00734,2024-11-14,Thursday,11,2024,Pengeluaran bulanan beli detergen & sabun di Shopee,Shopee,Belanja,437000,Pengeluaran,0,QRIS,Online,0,Tangerang
TRX00735,2023-05-19,Friday,5,2023,Beli titipan minyak goreng pakai voucher belanja,Lazada,Belanja,37000,Pengeluaran,0,Tunai,Offline,1,Makassar
TRX00736,2024-11-30,Saturday,11,2024,Beli titipan detergen & sabun pakai voucher belanja,Matahari,Belanja,384000,Pengeluaran,0,Tunai,Offline,1,Bogor
TRX00737,2024-11-23,Saturday,11,2024,Beli buku buku novel & komik di Coursera,Coursera,Pendidikan,2744000,Pengeluaran,0,BRI,Online,0,Yogyakarta
TRX00738,2023-11-15,Wednesday,11,2023,Bonus kinerja dan insentif proyek dari perusahaan,Bank Central,Gaji,17064000,Pemasukan,1,BCA,Online,0,Bogor
TRX00739,2025-12-03,Wednesday,12,2025,Checkout detergen & sabun pas diskon tanggal kembar,Uniqlo,Belanja,704000,Pengeluaran,0,GoPay,Online,0,Surabaya
TRX00740,2023-11-02,Thursday,11,2023,Mampir minimarket beli minyak goreng stok mingguan,Alfamart,Belanja,1119000,Pengeluaran,0,OVO,Online,0,Bandung
TRX00741,2026-05-03,Sunday,5,2026,Beli boba tea di Chatime bareng teman,Chatime,Makanan & Minuman,84000,Pengeluaran,0,DANA,Online,0,Depok
TRX00742,2024-05-01,Wednesday,5,2024,Beli casing hp baru via e-commerce,Superindo,Belanja,644000,Pengeluaran,0,Tunai,Offline,1,Makassar
TRX00743,2023-03-18,Saturday,3,2023,Beli tiket taksi online pulang pergi luar kota,Grab,Transportasi,16000,Pengeluaran,0,DANA,Online,0,Depok
TRX00744,2025-10-21,Tuesday,10,2025,Mampir beli soto betawi sama minuman segar,Warung Makan,Makanan & Minuman,213000,Pengeluaran,0,BNI,Online,0,Bogor
TRX00745,2025-11-23,Sunday,11,2025,Penerimaan bonus tahunan masuk ke rekening utama,PT Teknologi Karya,Gaji,18552000,Pemasukan,1,OVO,Online,0,Bekasi
TRX00746,2025-12-05,Friday,12,2025,Makan nasi goreng pas jam istirahat kantor,Chatime,Makanan & Minuman,100000,Pengeluaran,0,BCA,Online,0,Surabaya
TRX00747,2025-12-02,Tuesday,12,2025,Beli tiket ojek online pulang pergi luar kota,KCI Commuter,Transportasi,89000,Pengeluaran,0,Mandiri,Online,0,Makassar
TRX00748,2024-02-15,Thursday,2,2024,Checkout burger promo diskon sore hari,Chatime,Makanan & Minuman,212000,Pengeluaran,0,BNI,Online,0,Semarang
TRX00749,2023-11-02,Thursday,11,2023,Makan nasi goreng pas jam istirahat kantor,KFC,Makanan & Minuman,67000,Pengeluaran,0,ShopeePay,Online,0,Makassar
TRX00750,2024-07-09,Tuesday,7,2024,Bayar sarapan pizza di warung langganan,Chatime,Makanan & Minuman,58000,Pengeluaran,0,Tunai,Offline,1,Malang
TRX00751,2024-11-24,Sunday,11,2024,Bayar tagihan air PDAM bulanan rumah tangga,PLN,Utilitas,532000,Pengeluaran,0,BCA,Online,0,Surabaya
TRX00752,2025-02-24,Monday,2,2025,Pesan mie ayam via aplikasi pesan antar makanan,Solaria,Makanan & Minuman,195000,Pengeluaran,0,DANA,Online,0,Malang
TRX00753,2024-12-29,Sunday,12,2024,Beli titipan baju kaos pakai voucher belanja,Shopee,Belanja,978000,Pengeluaran,0,BNI,Online,0,Bogor
TRX00754,2025-08-17,Sunday,8,2025,Jajanan soto betawi pas nongkrong malam minggu,Chatime,Makanan & Minuman,74000,Pengeluaran,0,BRI,Online,0,Bogor
TRX00755,2026-06-17,Wednesday,6,2026,Checkout roti sobek pas diskon tanggal kembar,Uniqlo,Belanja,701000,Pengeluaran,0,GoPay,Online,0,Yogyakarta
TRX00756,2025-09-25,Thursday,9,2025,Checkout bakso urat promo diskon sore hari,Kopi Kenangan,Makanan & Minuman,137000,Pengeluaran,0,BRI,Online,0,Semarang
TRX00757,2024-12-14,Saturday,12,2024,Penerimaan payroll bulanan masuk ke rekening utama,PT Teknologi Karya,Gaji,16793000,Pemasukan,1,BNI,Online,0,Makassar
TRX00758,2026-02-12,Thursday,2,2026,Bonus kinerja dan payroll bulanan dari perusahaan,PT Sukses Bersama,Gaji,16633000,Pemasukan,1,OVO,Online,0,Medan
TRX00759,2026-06-25,Thursday,6,2026,Makan malam soto betawi bareng keluarga,McDonalds,Makanan & Minuman,31000,Pengeluaran,0,OVO,Online,0,Tangerang
TRX00760,2025-06-10,Tuesday,6,2025,Bayar rekening gas LPG tepat waktu di M3 Ooredoo,M3 Ooredoo,Utilitas,291000,Pengeluaran,0,BRI,Online,0,Bengkulu
TRX00761,2023-06-09,Friday,6,2023,Beli tiket ojek online pulang pergi luar kota,TransJakarta,Transportasi,162000,Pengeluaran,0,DANA,Online,0,Makassar
TRX00762,2026-02-10,Tuesday,2,2026,Mampir beli ayam geprek sama minuman segar,Kopi Kenangan,Makanan & Minuman,118000,Pengeluaran,0,Tunai,Offline,1,Surabaya
TRX00763,2026-05-06,Wednesday,5,2026,Top up saldo kartu e-money untuk tiket KRL,Bluebird,Transportasi,175000,Pengeluaran,0,BCA,Online,0,Surabaya
TRX00764,2024-03-21,Thursday,3,2024,Bayar konsultasi dokter dan beli obat flu & pusing,Century,Kesehatan,706000,Pengeluaran,0,Tunai,Offline,1,Denpasar
TRX00765,2024-08-19,Monday,8,2024,Checkout tas punggung pas diskon tanggal kembar,Matahari,Belanja,446000,Pengeluaran,0,GoPay,Online,0,Semarang
TRX00766,2026-03-13,Friday,3,2026,Tebus resep obat skincare & sabun cuci muka di apotek langganan,Guardian,Kesehatan,765000,Pengeluaran,0,GoPay,Online,0,Surabaya
TRX00767,2026-04-08,Wednesday,4,2026,Pesan mie ayam via aplikasi pesan antar makanan,Mixue,Makanan & Minuman,233000,Pengeluaran,0,GoPay,Online,0,Depok
TRX00768,2026-01-29,Thursday,1,2026,Top up reksa dana aset kripto di Bibit,Bibit,Investasi,1255000,Pengeluaran,0,BCA,Online,0,Medan
TRX00769,2025-06-03,Tuesday,6,2025,Sewa kendaraan tiket KRL untuk perjalanan harian,Bluebird,Transportasi,107000,Pengeluaran,0,OVO,Online,0,Palembang
TRX00770,2025-06-10,Tuesday,6,2025,Beli token pulsa HP prabayar via m-banking,Indihome,Utilitas,242000,Pengeluaran,0,ShopeePay,Online,0,Palembang
TRX00771,2025-01-07,Tuesday,1,2025,Bayar konsultasi dokter dan beli skincare & sabun cuci muka,Apotek K-24,Kesehatan,167000,Pengeluaran,0,Tunai,Offline,1,Bengkulu
TRX00772,2023-02-02,Thursday,2,2023,Pesan mie ayam via aplikasi pesan antar makanan,Kopi Kenangan,Makanan & Minuman,36000,Pengeluaran,0,Tunai,Offline,1,Tangerang
TRX00773,2025-05-01,Thursday,5,2025,Beli tiket masuk wahana rekreasi sama teman-teman,DuFan,Hiburan,349000,Pengeluaran,0,BRI,Online,0,Yogyakarta
TRX00774,2025-11-09,Sunday,11,2025,Beli roti sobek dan perlengkapan rumah tangga,Blibli,Belanja,487000,Pengeluaran,0,Tunai,Offline,1,Malang
TRX00775,2023-01-16,Monday,1,2023,Transfer payroll bulanan atas hasil kerja keras sebulan,PT Teknologi Karya,Gaji,16962000,Pemasukan,1,ShopeePay,Online,0,Malang
TRX00776,2025-01-21,Tuesday,1,2025,Jajanan pizza pas nongkrong malam minggu,Gacoan,Makanan & Minuman,195000,Pengeluaran,0,DANA,Online,0,Bekasi
TRX00777,2023-06-13,Tuesday,6,2023,Jajanan sate ayam pas nongkrong malam minggu,Mixue,Makanan & Minuman,147000,Pengeluaran,0,Tunai,Offline,1,Depok
TRX00778,2026-06-03,Wednesday,6,2026,Mampir beli bakso urat sama minuman segar,Kopi Kenangan,Makanan & Minuman,171000,Pengeluaran,0,Tunai,Offline,1,Makassar
TRX00779,2025-12-31,Wednesday,12,2025,Beli tiket taksi online pulang pergi luar kota,TransJakarta,Transportasi,130000,Pengeluaran,0,GoPay,Online,0,Palembang
TRX00780,2024-12-23,Monday,12,2024,Beli instrumen investasi aset kripto bulanan,Ajaib,Investasi,244000,Pengeluaran,0,QRIS,Online,0,Bekasi
TRX00781,2026-02-28,Saturday,2,2026,Beli sepatu sneaker baru via e-commerce,Blibli,Belanja,130000,Pengeluaran,0,QRIS,Online,0,Tangerang
TRX00782,2026-07-02,Thursday,7,2026,Pesan bakso urat via aplikasi pesan antar makanan,Kopi Kenangan,Makanan & Minuman,144000,Pengeluaran,0,Tunai,Offline,1,Tangerang
TRX00783,2024-07-23,Tuesday,7,2024,Beli snack & mie instan dan perlengkapan rumah tangga,Matahari,Belanja,551000,Pengeluaran,0,Tunai,Offline,1,Surabaya
TRX00784,2026-05-21,Thursday,5,2026,Jajanan ayam geprek pas nongkrong malam minggu,Sederhana,Makanan & Minuman,109000,Pengeluaran,0,QRIS,Online,0,Tangerang
TRX00785,2024-04-28,Sunday,4,2024,Bayar tagihan wifi internet bulanan rumah tangga,PLN,Utilitas,198000,Pengeluaran,0,BRI,Online,0,Bogor
TRX00786,2025-10-12,Sunday,10,2025,Beli bensin taksi online di SPBU langganan,Bluebird,Transportasi,179000,Pengeluaran,0,DANA,Online,0,Bekasi
TRX00787,2023-12-09,Saturday,12,2023,Mampir beli nasi goreng sama minuman segar,Warung Makan,Makanan & Minuman,208000,Pengeluaran,0,BCA,Online,0,Bandung
TRX00788,2025-08-08,Friday,8,2025,Pengeluaran bulanan beli tas punggung di Superindo,Superindo,Belanja,1115000,Pengeluaran,0,Tunai,Offline,1,Bengkulu
TRX00789,2025-03-09,Sunday,3,2025,Isi ulang pulsa dan kuota gas LPG harian,Indihome,Utilitas,62000,Pengeluaran,0,QRIS,Online,0,Depok
TRX00790,2025-07-08,Tuesday,7,2025,Belanja kebutuhan harian detergen & sabun di Uniqlo,Uniqlo,Belanja,1113000,Pengeluaran,0,OVO,Online,0,Malang
TRX00791,2024-07-12,Friday,7,2024,Beli baju kaos dan perlengkapan rumah tangga,Superindo,Belanja,826000,Pengeluaran,0,Mandiri,Online,0,Bekasi
TRX00792,2026-04-20,Monday,4,2026,Pesan kendaraan online bensin Pertamax pas hujan,MyPertamina,Transportasi,150000,Pengeluaran,0,BCA,Online,0,Bengkulu
TRX00793,2023-01-18,Wednesday,1,2023,Beli resep suplemen imun dan vitamin di Kimia Farma,Kimia Farma,Kesehatan,567000,Pengeluaran,0,Tunai,Offline,1,Yogyakarta
TRX00794,2024-12-20,Friday,12,2024,Bayar sarapan sate ayam di warung langganan,Chatime,Makanan & Minuman,23000,Pengeluaran,0,Tunai,Offline,1,Surabaya
TRX00795,2023-04-27,Thursday,4,2023,Langganan platform belajar kursus Data Science,Penerbit Erlangga,Pendidikan,2713000,Pengeluaran,0,BNI,Online,0,Bekasi
TRX00796,2023-09-03,Sunday,9,2023,Makan malam ayam geprek bareng keluarga,Sederhana,Makanan & Minuman,183000,Pengeluaran,0,BRI,Online,0,Depok
TRX00797,2023-08-16,Wednesday,8,2023,Top up saldo kartu e-money untuk tiket KRL,KCI Commuter,Transportasi,179000,Pengeluaran,0,BNI,Online,0,Bengkulu
TRX00798,2025-07-17,Thursday,7,2025,Pembayaran UKT semesteran buku novel & komik,Udemy,Pendidikan,1154000,Pengeluaran,0,BRI,Online,0,Tangerang
TRX00799,2023-06-01,Thursday,6,2023,Mampir minimarket beli roti sobek stok mingguan,Alfamart,Belanja,706000,Pengeluaran,0,QRIS,Online,0,Bogor
TRX00800,2024-06-26,Wednesday,6,2024,Bayar sarapan soto betawi di warung langganan,KFC,Makanan & Minuman,171000,Pengeluaran,0,DANA,Online,0,Surabaya
TRX00801,2023-10-22,Sunday,10,2023,Pembayaran paket langganan air PDAM kecepatan tinggi,XL Axiata,Utilitas,158000,Pengeluaran,0,DANA,Online,0,Bekasi
TRX00802,2024-06-14,Friday,6,2024,Mampir beli bakso urat sama minuman segar,KFC,Makanan & Minuman,213000,Pengeluaran,0,DANA,Online,0,Bandung
TRX00803,2023-01-02,Monday,1,2023,Pembayaran UKT semesteran buku novel & komik,Penerbit Erlangga,Pendidikan,720000,Pengeluaran,0,GoPay,Online,0,Depok
TRX00804,2025-03-12,Wednesday,3,2025,Bonus kinerja dan honor freelance dari perusahaan,Bank Central,Gaji,17788000,Pemasukan,1,OVO,Online,0,Bogor
TRX00805,2023-05-24,Wednesday,5,2023,Bayar rekening pulsa HP tepat waktu di PLN,PLN,Utilitas,543000,Pengeluaran,0,BNI,Online,0,Malang
TRX00806,2026-01-01,Thursday,1,2026,Pembayaran UKT semesteran UKT kuliah,Udemy,Pendidikan,1740000,Pengeluaran,0,BCA,Online,0,Bengkulu
TRX00807,2023-07-05,Wednesday,7,2023,Beli titipan baju kaos pakai voucher belanja,Uniqlo,Belanja,966000,Pengeluaran,0,QRIS,Online,0,Bengkulu
TRX00808,2024-02-20,Tuesday,2,2024,Bayar sarapan mie ayam di warung langganan,Gacoan,Makanan & Minuman,91000,Pengeluaran,0,BNI,Online,0,Bengkulu
TRX00809,2025-01-05,Sunday,1,2025,Beli token air PDAM prabayar via m-banking,Pertagas,Utilitas,86000,Pengeluaran,0,Mandiri,Online,0,Jakarta
TRX00810,2026-04-29,Wednesday,4,2026,Mampir beli bakso urat sama minuman segar,Solaria,Makanan & Minuman,142000,Pengeluaran,0,DANA,Online,0,Jakarta
TRX00811,2023-03-17,Friday,3,2023,Mampir minimarket beli detergen & sabun stok mingguan,Uniqlo,Belanja,267000,Pengeluaran,0,Tunai,Offline,1,Bengkulu
TRX00812,2025-12-07,Sunday,12,2025,Beli token gas LPG prabayar via m-banking,Indihome,Utilitas,123000,Pengeluaran,0,BCA,Online,0,Bekasi
TRX00813,2023-10-17,Tuesday,10,2023,Pembayaran paket langganan pulsa HP kecepatan tinggi,PLN,Utilitas,96000,Pengeluaran,0,Mandiri,Online,0,Bekasi
TRX00814,2023-09-25,Monday,9,2023,Makan sate ayam pas jam istirahat kantor,Gacoan,Makanan & Minuman,131000,Pengeluaran,0,BNI,Online,0,Bogor
TRX00815,2023-08-06,Sunday,8,2023,Bayar sarapan pizza di warung langganan,Sederhana,Makanan & Minuman,31000,Pengeluaran,0,OVO,Online,0,Makassar
TRX00816,2025-04-03,Thursday,4,2025,Beli sepatu sneaker dan perlengkapan rumah tangga,Matahari,Belanja,461000,Pengeluaran,0,BRI,Online,0,Makassar
TRX00817,2023-05-10,Wednesday,5,2023,Pesan mie ayam via aplikasi pesan antar makanan,McDonalds,Makanan & Minuman,193000,Pengeluaran,0,BRI,Online,0,Yogyakarta
TRX00818,2024-05-13,Monday,5,2024,Beli buku kursus Data Science di Gramedia,Gramedia,Pendidikan,3340000,Pengeluaran,0,OVO,Online,0,Tangerang
TRX00819,2023-11-20,Monday,11,2023,Beli bakso urat di Kopi Kenangan bareng teman,Kopi Kenangan,Makanan & Minuman,16000,Pengeluaran,0,Tunai,Offline,1,Surabaya
TRX00820,2026-04-30,Thursday,4,2026,Bayar langganan bulanan Spotify Premium streaming,Netflix,Hiburan,135000,Pengeluaran,0,BRI,Online,0,Bengkulu
TRX00821,2024-07-08,Monday,7,2024,Beli token air PDAM prabayar via m-banking,XL Axiata,Utilitas,88000,Pengeluaran,0,BRI,Online,0,Bekasi
TRX00822,2025-10-20,Monday,10,2025,Transfer insentif proyek atas hasil kerja keras sebulan,PT Nusantara Digital,Gaji,17222000,Pemasukan,1,BCA,Online,0,Denpasar
TRX00823,2024-04-27,Saturday,4,2024,Checkout bakso urat promo diskon sore hari,Mixue,Makanan & Minuman,235000,Pengeluaran,0,ShopeePay,Online,0,Denpasar
TRX00824,2024-03-25,Monday,3,2024,Bayar tagihan wifi internet bulanan rumah tangga,Biznet,Utilitas,248000,Pengeluaran,0,BNI,Online,0,Tangerang
TRX00825,2023-11-02,Thursday,11,2023,Gaji pokok bulanan dari Client Freelance,Client Freelance,Gaji,8735000,Pemasukan,1,BCA,Online,0,Jakarta
TRX00826,2025-01-15,Wednesday,1,2025,Beli snack & mie instan dan perlengkapan rumah tangga,Hypermart,Belanja,953000,Pengeluaran,0,Tunai,Offline,1,Bekasi
TRX00827,2023-04-18,Tuesday,4,2023,Beli buku kursus Data Science di Ruangguru,Ruangguru,Pendidikan,2086000,Pengeluaran,0,ShopeePay,Online,0,Surabaya
TRX00828,2023-05-26,Friday,5,2023,Langganan fitur premium Spotify Premium bulanan,PlayStation Store,Hiburan,326000,Pengeluaran,0,GoPay,Online,0,Palembang
TRX00829,2024-02-12,Monday,2,2024,Bayar ongkos bensin Pertamax berangkat kerja di MyPertamina,MyPertamina,Transportasi,93000,Pengeluaran,0,Mandiri,Online,0,Surabaya
TRX00830,2024-04-30,Tuesday,4,2024,Beli bensin taksi online di SPBU langganan,KAI,Transportasi,28000,Pengeluaran,0,DANA,Online,0,Malang
TRX00831,2025-09-19,Friday,9,2025,Bayar sarapan ayam geprek di warung langganan,Solaria,Makanan & Minuman,171000,Pengeluaran,0,OVO,Online,0,Makassar
TRX00832,2023-10-07,Saturday,10,2023,Pelunasan iuran wifi internet biar aliran tetap lancar,Biznet,Utilitas,257000,Pengeluaran,0,GoPay,Online,0,Bandung
TRX00833,2023-03-07,Tuesday,3,2023,Beli bensin tiket KRL di SPBU langganan,Gojek,Transportasi,38000,Pengeluaran,0,DANA,Online,0,Yogyakarta
TRX00834,2025-05-06,Tuesday,5,2025,Mampir beli kopi susu sama minuman segar,Warung Makan,Makanan & Minuman,169000,Pengeluaran,0,Tunai,Offline,1,Tangerang
TRX00835,2026-06-06,Saturday,6,2026,Bayar biaya kursus online sertifikasi AI,Kampus Universitas,Pendidikan,454000,Pengeluaran,0,OVO,Online,0,Bogor
TRX00836,2025-12-04,Thursday,12,2025,Isi ulang pulsa dan kuota gas LPG harian,Biznet,Utilitas,523000,Pengeluaran,0,QRIS,Online,0,Jakarta
TRX00837,2025-05-26,Monday,5,2025,Pesan kendaraan online bensin Pertamax pas hujan,KAI,Transportasi,121000,Pengeluaran,0,Mandiri,Online,0,Depok
TRX00838,2026-04-26,Sunday,4,2026,Alokasi investasi berkala reksa dana pasar uang,Pintu,Investasi,281000,Pengeluaran,0,BCA,Online,0,Yogyakarta
TRX00839,2025-10-29,Wednesday,10,2025,Jajanan mie ayam pas nongkrong malam minggu,Mixue,Makanan & Minuman,222000,Pengeluaran,0,BNI,Online,0,Yogyakarta
TRX00840,2025-10-11,Saturday,10,2025,Makan malam nasi goreng bareng keluarga,Mixue,Makanan & Minuman,70000,Pengeluaran,0,Tunai,Offline,1,Semarang
TRX00841,2024-05-04,Saturday,5,2024,Bonus kinerja dan gaji pokok dari perusahaan,PT Nusantara Digital,Gaji,13488000,Pemasukan,1,BRI,Online,0,Bekasi
TRX00842,2025-07-29,Tuesday,7,2025,Beli tiket nonton wahana rekreasi di PlayStation Store,PlayStation Store,Hiburan,262000,Pengeluaran,0,DANA,Online,0,Tangerang
TRX00843,2023-10-11,Wednesday,10,2023,Top up voucher game Netflix 1 bulan pas akhir pekan,Netflix,Hiburan,350000,Pengeluaran,0,DANA,Online,0,Bekasi
TRX00844,2026-07-21,Tuesday,7,2026,Checkout mie ayam promo diskon sore hari,KFC,Makanan & Minuman,150000,Pengeluaran,0,Tunai,Offline,1,Palembang
TRX00845,2024-07-06,Saturday,7,2024,Beli tiket ojek online pulang pergi luar kota,KAI,Transportasi,95000,Pengeluaran,0,BCA,Online,0,Denpasar
TRX00846,2025-01-15,Wednesday,1,2025,Top up voucher game Spotify Premium pas akhir pekan,CGV,Hiburan,268000,Pengeluaran,0,BCA,Online,0,Makassar
TRX00847,2025-01-20,Monday,1,2025,Bayar sarapan bakso urat di warung langganan,Mixue,Makanan & Minuman,50000,Pengeluaran,0,Mandiri,Online,0,Denpasar
TRX00848,2023-08-21,Monday,8,2023,Gaji pokok bulanan dari Bank Central,Bank Central,Gaji,14000000,Pemasukan,1,GoPay,Online,0,Depok
TRX00849,2024-07-01,Monday,7,2024,Bayar tagihan wifi internet bulanan rumah tangga,XL Axiata,Utilitas,114000,Pengeluaran,0,GoPay,Online,0,Makassar
TRX00850,2025-07-15,Tuesday,7,2025,Bayar rekening pulsa HP tepat waktu di PDAM,PDAM,Utilitas,594000,Pengeluaran,0,ShopeePay,Online,0,Depok
TRX00851,2024-08-21,Wednesday,8,2024,Beli token listrik PLN prabayar via m-banking,M3 Ooredoo,Utilitas,518000,Pengeluaran,0,BNI,Online,0,Surabaya
TRX00852,2025-03-11,Tuesday,3,2025,Beli tiket nonton film bioskop XXI di Spotify,Spotify,Hiburan,114000,Pengeluaran,0,QRIS,Online,0,Surabaya
TRX00853,2023-10-31,Tuesday,10,2023,Bayar rekening gas LPG tepat waktu di Biznet,Biznet,Utilitas,73000,Pengeluaran,0,QRIS,Online,0,Palembang
TRX00854,2026-01-13,Tuesday,1,2026,Beli perlengkapan alat tulis UKT kuliah kuliah,Coursera,Pendidikan,1918000,Pengeluaran,0,BCA,Online,0,Semarang
TRX00855,2024-01-23,Tuesday,1,2024,Checkout burger promo diskon sore hari,Bakso Pak Kumis,Makanan & Minuman,120000,Pengeluaran,0,GoPay,Online,0,Yogyakarta
TRX00856,2026-04-30,Thursday,4,2026,Bonus kinerja dan payroll bulanan dari perusahaan,Bank Central,Gaji,18507000,Pemasukan,1,QRIS,Online,0,Malang
TRX00857,2023-09-28,Thursday,9,2023,Top up voucher game Netflix 1 bulan pas akhir pekan,Spotify,Hiburan,146000,Pengeluaran,0,DANA,Online,0,Makassar
TRX00858,2024-08-13,Tuesday,8,2024,Pesan kendaraan online bensin Pertamax pas hujan,Gojek,Transportasi,82000,Pengeluaran,0,DANA,Online,0,Bandung
TRX00859,2026-06-20,Saturday,6,2026,Pembayaran UKT semesteran sertifikasi AI,Penerbit Erlangga,Pendidikan,846000,Pengeluaran,0,BRI,Online,0,Bogor
TRX00860,2023-11-11,Saturday,11,2023,Checkout nasi goreng promo diskon sore hari,KFC,Makanan & Minuman,162000,Pengeluaran,0,Tunai,Offline,1,Semarang
TRX00861,2025-01-27,Monday,1,2025,Checkout nasi goreng promo diskon sore hari,Mixue,Makanan & Minuman,103000,Pengeluaran,0,Tunai,Offline,1,Yogyakarta
TRX00862,2026-01-10,Saturday,1,2026,Booking penginapan dan hotel tiket kereta api liburan,Lion Air,Perjalanan,504000,Pengeluaran,0,OVO,Online,0,Depok
TRX00863,2025-10-19,Sunday,10,2025,Beli bensin tiket KRL di SPBU langganan,TransJakarta,Transportasi,11000,Pengeluaran,0,ShopeePay,Online,0,Denpasar
TRX00864,2024-11-09,Saturday,11,2024,Transfer honor freelance atas hasil kerja keras sebulan,PT Sukses Bersama,Gaji,8319000,Pemasukan,1,DANA,Online,0,Makassar
TRX00865,2023-08-19,Saturday,8,2023,Sewa kendaraan bensin Pertamax untuk perjalanan harian,Gojek,Transportasi,151000,Pengeluaran,0,BNI,Online,0,Semarang
TRX00866,2023-02-20,Monday,2,2023,Beli tas punggung dan perlengkapan rumah tangga,Shopee,Belanja,214000,Pengeluaran,0,Mandiri,Online,0,Malang
TRX00867,2025-12-14,Sunday,12,2025,Beli kopi susu di Chatime bareng teman,Chatime,Makanan & Minuman,36000,Pengeluaran,0,DANA,Online,0,Bengkulu
TRX00868,2023-06-28,Wednesday,6,2023,Reservasi paket tur dan liburan tiket pesawat,Garuda Indonesia,Perjalanan,2903000,Pengeluaran,0,ShopeePay,Online,0,Jakarta
TRX00869,2025-01-09,Thursday,1,2025,Mampir minimarket beli minyak goreng stok mingguan,Hypermart,Belanja,788000,Pengeluaran,0,Tunai,Offline,1,Makassar
TRX00870,2024-12-20,Friday,12,2024,Checkout baju kaos pas diskon tanggal kembar,Blibli,Belanja,934000,Pengeluaran,0,OVO,Online,0,Tangerang
TRX00871,2025-06-25,Wednesday,6,2025,Checkout roti sobek pas diskon tanggal kembar,Hypermart,Belanja,201000,Pengeluaran,0,Tunai,Offline,1,Semarang
TRX00872,2025-08-30,Saturday,8,2025,Booking penginapan dan hotel tiket kereta api liburan,Lion Air,Perjalanan,3378000,Pengeluaran,0,BNI,Online,0,Jakarta
TRX00873,2025-04-18,Friday,4,2025,Gaji pokok bulanan dari PT Sukses Bersama,PT Sukses Bersama,Gaji,18642000,Pemasukan,1,BRI,Online,0,Medan
TRX00874,2024-01-16,Tuesday,1,2024,Tebus resep obat minyak kayu putih di apotek langganan,Halodoc,Kesehatan,73000,Pengeluaran,0,QRIS,Online,0,Bogor
TRX00875,2026-04-13,Monday,4,2026,Checkout tas punggung pas diskon tanggal kembar,Lazada,Belanja,79000,Pengeluaran,0,BRI,Online,0,Semarang
TRX00876,2024-09-06,Friday,9,2024,Top up reksa dana obligasi negara di Indodax,Indodax,Investasi,2778000,Pengeluaran,0,QRIS,Online,0,Palembang
TRX00877,2024-01-03,Wednesday,1,2024,Bayar tagihan listrik PLN bulanan rumah tangga,Biznet,Utilitas,333000,Pengeluaran,0,DANA,Online,0,Surabaya
TRX00878,2026-05-11,Monday,5,2026,Top up saldo kartu e-money untuk e-toll,TransJakarta,Transportasi,76000,Pengeluaran,0,DANA,Online,0,Bekasi
TRX00879,2023-09-02,Saturday,9,2023,Beli titipan detergen & sabun pakai voucher belanja,Matahari,Belanja,556000,Pengeluaran,0,Tunai,Offline,1,Jakarta
TRX00880,2023-10-27,Friday,10,2023,Checkout minyak goreng pas diskon tanggal kembar,Tokopedia,Belanja,133000,Pengeluaran,0,OVO,Online,0,Bengkulu
TRX00881,2024-12-30,Monday,12,2024,Makan burger pas jam istirahat kantor,Chatime,Makanan & Minuman,146000,Pengeluaran,0,Tunai,Offline,1,Bengkulu
TRX00882,2024-01-11,Thursday,1,2024,Pesan kendaraan online e-toll pas hujan,Maxim,Transportasi,90000,Pengeluaran,0,QRIS,Online,0,Semarang
TRX00883,2025-01-12,Sunday,1,2025,Pesan boba tea via aplikasi pesan antar makanan,Sederhana,Makanan & Minuman,18000,Pengeluaran,0,Tunai,Offline,1,Semarang
TRX00884,2025-02-02,Sunday,2,2025,Beli bensin tiket KRL di SPBU langganan,Bluebird,Transportasi,36000,Pengeluaran,0,Mandiri,Online,0,Bandung
TRX00885,2025-10-27,Monday,10,2025,Makan burger pas jam istirahat kantor,Bakso Pak Kumis,Makanan & Minuman,121000,Pengeluaran,0,BNI,Online,0,Surabaya
TRX00886,2023-09-26,Tuesday,9,2023,Pembayaran UKT semesteran UKT kuliah,Coursera,Pendidikan,2930000,Pengeluaran,0,GoPay,Online,0,Bandung
TRX00887,2025-06-24,Tuesday,6,2025,Top up voucher game wahana rekreasi pas akhir pekan,Steam,Hiburan,118000,Pengeluaran,0,QRIS,Online,0,Jakarta
TRX00888,2023-08-31,Thursday,8,2023,Mampir beli kopi susu sama minuman segar,McDonalds,Makanan & Minuman,47000,Pengeluaran,0,Tunai,Offline,1,Surabaya
TRX00889,2025-05-20,Tuesday,5,2025,Bayar ongkos ojek online berangkat kerja di Grab,Grab,Transportasi,133000,Pengeluaran,0,OVO,Online,0,Jakarta
TRX00890,2024-02-07,Wednesday,2,2024,Beli pizza di Mixue bareng teman,Mixue,Makanan & Minuman,135000,Pengeluaran,0,Tunai,Offline,1,Semarang
TRX00891,2023-03-30,Thursday,3,2023,Makan bakso urat pas jam istirahat kantor,Gacoan,Makanan & Minuman,250000,Pengeluaran,0,Mandiri,Online,0,Bandung
TRX00892,2024-12-20,Friday,12,2024,Checkout sate ayam promo diskon sore hari,McDonalds,Makanan & Minuman,105000,Pengeluaran,0,Tunai,Offline,1,Denpasar
TRX00893,2026-06-09,Tuesday,6,2026,Makan bakso urat pas jam istirahat kantor,Sederhana,Makanan & Minuman,224000,Pengeluaran,0,BCA,Online,0,Denpasar
TRX00894,2024-03-20,Wednesday,3,2024,Beli tiket bensin Pertamax pulang pergi luar kota,KCI Commuter,Transportasi,11000,Pengeluaran,0,BNI,Online,0,Depok
TRX00895,2024-03-14,Thursday,3,2024,Pembayaran UKT semesteran buku novel & komik,Penerbit Erlangga,Pendidikan,2959000,Pengeluaran,0,BRI,Online,0,Yogyakarta
TRX00896,2023-08-08,Tuesday,8,2023,Makan malam mie ayam bareng keluarga,Warung Makan,Makanan & Minuman,69000,Pengeluaran,0,OVO,Online,0,Surabaya
TRX00897,2024-10-05,Saturday,10,2024,Pesan burger via aplikasi pesan antar makanan,KFC,Makanan & Minuman,141000,Pengeluaran,0,QRIS,Online,0,Denpasar
TRX00898,2023-03-25,Saturday,3,2023,Makan malam bakso urat bareng keluarga,Kopi Kenangan,Makanan & Minuman,87000,Pengeluaran,0,QRIS,Online,0,Bengkulu
TRX00899,2025-06-28,Saturday,6,2025,Makan malam sate ayam bareng keluarga,Solaria,Makanan & Minuman,63000,Pengeluaran,0,DANA,Online,0,Bengkulu
TRX00900,2025-01-22,Wednesday,1,2025,Makan malam bakso urat bareng keluarga,Kopi Kenangan,Makanan & Minuman,127000,Pengeluaran,0,BNI,Online,0,Surabaya
TRX00901,2023-10-21,Saturday,10,2023,Pengeluaran bulanan beli baju kaos di Matahari,Matahari,Belanja,370000,Pengeluaran,0,Tunai,Offline,1,Medan
TRX00902,2024-11-24,Sunday,11,2024,Bayar sarapan bakso urat di warung langganan,Solaria,Makanan & Minuman,229000,Pengeluaran,0,DANA,Online,0,Semarang
TRX00903,2026-04-06,Monday,4,2026,Bonus kinerja dan insentif proyek dari perusahaan,Client Freelance,Gaji,16752000,Pemasukan,1,DANA,Online,0,Denpasar
TRX00904,2024-07-25,Thursday,7,2024,Makan bakso urat pas jam istirahat kantor,Kopi Kenangan,Makanan & Minuman,79000,Pengeluaran,0,Mandiri,Online,0,Bengkulu
TRX00905,2023-10-03,Tuesday,10,2023,Jajanan bakso urat pas nongkrong malam minggu,Gacoan,Makanan & Minuman,188000,Pengeluaran,0,Tunai,Offline,1,Bandung
TRX00906,2025-02-22,Saturday,2,2025,Transfer bonus tahunan atas hasil kerja keras sebulan,PT Sukses Bersama,Gaji,6656000,Pemasukan,1,BNI,Online,0,Bengkulu
TRX00907,2025-11-30,Sunday,11,2025,Pesan kendaraan online bensin Pertamax pas hujan,TransJakarta,Transportasi,179000,Pengeluaran,0,DANA,Online,0,Yogyakarta
TRX00908,2025-10-30,Thursday,10,2025,Beli titipan detergen & sabun pakai voucher belanja,Uniqlo,Belanja,89000,Pengeluaran,0,BNI,Online,0,Palembang
TRX00909,2025-07-10,Thursday,7,2025,Mampir minimarket beli tas punggung stok mingguan,Hypermart,Belanja,98000,Pengeluaran,0,Tunai,Offline,1,Denpasar
TRX00910,2024-09-12,Thursday,9,2024,Beli tiket masuk Spotify Premium sama teman-teman,XXI Cinema,Hiburan,98000,Pengeluaran,0,QRIS,Online,0,Bekasi
TRX00911,2025-03-07,Friday,3,2025,Bayar rekening gas LPG tepat waktu di PDAM,PDAM,Utilitas,552000,Pengeluaran,0,ShopeePay,Online,0,Bengkulu
TRX00912,2026-01-09,Friday,1,2026,Gaji pokok bulanan dari Client Freelance,Client Freelance,Gaji,5326000,Pemasukan,1,OVO,Online,0,Semarang
TRX00913,2025-10-10,Friday,10,2025,Transfer payroll bulanan atas hasil kerja keras sebulan,Client Freelance,Gaji,12820000,Pemasukan,1,GoPay,Online,0,Jakarta
TRX00914,2023-02-27,Monday,2,2023,Transfer insentif proyek atas hasil kerja keras sebulan,PT Teknologi Karya,Gaji,4381000,Pemasukan,1,GoPay,Online,0,Palembang
TRX00915,2023-07-19,Wednesday,7,2023,Beli roti sobek dan perlengkapan rumah tangga,Uniqlo,Belanja,140000,Pengeluaran,0,Mandiri,Online,0,Medan
TRX00916,2024-10-01,Tuesday,10,2024,Penerimaan insentif proyek masuk ke rekening utama,PT Nusantara Digital,Gaji,14562000,Pemasukan,1,BRI,Online,0,Jakarta
TRX00917,2026-01-07,Wednesday,1,2026,Beli roti sobek baru via e-commerce,Blibli,Belanja,1079000,Pengeluaran,0,QRIS,Online,0,Jakarta
TRX00918,2025-08-19,Tuesday,8,2025,Pencairan honor honor freelance proyek freelance,PT Sukses Bersama,Gaji,16289000,Pemasukan,1,GoPay,Online,0,Malang
TRX00919,2023-07-20,Thursday,7,2023,Beli perlengkapan vitamin C dan obat flu,Kimia Farma,Kesehatan,538000,Pengeluaran,0,GoPay,Online,0,Bandung
TRX00920,2026-06-13,Saturday,6,2026,Mampir minimarket beli casing hp stok mingguan,Hypermart,Belanja,179000,Pengeluaran,0,ShopeePay,Online,0,Medan
TRX00921,2024-08-11,Sunday,8,2024,Beli titipan roti sobek pakai voucher belanja,Superindo,Belanja,487000,Pengeluaran,0,BNI,Online,0,Bekasi
TRX00922,2026-03-30,Monday,3,2026,Makan sate ayam pas jam istirahat kantor,Warung Makan,Makanan & Minuman,160000,Pengeluaran,0,DANA,Online,0,Palembang
TRX00923,2024-03-05,Tuesday,3,2024,Beli snack & mie instan baru via e-commerce,Indomaret,Belanja,639000,Pengeluaran,0,ShopeePay,Online,0,Makassar
TRX00924,2024-02-14,Wednesday,2,2024,Pengeluaran bulanan beli tas punggung di Superindo,Superindo,Belanja,1146000,Pengeluaran,0,Tunai,Offline,1,Jakarta
TRX00925,2026-07-09,Thursday,7,2026,Top up saldo kartu e-money untuk e-toll,Maxim,Transportasi,64000,Pengeluaran,0,DANA,Online,0,Semarang
TRX00926,2025-12-27,Saturday,12,2025,Beli masker dan suplemen imun untuk stok rumah,RS Siloam,Kesehatan,774000,Pengeluaran,0,ShopeePay,Online,0,Medan
TRX00927,2025-01-16,Thursday,1,2025,Bayar rekening air PDAM tepat waktu di Biznet,Biznet,Utilitas,357000,Pengeluaran,0,OVO,Online,0,Palembang
TRX00928,2024-10-14,Monday,10,2024,Beli tiket masuk Netflix 1 bulan sama teman-teman,CGV,Hiburan,166000,Pengeluaran,0,QRIS,Online,0,Bengkulu
TRX00929,2023-11-25,Saturday,11,2023,Mampir minimarket beli casing hp stok mingguan,Matahari,Belanja,513000,Pengeluaran,0,Tunai,Offline,1,Medan
TRX00930,2023-02-26,Sunday,2,2023,Jajanan soto betawi pas nongkrong malam minggu,Chatime,Makanan & Minuman,158000,Pengeluaran,0,OVO,Online,0,Bengkulu
TRX00931,2023-03-17,Friday,3,2023,Beli ayam geprek di Chatime bareng teman,Chatime,Makanan & Minuman,81000,Pengeluaran,0,QRIS,Online,0,Bengkulu
TRX00932,2026-02-01,Sunday,2,2026,Beli soto betawi di Gacoan bareng teman,Gacoan,Makanan & Minuman,29000,Pengeluaran,0,BNI,Online,0,Makassar
TRX00933,2026-05-17,Sunday,5,2026,Beli roti sobek dan perlengkapan rumah tangga,Indomaret,Belanja,209000,Pengeluaran,0,BRI,Online,0,Medan
TRX00934,2023-08-18,Friday,8,2023,Pencairan honor gaji pokok proyek freelance,Bank Central,Gaji,11751000,Pemasukan,1,DANA,Online,0,Depok
TRX00935,2023-07-04,Tuesday,7,2023,Checkout boba tea promo diskon sore hari,KFC,Makanan & Minuman,228000,Pengeluaran,0,OVO,Online,0,Tangerang
TRX00936,2024-04-28,Sunday,4,2024,Beli buku kursus Data Science di Ruangguru,Ruangguru,Pendidikan,817000,Pengeluaran,0,Mandiri,Online,0,Semarang
TRX00937,2025-06-19,Thursday,6,2025,Mampir minimarket beli detergen & sabun stok mingguan,Matahari,Belanja,1117000,Pengeluaran,0,BNI,Online,0,Makassar
TRX00938,2026-01-22,Thursday,1,2026,Beli titipan snack & mie instan pakai voucher belanja,Shopee,Belanja,321000,Pengeluaran,0,GoPay,Online,0,Bogor
TRX00939,2024-09-23,Monday,9,2024,Beli nasi goreng di Sederhana bareng teman,Sederhana,Makanan & Minuman,191000,Pengeluaran,0,Mandiri,Online,0,Semarang
TRX00940,2026-02-05,Thursday,2,2026,Beli baju kaos baru via e-commerce,Uniqlo,Belanja,509000,Pengeluaran,0,OVO,Online,0,Jakarta
TRX00941,2025-03-15,Saturday,3,2025,Beli buku UKT kuliah di Udemy,Udemy,Pendidikan,3469000,Pengeluaran,0,Mandiri,Online,0,Semarang
TRX00942,2024-03-06,Wednesday,3,2024,Top up voucher game Spotify Premium pas akhir pekan,XXI Cinema,Hiburan,445000,Pengeluaran,0,OVO,Online,0,Tangerang
TRX00943,2023-03-11,Saturday,3,2023,Mampir minimarket beli tas punggung stok mingguan,Indomaret,Belanja,870000,Pengeluaran,0,GoPay,Online,0,Bekasi
TRX00944,2025-05-15,Thursday,5,2025,Bayar langganan bulanan film bioskop XXI streaming,DuFan,Hiburan,387000,Pengeluaran,0,QRIS,Online,0,Denpasar
TRX00945,2023-05-16,Tuesday,5,2023,Mampir minimarket beli minyak goreng stok mingguan,Matahari,Belanja,81000,Pengeluaran,0,BRI,Online,0,Bengkulu
TRX00946,2025-06-27,Friday,6,2025,Tebus resep obat obat flu & pusing di apotek langganan,Apotek K-24,Kesehatan,234000,Pengeluaran,0,GoPay,Online,0,Malang
TRX00947,2023-06-18,Sunday,6,2023,Pesan burger via aplikasi pesan antar makanan,Bakso Pak Kumis,Makanan & Minuman,231000,Pengeluaran,0,OVO,Online,0,Tangerang
TRX00948,2024-10-16,Wednesday,10,2024,Beli token wifi internet prabayar via m-banking,Indihome,Utilitas,385000,Pengeluaran,0,QRIS,Online,0,Medan
TRX00949,2023-06-22,Thursday,6,2023,Mampir minimarket beli roti sobek stok mingguan,Tokopedia,Belanja,1193000,Pengeluaran,0,Tunai,Offline,1,Jakarta
TRX00950,2026-02-17,Tuesday,2,2026,Bonus kinerja dan gaji pokok dari perusahaan,PT Teknologi Karya,Gaji,9996000,Pemasukan,1,QRIS,Online,0,Bekasi
TRX00951,2023-12-12,Tuesday,12,2023,Mampir beli mie ayam sama minuman segar,Sederhana,Makanan & Minuman,53000,Pengeluaran,0,Tunai,Offline,1,Makassar
TRX00952,2023-12-15,Friday,12,2023,Alokasi investasi berkala reksa dana pasar uang,Bibit,Investasi,1958000,Pengeluaran,0,DANA,Online,0,Surabaya
TRX00953,2024-04-04,Thursday,4,2024,Pesan kendaraan online tiket KRL pas hujan,KAI,Transportasi,136000,Pengeluaran,0,OVO,Online,0,Bandung
TRX00954,2025-06-02,Monday,6,2025,Top up voucher game Netflix 1 bulan pas akhir pekan,Steam,Hiburan,402000,Pengeluaran,0,Mandiri,Online,0,Palembang
TRX00955,2024-01-05,Friday,1,2024,Beli detergen & sabun dan perlengkapan rumah tangga,Tokopedia,Belanja,561000,Pengeluaran,0,Tunai,Offline,1,Yogyakarta
TRX00956,2024-05-23,Thursday,5,2024,Belanja kebutuhan harian baju kaos di Blibli,Blibli,Belanja,985000,Pengeluaran,0,Tunai,Offline,1,Makassar
TRX00957,2025-03-25,Tuesday,3,2025,Pencairan honor honor freelance proyek freelance,Client Freelance,Gaji,11896000,Pemasukan,1,BNI,Online,0,Surabaya
TRX00958,2026-02-14,Saturday,2,2026,Jajanan kopi susu pas nongkrong malam minggu,Warung Makan,Makanan & Minuman,247000,Pengeluaran,0,BCA,Online,0,Jakarta
TRX00959,2024-06-03,Monday,6,2024,Isi ulang pulsa dan kuota wifi internet harian,XL Axiata,Utilitas,429000,Pengeluaran,0,BRI,Online,0,Depok
TRX00960,2026-02-19,Thursday,2,2026,Pesan sate ayam via aplikasi pesan antar makanan,McDonalds,Makanan & Minuman,143000,Pengeluaran,0,GoPay,Online,0,Depok
TRX00961,2025-08-16,Saturday,8,2025,Makan malam burger bareng keluarga,Warung Makan,Makanan & Minuman,51000,Pengeluaran,0,GoPay,Online,0,Jakarta
TRX00962,2023-09-19,Tuesday,9,2023,Isi ulang pulsa dan kuota wifi internet harian,Telkomsel,Utilitas,339000,Pengeluaran,0,QRIS,Online,0,Malang
TRX00963,2024-06-24,Monday,6,2024,Pelunasan iuran air PDAM biar aliran tetap lancar,XL Axiata,Utilitas,553000,Pengeluaran,0,BRI,Online,0,Denpasar
TRX00964,2025-06-20,Friday,6,2025,Bayar sarapan nasi goreng di warung langganan,McDonalds,Makanan & Minuman,61000,Pengeluaran,0,Tunai,Offline,1,Semarang
TRX00965,2023-12-01,Friday,12,2023,Top up saldo kartu e-money untuk ojek online,Bluebird,Transportasi,20000,Pengeluaran,0,DANA,Online,0,Makassar
TRX00966,2026-02-22,Sunday,2,2026,Bayar rekening listrik PLN tepat waktu di Pertagas,Pertagas,Utilitas,201000,Pengeluaran,0,BNI,Online,0,Makassar
TRX00967,2023-07-11,Tuesday,7,2023,Pesan ayam geprek via aplikasi pesan antar makanan,Chatime,Makanan & Minuman,206000,Pengeluaran,0,QRIS,Online,0,Malang
TRX00968,2026-04-14,Tuesday,4,2026,Pesan burger via aplikasi pesan antar makanan,Gacoan,Makanan & Minuman,121000,Pengeluaran,0,Mandiri,Online,0,Tangerang
TRX00969,2025-10-17,Friday,10,2025,Transfer gaji pokok atas hasil kerja keras sebulan,PT Sukses Bersama,Gaji,7497000,Pemasukan,1,OVO,Online,0,Makassar
TRX00970,2026-04-24,Friday,4,2026,Bayar biaya kursus online UKT kuliah,Gramedia,Pendidikan,218000,Pengeluaran,0,BNI,Online,0,Yogyakarta
TRX00971,2025-09-09,Tuesday,9,2025,Bayar rekening gas LPG tepat waktu di Telkomsel,Telkomsel,Utilitas,55000,Pengeluaran,0,GoPay,Online,0,Jakarta
TRX00972,2026-06-28,Sunday,6,2026,Beli instrumen investasi saham blue chip bulanan,Ajaib,Investasi,299000,Pengeluaran,0,QRIS,Online,0,Makassar
TRX00973,2023-04-24,Monday,4,2023,Top up saldo kartu e-money untuk ojek online,Bluebird,Transportasi,75000,Pengeluaran,0,BRI,Online,0,Medan
TRX00974,2025-03-27,Thursday,3,2025,Makan malam ayam geprek bareng keluarga,Bakso Pak Kumis,Makanan & Minuman,214000,Pengeluaran,0,BRI,Online,0,Surabaya
TRX00975,2024-09-03,Tuesday,9,2024,Bayar rekening wifi internet tepat waktu di XL Axiata,XL Axiata,Utilitas,184000,Pengeluaran,0,GoPay,Online,0,Bengkulu
TRX00976,2023-07-16,Sunday,7,2023,Tebus resep obat vitamin C di apotek langganan,Century,Kesehatan,486000,Pengeluaran,0,DANA,Online,0,Semarang
TRX00977,2026-02-27,Friday,2,2026,Transfer honor freelance atas hasil kerja keras sebulan,PT Nusantara Digital,Gaji,9606000,Pemasukan,1,OVO,Online,0,Bengkulu
TRX00978,2025-05-22,Thursday,5,2025,Jajanan boba tea pas nongkrong malam minggu,Mixue,Makanan & Minuman,188000,Pengeluaran,0,Tunai,Offline,1,Bengkulu
TRX00979,2023-11-14,Tuesday,11,2023,Beli buku sertifikasi AI di Kampus Universitas,Kampus Universitas,Pendidikan,1290000,Pengeluaran,0,DANA,Online,0,Palembang
TRX00980,2023-06-12,Monday,6,2023,Bayar biaya kursus online UKT kuliah,Coursera,Pendidikan,623000,Pengeluaran,0,QRIS,Online,0,Bogor
TRX00981,2024-05-24,Friday,5,2024,Bayar tagihan gas LPG bulanan rumah tangga,Telkomsel,Utilitas,128000,Pengeluaran,0,BCA,Online,0,Denpasar
TRX00982,2023-08-09,Wednesday,8,2023,Isi ulang pulsa dan kuota listrik PLN harian,XL Axiata,Utilitas,309000,Pengeluaran,0,GoPay,Online,0,Semarang
TRX00983,2026-04-14,Tuesday,4,2026,Makan nasi goreng pas jam istirahat kantor,Mixue,Makanan & Minuman,204000,Pengeluaran,0,BRI,Online,0,Tangerang
TRX00984,2024-01-09,Tuesday,1,2024,Tebus resep obat obat flu & pusing di apotek langganan,Kimia Farma,Kesehatan,751000,Pengeluaran,0,DANA,Online,0,Tangerang
TRX00985,2025-07-10,Thursday,7,2025,Gaji pokok bulanan dari PT Sukses Bersama,PT Sukses Bersama,Gaji,10416000,Pemasukan,1,BRI,Online,0,Surabaya
TRX00986,2026-05-22,Friday,5,2026,Beli roti sobek baru via e-commerce,Indomaret,Belanja,61000,Pengeluaran,0,Tunai,Offline,1,Surabaya
TRX00987,2023-01-28,Saturday,1,2023,Makan malam soto betawi bareng keluarga,Kopi Kenangan,Makanan & Minuman,237000,Pengeluaran,0,DANA,Online,0,Semarang
TRX00988,2026-06-20,Saturday,6,2026,Tebus resep obat skincare & sabun cuci muka di apotek langganan,Century,Kesehatan,339000,Pengeluaran,0,Tunai,Offline,1,Bandung
TRX00989,2023-01-29,Sunday,1,2023,Beli kopi susu di Gacoan bareng teman,Gacoan,Makanan & Minuman,68000,Pengeluaran,0,BRI,Online,0,Bengkulu
TRX00990,2024-05-10,Friday,5,2024,Belanja kebutuhan harian casing hp di Lazada,Lazada,Belanja,641000,Pengeluaran,0,BRI,Online,0,Yogyakarta
TRX00991,2025-05-14,Wednesday,5,2025,Jajanan ayam geprek pas nongkrong malam minggu,McDonalds,Makanan & Minuman,139000,Pengeluaran,0,DANA,Online,0,Malang
TRX00992,2024-05-11,Saturday,5,2024,Beli mie ayam di Sederhana bareng teman,Sederhana,Makanan & Minuman,100000,Pengeluaran,0,Tunai,Offline,1,Bengkulu
TRX00993,2025-06-03,Tuesday,6,2025,Booking penginapan dan hotel tiket kereta api liburan,Garuda Indonesia,Perjalanan,4293000,Pengeluaran,0,OVO,Online,0,Yogyakarta
TRX00994,2025-11-17,Monday,11,2025,Gaji pokok bulanan dari Bank Central,Bank Central,Gaji,5489000,Pemasukan,1,ShopeePay,Online,0,Jakarta
TRX00995,2025-05-14,Wednesday,5,2025,Transfer gaji pokok atas hasil kerja keras sebulan,Bank Central,Gaji,17168000,Pemasukan,1,DANA,Online,0,Surabaya
TRX00996,2025-10-10,Friday,10,2025,Bonus kinerja dan honor freelance dari perusahaan,PT Sukses Bersama,Gaji,4181000,Pemasukan,1,BRI,Online,0,Semarang
TRX00997,2024-01-29,Monday,1,2024,Pembayaran paket langganan air PDAM kecepatan tinggi,Pertagas,Utilitas,274000,Pengeluaran,0,GoPay,Online,0,Depok
TRX00998,2026-05-18,Monday,5,2026,Bayar langganan bulanan Spotify Premium streaming,PlayStation Store,Hiburan,180000,Pengeluaran,0,OVO,Online,0,Palembang
TRX00999,2025-01-07,Tuesday,1,2025,Beli masker dan vitamin C untuk stok rumah,RS Siloam,Kesehatan,242000,Pengeluaran,0,BNI,Online,0,Bengkulu
TRX01000,2025-09-15,Monday,9,2025,Jajanan ayam geprek pas nongkrong malam minggu,Bakso Pak Kumis,Makanan & Minuman,40000,Pengeluaran,0,DANA,Online,0,Semarang
TRX01001,2024-04-25,Thursday,4,2024,Checkout nasi goreng promo diskon sore hari,Gacoan,Makanan & Minuman,240000,Pengeluaran,0,BRI,Online,0,Bandung
TRX01002,2025-10-28,Tuesday,10,2025,Makan malam boba tea bareng keluarga,KFC,Makanan & Minuman,44000,Pengeluaran,0,BNI,Online,0,Denpasar
TRX01003,2024-04-03,Wednesday,4,2024,Bayar tagihan wifi internet bulanan rumah tangga,M3 Ooredoo,Utilitas,323000,Pengeluaran,0,BRI,Online,0,Bogor
TRX01004,2025-11-21,Friday,11,2025,Bonus kinerja dan gaji pokok dari perusahaan,PT Nusantara Digital,Gaji,18479000,Pemasukan,1,BNI,Online,0,Surabaya
TRX01005,2026-06-04,Thursday,6,2026,Penerimaan payroll bulanan masuk ke rekening utama,PT Nusantara Digital,Gaji,6954000,Pemasukan,1,BRI,Online,0,Bengkulu
TRX01006,2023-08-30,Wednesday,8,2023,Top up voucher game Netflix 1 bulan pas akhir pekan,Spotify,Hiburan,392000,Pengeluaran,0,DANA,Online,0,Tangerang
TRX01007,2025-11-02,Sunday,11,2025,Bayar rekening air PDAM tepat waktu di PDAM,PDAM,Utilitas,422000,Pengeluaran,0,GoPay,Online,0,Bogor
TRX01008,2023-10-10,Tuesday,10,2023,Makan malam soto betawi bareng keluarga,Bakso Pak Kumis,Makanan & Minuman,211000,Pengeluaran,0,Mandiri,Online,0,Bogor
TRX01009,2025-08-28,Thursday,8,2025,Belanja kebutuhan harian sepatu sneaker di Lazada,Lazada,Belanja,569000,Pengeluaran,0,OVO,Online,0,Makassar
TRX01010,2026-07-13,Monday,7,2026,Bonus kinerja dan payroll bulanan dari perusahaan,PT Teknologi Karya,Gaji,10977000,Pemasukan,1,BRI,Online,0,Tangerang
TRX01011,2025-05-28,Wednesday,5,2025,Beli titipan tas punggung pakai voucher belanja,Hypermart,Belanja,1082000,Pengeluaran,0,GoPay,Online,0,Jakarta
TRX01012,2025-06-25,Wednesday,6,2025,Makan burger pas jam istirahat kantor,Gacoan,Makanan & Minuman,36000,Pengeluaran,0,OVO,Online,0,Tangerang
TRX01013,2023-12-03,Sunday,12,2023,Pengeluaran bulanan beli detergen & sabun di Hypermart,Hypermart,Belanja,334000,Pengeluaran,0,BCA,Online,0,Bengkulu
TRX01014,2025-11-30,Sunday,11,2025,Sewa akomodasi perjalanan villa pantai luar kota,Garuda Indonesia,Perjalanan,2869000,Pengeluaran,0,GoPay,Online,0,Jakarta
TRX01015,2024-07-26,Friday,7,2024,Beli perlengkapan alat tulis kursus Data Science kuliah,Kampus Universitas,Pendidikan,1927000,Pengeluaran,0,Mandiri,Online,0,Depok
TRX01016,2026-01-19,Monday,1,2026,Transfer honor freelance atas hasil kerja keras sebulan,Bank Central,Gaji,16754000,Pemasukan,1,Mandiri,Online,0,Depok
TRX01017,2024-09-09,Monday,9,2024,Makan malam boba tea bareng keluarga,Mixue,Makanan & Minuman,200000,Pengeluaran,0,BRI,Online,0,Denpasar
TRX01018,2026-01-12,Monday,1,2026,Beli snack & mie instan baru via e-commerce,Indomaret,Belanja,722000,Pengeluaran,0,BRI,Online,0,Jakarta
TRX01019,2023-02-27,Monday,2,2023,Top up voucher game wahana rekreasi pas akhir pekan,Steam,Hiburan,153000,Pengeluaran,0,QRIS,Online,0,Bekasi
TRX01020,2025-05-15,Thursday,5,2025,Sewa akomodasi perjalanan hotel & resort luar kota,Traveloka,Perjalanan,2427000,Pengeluaran,0,ShopeePay,Online,0,Makassar
TRX01021,2023-09-11,Monday,9,2023,Mampir beli soto betawi sama minuman segar,KFC,Makanan & Minuman,161000,Pengeluaran,0,DANA,Online,0,Makassar
TRX01022,2024-04-28,Sunday,4,2024,Beli masker dan minyak kayu putih untuk stok rumah,Century,Kesehatan,639000,Pengeluaran,0,Tunai,Offline,1,Semarang
TRX01023,2024-08-05,Monday,8,2024,Bonus kinerja dan bonus tahunan dari perusahaan,Bank Central,Gaji,11614000,Pemasukan,1,BNI,Online,0,Makassar
TRX01024,2025-11-23,Sunday,11,2025,Penerimaan honor freelance masuk ke rekening utama,PT Sukses Bersama,Gaji,8302000,Pemasukan,1,OVO,Online,0,Bogor
TRX01025,2025-04-23,Wednesday,4,2025,Pesan mie ayam via aplikasi pesan antar makanan,Gacoan,Makanan & Minuman,136000,Pengeluaran,0,Tunai,Offline,1,Surabaya
TRX01026,2025-01-26,Sunday,1,2025,Pencairan honor payroll bulanan proyek freelance,Client Freelance,Gaji,16436000,Pemasukan,1,QRIS,Online,0,Malang
TRX01027,2025-10-18,Saturday,10,2025,Bonus kinerja dan honor freelance dari perusahaan,Client Freelance,Gaji,8836000,Pemasukan,1,BRI,Online,0,Denpasar
TRX01028,2023-09-18,Monday,9,2023,Bayar rekening air PDAM tepat waktu di Pertagas,Pertagas,Utilitas,575000,Pengeluaran,0,ShopeePay,Online,0,Surabaya
TRX01029,2024-03-11,Monday,3,2024,Pembayaran paket langganan air PDAM kecepatan tinggi,PLN,Utilitas,428000,Pengeluaran,0,BNI,Online,0,Malang
TRX01030,2025-04-16,Wednesday,4,2025,Mampir beli pizza sama minuman segar,Warung Makan,Makanan & Minuman,25000,Pengeluaran,0,BNI,Online,0,Makassar
TRX01031,2024-09-16,Monday,9,2024,Reservasi paket tur dan liburan tiket kereta api,Agoda,Perjalanan,529000,Pengeluaran,0,BRI,Online,0,Bandung
TRX01032,2026-04-22,Wednesday,4,2026,Checkout snack & mie instan pas diskon tanggal kembar,Superindo,Belanja,399000,Pengeluaran,0,DANA,Online,0,Jakarta
TRX01033,2023-09-08,Friday,9,2023,Isi ulang pulsa dan kuota listrik PLN harian,PDAM,Utilitas,542000,Pengeluaran,0,QRIS,Online,0,Malang
TRX01034,2025-07-15,Tuesday,7,2025,Langganan platform belajar buku novel & komik,Coursera,Pendidikan,643000,Pengeluaran,0,BRI,Online,0,Denpasar
TRX01035,2025-08-01,Friday,8,2025,Sewa kendaraan bensin Pertamax untuk perjalanan harian,TransJakarta,Transportasi,93000,Pengeluaran,0,BNI,Online,0,Tangerang
TRX01036,2026-07-03,Friday,7,2026,Gaji pokok bulanan dari Client Freelance,Client Freelance,Gaji,16456000,Pemasukan,1,GoPay,Online,0,Denpasar
TRX01037,2023-04-04,Tuesday,4,2023,Top up reksa dana aset kripto di Stockbit,Stockbit,Investasi,778000,Pengeluaran,0,BCA,Online,0,Malang
TRX01038,2026-07-14,Tuesday,7,2026,Beli masker dan skincare & sabun cuci muka untuk stok rumah,Guardian,Kesehatan,690000,Pengeluaran,0,Tunai,Offline,1,Denpasar
TRX01039,2023-06-24,Saturday,6,2023,Beli burger di Sederhana bareng teman,Sederhana,Makanan & Minuman,160000,Pengeluaran,0,DANA,Online,0,Denpasar
TRX01040,2023-02-08,Wednesday,2,2023,Beli ayam geprek di Mixue bareng teman,Mixue,Makanan & Minuman,85000,Pengeluaran,0,Mandiri,Online,0,Bogor
TRX01041,2026-04-01,Wednesday,4,2026,Mampir minimarket beli minyak goreng stok mingguan,Lazada,Belanja,117000,Pengeluaran,0,BCA,Online,0,Makassar
TRX01042,2025-06-14,Saturday,6,2025,Checkout burger promo diskon sore hari,Gacoan,Makanan & Minuman,112000,Pengeluaran,0,BNI,Online,0,Surabaya
TRX01043,2026-01-14,Wednesday,1,2026,Mampir beli ayam geprek sama minuman segar,McDonalds,Makanan & Minuman,211000,Pengeluaran,0,Tunai,Offline,1,Semarang
TRX01044,2025-04-14,Monday,4,2025,Transfer payroll bulanan atas hasil kerja keras sebulan,PT Nusantara Digital,Gaji,9446000,Pemasukan,1,BCA,Online,0,Bekasi
TRX01045,2023-04-30,Sunday,4,2023,Checkout minyak goreng pas diskon tanggal kembar,Indomaret,Belanja,870000,Pengeluaran,0,QRIS,Online,0,Palembang
TRX01046,2023-09-05,Tuesday,9,2023,Bayar sarapan pizza di warung langganan,Bakso Pak Kumis,Makanan & Minuman,141000,Pengeluaran,0,ShopeePay,Online,0,Palembang
TRX01047,2023-08-24,Thursday,8,2023,Beli tas punggung baru via e-commerce,Uniqlo,Belanja,858000,Pengeluaran,0,Tunai,Offline,1,Jakarta
TRX01048,2025-04-14,Monday,4,2025,Pencairan honor insentif proyek proyek freelance,PT Nusantara Digital,Gaji,6826000,Pemasukan,1,Mandiri,Online,0,Tangerang
TRX01049,2026-02-10,Tuesday,2,2026,Pencairan honor insentif proyek proyek freelance,PT Teknologi Karya,Gaji,16828000,Pemasukan,1,DANA,Online,0,Surabaya
TRX01050,2025-10-21,Tuesday,10,2025,Pesan boba tea via aplikasi pesan antar makanan,McDonalds,Makanan & Minuman,215000,Pengeluaran,0,Tunai,Offline,1,Palembang
TRX01051,2026-02-10,Tuesday,2,2026,Pembayaran paket langganan pulsa HP kecepatan tinggi,PLN,Utilitas,346000,Pengeluaran,0,BRI,Online,0,Jakarta
TRX01052,2023-05-04,Thursday,5,2023,Langganan platform belajar UKT kuliah,Coursera,Pendidikan,1127000,Pengeluaran,0,OVO,Online,0,Makassar
TRX01053,2026-07-18,Saturday,7,2026,Beli sate ayam di Mixue bareng teman,Mixue,Makanan & Minuman,56000,Pengeluaran,0,BNI,Online,0,Semarang
TRX01054,2023-07-03,Monday,7,2023,Pengeluaran bulanan beli sepatu sneaker di Indomaret,Indomaret,Belanja,1164000,Pengeluaran,0,OVO,Online,0,Medan
TRX01055,2026-06-04,Thursday,6,2026,Bayar rekening wifi internet tepat waktu di M3 Ooredoo,M3 Ooredoo,Utilitas,317000,Pengeluaran,0,DANA,Online,0,Semarang
TRX01056,2024-05-18,Saturday,5,2024,Gaji pokok bulanan dari PT Sukses Bersama,PT Sukses Bersama,Gaji,18566000,Pemasukan,1,GoPay,Online,0,Jakarta
TRX01057,2023-10-01,Sunday,10,2023,Bonus kinerja dan payroll bulanan dari perusahaan,PT Nusantara Digital,Gaji,3640000,Pemasukan,1,BCA,Online,0,Bengkulu
TRX01058,2023-12-22,Friday,12,2023,Beli roti sobek baru via e-commerce,Blibli,Belanja,191000,Pengeluaran,0,BNI,Online,0,Denpasar
TRX01059,2023-03-05,Sunday,3,2023,Beli tiket nonton Spotify Premium di DuFan,DuFan,Hiburan,210000,Pengeluaran,0,OVO,Online,0,Bogor
TRX01060,2026-05-16,Saturday,5,2026,Belanja kebutuhan harian detergen & sabun di Tokopedia,Tokopedia,Belanja,972000,Pengeluaran,0,Mandiri,Online,0,Yogyakarta
TRX01061,2023-01-20,Friday,1,2023,Checkout sate ayam promo diskon sore hari,Gacoan,Makanan & Minuman,64000,Pengeluaran,0,Tunai,Offline,1,Malang
TRX01062,2026-07-04,Saturday,7,2026,Mampir minimarket beli casing hp stok mingguan,Shopee,Belanja,768000,Pengeluaran,0,Tunai,Offline,1,Yogyakarta
TRX01063,2026-05-26,Tuesday,5,2026,Makan mie ayam pas jam istirahat kantor,Bakso Pak Kumis,Makanan & Minuman,237000,Pengeluaran,0,ShopeePay,Online,0,Yogyakarta
TRX01064,2023-12-16,Saturday,12,2023,Pembayaran paket langganan listrik PLN kecepatan tinggi,Indihome,Utilitas,181000,Pengeluaran,0,BNI,Online,0,Bandung
TRX01065,2024-06-15,Saturday,6,2024,Pembayaran UKT semesteran sertifikasi AI,Ruangguru,Pendidikan,885000,Pengeluaran,0,BCA,Online,0,Bekasi
TRX01066,2025-12-27,Saturday,12,2025,Penerimaan honor freelance masuk ke rekening utama,Bank Central,Gaji,17495000,Pemasukan,1,BCA,Online,0,Bogor
TRX01067,2024-10-23,Wednesday,10,2024,Belanja kebutuhan harian snack & mie instan di Hypermart,Hypermart,Belanja,1086000,Pengeluaran,0,GoPay,Online,0,Denpasar
TRX01068,2023-03-31,Friday,3,2023,Top up voucher game film bioskop XXI pas akhir pekan,XXI Cinema,Hiburan,245000,Pengeluaran,0,ShopeePay,Online,0,Yogyakarta
TRX01069,2024-10-09,Wednesday,10,2024,Makan boba tea pas jam istirahat kantor,Bakso Pak Kumis,Makanan & Minuman,240000,Pengeluaran,0,BCA,Online,0,Bekasi
TRX01070,2024-04-07,Sunday,4,2024,Beli tiket pesawat hotel & resort di Garuda Indonesia,Garuda Indonesia,Perjalanan,1912000,Pengeluaran,0,BRI,Online,0,Makassar
TRX01071,2024-09-28,Saturday,9,2024,Jajanan nasi goreng pas nongkrong malam minggu,KFC,Makanan & Minuman,125000,Pengeluaran,0,GoPay,Online,0,Bogor
TRX01072,2024-05-27,Monday,5,2024,Checkout kopi susu promo diskon sore hari,Kopi Kenangan,Makanan & Minuman,228000,Pengeluaran,0,Tunai,Offline,1,Makassar
TRX01073,2025-11-30,Sunday,11,2025,Beli masker dan minyak kayu putih untuk stok rumah,Kimia Farma,Kesehatan,479000,Pengeluaran,0,DANA,Online,0,Malang
TRX01074,2023-09-13,Wednesday,9,2023,Makan malam nasi goreng bareng keluarga,Gacoan,Makanan & Minuman,95000,Pengeluaran,0,BNI,Online,0,Tangerang
TRX01075,2023-09-19,Tuesday,9,2023,Mampir beli nasi goreng sama minuman segar,Kopi Kenangan,Makanan & Minuman,171000,Pengeluaran,0,BNI,Online,0,Surabaya
TRX01076,2023-04-25,Tuesday,4,2023,Isi ulang pulsa dan kuota pulsa HP harian,Telkomsel,Utilitas,148000,Pengeluaran,0,OVO,Online,0,Medan
TRX01077,2026-05-12,Tuesday,5,2026,Tebus resep obat obat flu & pusing di apotek langganan,Century,Kesehatan,423000,Pengeluaran,0,OVO,Online,0,Depok
TRX01078,2026-06-24,Wednesday,6,2026,Bonus kinerja dan gaji pokok dari perusahaan,PT Sukses Bersama,Gaji,14254000,Pemasukan,1,Mandiri,Online,0,Surabaya
TRX01079,2023-07-30,Sunday,7,2023,Bayar sarapan pizza di warung langganan,KFC,Makanan & Minuman,246000,Pengeluaran,0,ShopeePay,Online,0,Semarang
TRX01080,2024-12-28,Saturday,12,2024,Checkout tas punggung pas diskon tanggal kembar,Matahari,Belanja,522000,Pengeluaran,0,Tunai,Offline,1,Jakarta
TRX01081,2023-05-04,Thursday,5,2023,Checkout mie ayam promo diskon sore hari,Sederhana,Makanan & Minuman,94000,Pengeluaran,0,ShopeePay,Online,0,Tangerang
TRX01082,2023-10-26,Thursday,10,2023,Checkout pizza promo diskon sore hari,Chatime,Makanan & Minuman,89000,Pengeluaran,0,BCA,Online,0,Denpasar
TRX01083,2026-04-16,Thursday,4,2026,Gaji pokok bulanan dari PT Teknologi Karya,PT Teknologi Karya,Gaji,5289000,Pemasukan,1,OVO,Online,0,Makassar
TRX01084,2024-02-05,Monday,2,2024,Booking penginapan dan hotel tiket pesawat liburan,KAI Access,Perjalanan,3097000,Pengeluaran,0,Mandiri,Online,0,Bengkulu
TRX01085,2025-09-01,Monday,9,2025,Sewa kendaraan e-toll untuk perjalanan harian,TransJakarta,Transportasi,94000,Pengeluaran,0,GoPay,Online,0,Malang
TRX01086,2024-09-05,Thursday,9,2024,Mampir minimarket beli baju kaos stok mingguan,Tokopedia,Belanja,111000,Pengeluaran,0,BCA,Online,0,Bengkulu
TRX01087,2024-04-01,Monday,4,2024,Beli bensin e-toll di SPBU langganan,TransJakarta,Transportasi,71000,Pengeluaran,0,DANA,Online,0,Bekasi
TRX01088,2024-11-09,Saturday,11,2024,Tebus resep obat vitamin C di apotek langganan,Alodokter,Kesehatan,218000,Pengeluaran,0,BCA,Online,0,Makassar
TRX01089,2023-01-21,Saturday,1,2023,Makan burger pas jam istirahat kantor,Gacoan,Makanan & Minuman,51000,Pengeluaran,0,Mandiri,Online,0,Bengkulu
TRX01090,2026-04-14,Tuesday,4,2026,Beli buku buku koding Python di Udemy,Udemy,Pendidikan,915000,Pengeluaran,0,Mandiri,Online,0,Semarang
TRX01091,2023-12-23,Saturday,12,2023,Checkout ayam geprek promo diskon sore hari,Chatime,Makanan & Minuman,231000,Pengeluaran,0,BRI,Online,0,Medan
TRX01092,2023-02-14,Tuesday,2,2023,Beli bakso urat di Chatime bareng teman,Chatime,Makanan & Minuman,227000,Pengeluaran,0,OVO,Online,0,Bengkulu
TRX01093,2023-08-16,Wednesday,8,2023,Mampir minimarket beli snack & mie instan stok mingguan,Shopee,Belanja,516000,Pengeluaran,0,GoPay,Online,0,Bengkulu
TRX01094,2023-12-17,Sunday,12,2023,Top up reksa dana obligasi negara di Pintu,Pintu,Investasi,585000,Pengeluaran,0,BRI,Online,0,Depok
TRX01095,2023-09-25,Monday,9,2023,Tebus resep obat minyak kayu putih di apotek langganan,Apotek K-24,Kesehatan,741000,Pengeluaran,0,OVO,Online,0,Bengkulu
TRX01096,2024-05-15,Wednesday,5,2024,Bayar biaya kursus online sertifikasi AI,Kampus Universitas,Pendidikan,2293000,Pengeluaran,0,QRIS,Online,0,Tangerang
TRX01097,2023-11-01,Wednesday,11,2023,Beli titipan snack & mie instan pakai voucher belanja,Alfamart,Belanja,283000,Pengeluaran,0,DANA,Online,0,Medan
TRX01098,2023-06-16,Friday,6,2023,Beli resep minyak kayu putih dan vitamin di RS Siloam,RS Siloam,Kesehatan,201000,Pengeluaran,0,ShopeePay,Online,0,Makassar
TRX01099,2025-10-18,Saturday,10,2025,Bayar rekening wifi internet tepat waktu di Indihome,Indihome,Utilitas,432000,Pengeluaran,0,ShopeePay,Online,0,Bekasi
TRX01100,2025-09-16,Tuesday,9,2025,Pesan kendaraan online taksi online pas hujan,TransJakarta,Transportasi,158000,Pengeluaran,0,OVO,Online,0,Bengkulu
TRX01101,2026-04-10,Friday,4,2026,Gaji pokok bulanan dari PT Teknologi Karya,PT Teknologi Karya,Gaji,18313000,Pemasukan,1,Mandiri,Online,0,Palembang
TRX01102,2024-03-23,Saturday,3,2024,Beli titipan sepatu sneaker pakai voucher belanja,Hypermart,Belanja,791000,Pengeluaran,0,BNI,Online,0,Bandung
TRX01103,2023-06-22,Thursday,6,2023,Checkout minyak goreng pas diskon tanggal kembar,Lazada,Belanja,109000,Pengeluaran,0,GoPay,Online,0,Palembang
TRX01104,2025-07-12,Saturday,7,2025,Isi ulang pulsa dan kuota wifi internet harian,XL Axiata,Utilitas,374000,Pengeluaran,0,QRIS,Online,0,Palembang
TRX01105,2023-02-20,Monday,2,2023,Makan sate ayam pas jam istirahat kantor,Bakso Pak Kumis,Makanan & Minuman,106000,Pengeluaran,0,QRIS,Online,0,Bogor
TRX01106,2025-10-24,Friday,10,2025,Beli token wifi internet prabayar via m-banking,PDAM,Utilitas,150000,Pengeluaran,0,BNI,Online,0,Surabaya
TRX01107,2025-01-07,Tuesday,1,2025,Bayar sarapan boba tea di warung langganan,Bakso Pak Kumis,Makanan & Minuman,187000,Pengeluaran,0,QRIS,Online,0,Bekasi
TRX01108,2024-07-16,Tuesday,7,2024,Mampir beli ayam geprek sama minuman segar,Sederhana,Makanan & Minuman,17000,Pengeluaran,0,QRIS,Online,0,Bogor
TRX01109,2024-12-10,Tuesday,12,2024,Beli masker dan suplemen imun untuk stok rumah,Alodokter,Kesehatan,805000,Pengeluaran,0,DANA,Online,0,Bengkulu
TRX01110,2025-11-15,Saturday,11,2025,Beli tiket pesawat villa pantai di Tiket.com,Tiket.com,Perjalanan,2158000,Pengeluaran,0,Mandiri,Online,0,Yogyakarta
TRX01111,2024-04-23,Tuesday,4,2024,Pelunasan iuran pulsa HP biar aliran tetap lancar,Pertagas,Utilitas,137000,Pengeluaran,0,GoPay,Online,0,Bogor
TRX01112,2024-01-20,Saturday,1,2024,Mampir minimarket beli casing hp stok mingguan,Hypermart,Belanja,946000,Pengeluaran,0,BCA,Online,0,Makassar
TRX01113,2023-10-12,Thursday,10,2023,Penerimaan insentif proyek masuk ke rekening utama,PT Teknologi Karya,Gaji,19877000,Pemasukan,1,GoPay,Online,0,Makassar
TRX01114,2024-04-06,Saturday,4,2024,Beli snack & mie instan dan perlengkapan rumah tangga,Hypermart,Belanja,72000,Pengeluaran,0,BCA,Online,0,Depok
TRX01115,2023-10-12,Thursday,10,2023,Makan malam pizza bareng keluarga,Warung Makan,Makanan & Minuman,112000,Pengeluaran,0,Tunai,Offline,1,Palembang
TRX01116,2023-05-11,Thursday,5,2023,Bayar tagihan pulsa HP bulanan rumah tangga,Biznet,Utilitas,386000,Pengeluaran,0,DANA,Online,0,Bengkulu
TRX01117,2024-09-15,Sunday,9,2024,Pesan burger via aplikasi pesan antar makanan,KFC,Makanan & Minuman,23000,Pengeluaran,0,DANA,Online,0,Jakarta
TRX01118,2024-01-18,Thursday,1,2024,Bayar sarapan sate ayam di warung langganan,Solaria,Makanan & Minuman,74000,Pengeluaran,0,ShopeePay,Online,0,Surabaya
TRX01119,2025-07-20,Sunday,7,2025,Pesan nasi goreng via aplikasi pesan antar makanan,Mixue,Makanan & Minuman,98000,Pengeluaran,0,OVO,Online,0,Palembang
TRX01120,2023-11-18,Saturday,11,2023,Reservasi paket tur dan liburan villa pantai,Tiket.com,Perjalanan,863000,Pengeluaran,0,OVO,Online,0,Depok
TRX01121,2024-02-27,Tuesday,2,2024,Makan malam sate ayam bareng keluarga,Bakso Pak Kumis,Makanan & Minuman,224000,Pengeluaran,0,DANA,Online,0,Bandung
TRX01122,2026-05-21,Thursday,5,2026,Gaji pokok bulanan dari PT Sukses Bersama,PT Sukses Bersama,Gaji,19965000,Pemasukan,1,DANA,Online,0,Semarang
TRX01123,2024-02-18,Sunday,2,2024,Makan soto betawi pas jam istirahat kantor,McDonalds,Makanan & Minuman,226000,Pengeluaran,0,Mandiri,Online,0,Denpasar
TRX01124,2024-11-04,Monday,11,2024,Beli perlengkapan alat tulis buku novel & komik kuliah,Coursera,Pendidikan,2459000,Pengeluaran,0,BCA,Online,0,Bekasi
TRX01125,2023-07-06,Thursday,7,2023,Pengeluaran bulanan beli minyak goreng di Blibli,Blibli,Belanja,634000,Pengeluaran,0,BRI,Online,0,Palembang
TRX01126,2024-05-25,Saturday,5,2024,Jajanan mie ayam pas nongkrong malam minggu,Sederhana,Makanan & Minuman,113000,Pengeluaran,0,BRI,Online,0,Bekasi
TRX01127,2026-03-10,Tuesday,3,2026,Pesan kopi susu via aplikasi pesan antar makanan,Gacoan,Makanan & Minuman,85000,Pengeluaran,0,ShopeePay,Online,0,Semarang
TRX01128,2023-05-17,Wednesday,5,2023,Top up saldo kartu e-money untuk taksi online,KAI,Transportasi,151000,Pengeluaran,0,BNI,Online,0,Makassar
TRX01129,2023-06-06,Tuesday,6,2023,Top up saldo kartu e-money untuk taksi online,MyPertamina,Transportasi,52000,Pengeluaran,0,QRIS,Online,0,Medan
TRX01130,2025-11-02,Sunday,11,2025,Jajanan bakso urat pas nongkrong malam minggu,Gacoan,Makanan & Minuman,112000,Pengeluaran,0,OVO,Online,0,Bogor
TRX01131,2024-02-03,Saturday,2,2024,Belanja kebutuhan harian snack & mie instan di Alfamart,Alfamart,Belanja,304000,Pengeluaran,0,DANA,Online,0,Yogyakarta
TRX01132,2025-08-02,Saturday,8,2025,Jajanan kopi susu pas nongkrong malam minggu,Mixue,Makanan & Minuman,50000,Pengeluaran,0,QRIS,Online,0,Bogor
TRX01133,2023-11-27,Monday,11,2023,Makan pizza pas jam istirahat kantor,Gacoan,Makanan & Minuman,60000,Pengeluaran,0,ShopeePay,Online,0,Bekasi
TRX01134,2025-03-11,Tuesday,3,2025,Pesan sate ayam via aplikasi pesan antar makanan,Gacoan,Makanan & Minuman,127000,Pengeluaran,0,Mandiri,Online,0,Bekasi
TRX01135,2023-03-12,Sunday,3,2023,Beli tiket masuk Netflix 1 bulan sama teman-teman,Steam,Hiburan,386000,Pengeluaran,0,BCA,Online,0,Bogor
TRX01136,2026-07-24,Friday,7,2026,Tebus resep obat obat flu & pusing di apotek langganan,Guardian,Kesehatan,736000,Pengeluaran,0,BCA,Online,0,Malang
TRX01137,2023-01-10,Tuesday,1,2023,Bayar sarapan kopi susu di warung langganan,Solaria,Makanan & Minuman,110000,Pengeluaran,0,Mandiri,Online,0,Surabaya
TRX01138,2023-02-02,Thursday,2,2023,Beli titipan minyak goreng pakai voucher belanja,Alfamart,Belanja,418000,Pengeluaran,0,BNI,Online,0,Medan
TRX01139,2023-07-17,Monday,7,2023,Bayar konsultasi dokter dan beli vitamin C,RS Siloam,Kesehatan,75000,Pengeluaran,0,BNI,Online,0,Bogor
TRX01140,2024-10-31,Thursday,10,2024,Beli casing hp baru via e-commerce,Shopee,Belanja,834000,Pengeluaran,0,BNI,Online,0,Medan
TRX01141,2024-03-13,Wednesday,3,2024,Beli ayam geprek di Warung Makan bareng teman,Warung Makan,Makanan & Minuman,117000,Pengeluaran,0,BCA,Online,0,Palembang
TRX01142,2024-03-11,Monday,3,2024,Bayar rekening wifi internet tepat waktu di PDAM,PDAM,Utilitas,427000,Pengeluaran,0,BCA,Online,0,Surabaya
TRX01143,2024-03-23,Saturday,3,2024,Belanja kebutuhan harian tas punggung di Matahari,Matahari,Belanja,1123000,Pengeluaran,0,BRI,Online,0,Semarang
TRX01144,2023-07-14,Friday,7,2023,Transfer bonus tahunan atas hasil kerja keras sebulan,Client Freelance,Gaji,9245000,Pemasukan,1,GoPay,Online,0,Bogor
TRX01145,2025-09-14,Sunday,9,2025,Jajanan pizza pas nongkrong malam minggu,Gacoan,Makanan & Minuman,112000,Pengeluaran,0,Mandiri,Online,0,Denpasar
TRX01146,2026-04-18,Saturday,4,2026,Bayar ongkos bensin Pertamax berangkat kerja di Gojek,Gojek,Transportasi,167000,Pengeluaran,0,BNI,Online,0,Semarang
TRX01147,2024-04-29,Monday,4,2024,Bayar ongkos e-toll berangkat kerja di KAI,KAI,Transportasi,25000,Pengeluaran,0,BRI,Online,0,Makassar
TRX01148,2025-10-18,Saturday,10,2025,Checkout roti sobek pas diskon tanggal kembar,Tokopedia,Belanja,102000,Pengeluaran,0,Tunai,Offline,1,Bekasi
TRX01149,2026-05-09,Saturday,5,2026,Beli tiket pesawat tiket kereta api di Garuda Indonesia,Garuda Indonesia,Perjalanan,2578000,Pengeluaran,0,GoPay,Online,0,Bengkulu
TRX01150,2023-03-23,Thursday,3,2023,Bayar tagihan wifi internet bulanan rumah tangga,XL Axiata,Utilitas,284000,Pengeluaran,0,GoPay,Online,0,Makassar
TRX01151,2024-05-11,Saturday,5,2024,Bayar sarapan kopi susu di warung langganan,Gacoan,Makanan & Minuman,170000,Pengeluaran,0,ShopeePay,Online,0,Makassar
TRX01152,2024-01-11,Thursday,1,2024,Beli titipan baju kaos pakai voucher belanja,Alfamart,Belanja,1031000,Pengeluaran,0,Tunai,Offline,1,Medan
TRX01153,2023-04-17,Monday,4,2023,Gaji pokok bulanan dari PT Teknologi Karya,PT Teknologi Karya,Gaji,6506000,Pemasukan,1,BRI,Online,0,Malang
TRX01154,2026-01-29,Thursday,1,2026,Beli masker dan vitamin C untuk stok rumah,Apotek K-24,Kesehatan,110000,Pengeluaran,0,DANA,Online,0,Semarang
TRX01155,2023-12-03,Sunday,12,2023,Beli bensin taksi online di SPBU langganan,KAI,Transportasi,165000,Pengeluaran,0,Mandiri,Online,0,Semarang
TRX01156,2024-08-07,Wednesday,8,2024,Bonus kinerja dan insentif proyek dari perusahaan,PT Teknologi Karya,Gaji,6121000,Pemasukan,1,GoPay,Online,0,Palembang
TRX01157,2025-02-12,Wednesday,2,2025,Makan malam mie ayam bareng keluarga,Kopi Kenangan,Makanan & Minuman,209000,Pengeluaran,0,Tunai,Offline,1,Tangerang
TRX01158,2025-09-14,Sunday,9,2025,Makan mie ayam pas jam istirahat kantor,Solaria,Makanan & Minuman,209000,Pengeluaran,0,QRIS,Online,0,Malang
TRX01159,2026-01-05,Monday,1,2026,Makan malam sate ayam bareng keluarga,McDonalds,Makanan & Minuman,133000,Pengeluaran,0,QRIS,Online,0,Palembang
TRX01160,2026-02-25,Wednesday,2,2026,Gaji pokok bulanan dari PT Nusantara Digital,PT Nusantara Digital,Gaji,18876000,Pemasukan,1,Mandiri,Online,0,Bandung
TRX01161,2024-01-24,Wednesday,1,2024,Jajanan boba tea pas nongkrong malam minggu,Mixue,Makanan & Minuman,118000,Pengeluaran,0,OVO,Online,0,Bekasi
TRX01162,2025-02-03,Monday,2,2025,Mampir minimarket beli baju kaos stok mingguan,Superindo,Belanja,104000,Pengeluaran,0,BNI,Online,0,Palembang
TRX01163,2026-03-04,Wednesday,3,2026,Checkout sate ayam promo diskon sore hari,Solaria,Makanan & Minuman,145000,Pengeluaran,0,GoPay,Online,0,Bekasi
TRX01164,2023-04-29,Saturday,4,2023,Gaji pokok bulanan dari Client Freelance,Client Freelance,Gaji,19154000,Pemasukan,1,BCA,Online,0,Depok
TRX01165,2025-01-10,Friday,1,2025,Transfer bonus tahunan atas hasil kerja keras sebulan,PT Nusantara Digital,Gaji,18424000,Pemasukan,1,BRI,Online,0,Semarang
TRX01166,2024-05-21,Tuesday,5,2024,Penerimaan gaji pokok masuk ke rekening utama,PT Teknologi Karya,Gaji,6524000,Pemasukan,1,OVO,Online,0,Palembang
TRX01167,2026-04-15,Wednesday,4,2026,Reservasi paket tur dan liburan tiket pesawat,Traveloka,Perjalanan,1658000,Pengeluaran,0,OVO,Online,0,Semarang
TRX01168,2024-09-10,Tuesday,9,2024,Pelunasan iuran gas LPG biar aliran tetap lancar,XL Axiata,Utilitas,471000,Pengeluaran,0,BNI,Online,0,Surabaya
TRX01169,2026-03-18,Wednesday,3,2026,Pesan kendaraan online bensin Pertamax pas hujan,MyPertamina,Transportasi,63000,Pengeluaran,0,OVO,Online,0,Bekasi
TRX01170,2024-09-22,Sunday,9,2024,Beli soto betawi di McDonalds bareng teman,McDonalds,Makanan & Minuman,39000,Pengeluaran,0,Tunai,Offline,1,Bekasi
TRX01171,2025-05-05,Monday,5,2025,Beli token pulsa HP prabayar via m-banking,Telkomsel,Utilitas,230000,Pengeluaran,0,GoPay,Online,0,Bandung
TRX01172,2023-10-03,Tuesday,10,2023,Makan burger pas jam istirahat kantor,McDonalds,Makanan & Minuman,130000,Pengeluaran,0,Mandiri,Online,0,Bandung
TRX01173,2024-02-16,Friday,2,2024,Mampir beli kopi susu sama minuman segar,McDonalds,Makanan & Minuman,245000,Pengeluaran,0,DANA,Online,0,Bengkulu
TRX01174,2026-07-02,Thursday,7,2026,Mampir beli bakso urat sama minuman segar,McDonalds,Makanan & Minuman,36000,Pengeluaran,0,QRIS,Online,0,Surabaya
TRX01175,2024-12-01,Sunday,12,2024,Jajanan soto betawi pas nongkrong malam minggu,Bakso Pak Kumis,Makanan & Minuman,187000,Pengeluaran,0,BCA,Online,0,Jakarta
TRX01176,2024-06-28,Friday,6,2024,Bayar ongkos e-toll berangkat kerja di Gojek,Gojek,Transportasi,34000,Pengeluaran,0,Mandiri,Online,0,Denpasar
TRX01177,2023-01-15,Sunday,1,2023,Mampir minimarket beli snack & mie instan stok mingguan,Lazada,Belanja,994000,Pengeluaran,0,OVO,Online,0,Makassar
TRX01178,2025-01-29,Wednesday,1,2025,Gaji pokok bulanan dari PT Sukses Bersama,PT Sukses Bersama,Gaji,15336000,Pemasukan,1,OVO,Online,0,Palembang
TRX01179,2026-06-04,Thursday,6,2026,Makan boba tea pas jam istirahat kantor,Warung Makan,Makanan & Minuman,15000,Pengeluaran,0,OVO,Online,0,Bekasi
TRX01180,2023-10-12,Thursday,10,2023,Mampir beli burger sama minuman segar,KFC,Makanan & Minuman,194000,Pengeluaran,0,Mandiri,Online,0,Makassar
TRX01181,2025-07-14,Monday,7,2025,Bonus kinerja dan payroll bulanan dari perusahaan,Client Freelance,Gaji,9658000,Pemasukan,1,BCA,Online,0,Bengkulu
TRX01182,2024-10-21,Monday,10,2024,Checkout nasi goreng promo diskon sore hari,Warung Makan,Makanan & Minuman,188000,Pengeluaran,0,DANA,Online,0,Palembang
TRX01183,2026-06-08,Monday,6,2026,Tebus resep obat suplemen imun di apotek langganan,Halodoc,Kesehatan,704000,Pengeluaran,0,BNI,Online,0,Bekasi
TRX01184,2025-02-27,Thursday,2,2025,Beli titipan sepatu sneaker pakai voucher belanja,Shopee,Belanja,1090000,Pengeluaran,0,ShopeePay,Online,0,Jakarta
TRX01185,2023-09-19,Tuesday,9,2023,Bayar rekening wifi internet tepat waktu di PDAM,PDAM,Utilitas,528000,Pengeluaran,0,BRI,Online,0,Depok
TRX01186,2025-07-02,Wednesday,7,2025,Beli instrumen investasi saham blue chip bulanan,Stockbit,Investasi,966000,Pengeluaran,0,BRI,Online,0,Tangerang
TRX01187,2023-07-03,Monday,7,2023,Checkout ayam geprek promo diskon sore hari,Gacoan,Makanan & Minuman,246000,Pengeluaran,0,QRIS,Online,0,Medan
TRX01188,2024-06-11,Tuesday,6,2024,Pencairan honor bonus tahunan proyek freelance,PT Nusantara Digital,Gaji,19620000,Pemasukan,1,BNI,Online,0,Tangerang
TRX01189,2024-11-12,Tuesday,11,2024,Beli tiket nonton wahana rekreasi di Steam,Steam,Hiburan,359000,Pengeluaran,0,GoPay,Online,0,Palembang
TRX01190,2025-02-20,Thursday,2,2025,Gaji pokok bulanan dari Bank Central,Bank Central,Gaji,10825000,Pemasukan,1,QRIS,Online,0,Surabaya
TRX01191,2024-08-18,Sunday,8,2024,Bayar sarapan boba tea di warung langganan,KFC,Makanan & Minuman,205000,Pengeluaran,0,GoPay,Online,0,Bandung
TRX01192,2024-10-03,Thursday,10,2024,Pembelian aset reksa dana pasar uang untuk tabungan masa depan,Pintu,Investasi,353000,Pengeluaran,0,ShopeePay,Online,0,Medan
TRX01193,2025-03-05,Wednesday,3,2025,Beli tiket pesawat tiket kereta api di Agoda,Agoda,Perjalanan,2119000,Pengeluaran,0,BNI,Online,0,Palembang
TRX01194,2023-01-19,Thursday,1,2023,Beli token wifi internet prabayar via m-banking,Pertagas,Utilitas,353000,Pengeluaran,0,Mandiri,Online,0,Yogyakarta
TRX01195,2025-07-22,Tuesday,7,2025,Beli ayam geprek di Chatime bareng teman,Chatime,Makanan & Minuman,168000,Pengeluaran,0,ShopeePay,Online,0,Bekasi
TRX01196,2023-09-10,Sunday,9,2023,Pengeluaran bulanan beli tas punggung di Matahari,Matahari,Belanja,466000,Pengeluaran,0,OVO,Online,0,Jakarta
TRX01197,2024-11-13,Wednesday,11,2024,Beli kopi susu di Bakso Pak Kumis bareng teman,Bakso Pak Kumis,Makanan & Minuman,236000,Pengeluaran,0,DANA,Online,0,Bekasi
TRX01198,2025-03-13,Thursday,3,2025,Beli detergen & sabun baru via e-commerce,Tokopedia,Belanja,828000,Pengeluaran,0,DANA,Online,0,Makassar
TRX01199,2025-03-12,Wednesday,3,2025,Beli snack & mie instan dan perlengkapan rumah tangga,Lazada,Belanja,424000,Pengeluaran,0,ShopeePay,Online,0,Palembang
TRX01200,2023-07-19,Wednesday,7,2023,Mampir beli nasi goreng sama minuman segar,Sederhana,Makanan & Minuman,132000,Pengeluaran,0,BRI,Online,0,Yogyakarta
TRX01201,2025-09-15,Monday,9,2025,Checkout casing hp pas diskon tanggal kembar,Tokopedia,Belanja,425000,Pengeluaran,0,BCA,Online,0,Makassar
TRX01202,2026-03-24,Tuesday,3,2026,Makan malam mie ayam bareng keluarga,McDonalds,Makanan & Minuman,188000,Pengeluaran,0,BCA,Online,0,Surabaya
TRX01203,2024-12-29,Sunday,12,2024,Booking penginapan dan hotel hotel & resort liburan,Tiket.com,Perjalanan,3072000,Pengeluaran,0,OVO,Online,0,Bandung
TRX01204,2026-07-08,Wednesday,7,2026,Bayar ongkos ojek online berangkat kerja di KAI,KAI,Transportasi,71000,Pengeluaran,0,OVO,Online,0,Yogyakarta
TRX01205,2024-09-11,Wednesday,9,2024,Penerimaan honor freelance masuk ke rekening utama,PT Teknologi Karya,Gaji,18693000,Pemasukan,1,OVO,Online,0,Semarang
TRX01206,2026-07-19,Sunday,7,2026,Penerimaan gaji pokok masuk ke rekening utama,PT Sukses Bersama,Gaji,7321000,Pemasukan,1,BNI,Online,0,Surabaya
TRX01207,2025-09-28,Sunday,9,2025,Penerimaan bonus tahunan masuk ke rekening utama,Bank Central,Gaji,19212000,Pemasukan,1,QRIS,Online,0,Bekasi
TRX01208,2023-07-13,Thursday,7,2023,Tebus resep obat suplemen imun di apotek langganan,Apotek K-24,Kesehatan,690000,Pengeluaran,0,QRIS,Online,0,Malang
TRX01209,2023-09-14,Thursday,9,2023,Pesan burger via aplikasi pesan antar makanan,KFC,Makanan & Minuman,118000,Pengeluaran,0,BCA,Online,0,Palembang
TRX01210,2026-02-12,Thursday,2,2026,Tebus resep obat minyak kayu putih di apotek langganan,RS Siloam,Kesehatan,95000,Pengeluaran,0,ShopeePay,Online,0,Bekasi
TRX01211,2023-09-12,Tuesday,9,2023,Beli bensin ojek online di SPBU langganan,KAI,Transportasi,163000,Pengeluaran,0,BRI,Online,0,Jakarta
TRX01212,2026-02-10,Tuesday,2,2026,Belanja kebutuhan harian baju kaos di Uniqlo,Uniqlo,Belanja,288000,Pengeluaran,0,BRI,Online,0,Surabaya
TRX01213,2026-02-25,Wednesday,2,2026,Belanja kebutuhan harian baju kaos di Alfamart,Alfamart,Belanja,1061000,Pengeluaran,0,ShopeePay,Online,0,Bandung
TRX01214,2025-05-16,Friday,5,2025,Beli tiket pesawat hotel & resort di KAI Access,KAI Access,Perjalanan,2762000,Pengeluaran,0,BCA,Online,0,Denpasar
TRX01215,2024-08-23,Friday,8,2024,Pencairan honor bonus tahunan proyek freelance,Client Freelance,Gaji,19570000,Pemasukan,1,GoPay,Online,0,Denpasar
TRX01216,2024-12-22,Sunday,12,2024,Penerimaan bonus tahunan masuk ke rekening utama,Bank Central,Gaji,4965000,Pemasukan,1,Mandiri,Online,0,Jakarta
TRX01217,2024-01-21,Sunday,1,2024,Bayar sarapan ayam geprek di warung langganan,Bakso Pak Kumis,Makanan & Minuman,166000,Pengeluaran,0,BRI,Online,0,Bekasi
TRX01218,2026-06-28,Sunday,6,2026,Beli snack & mie instan dan perlengkapan rumah tangga,Lazada,Belanja,806000,Pengeluaran,0,BRI,Online,0,Palembang
TRX01219,2025-07-23,Wednesday,7,2025,Pesan mie ayam via aplikasi pesan antar makanan,Chatime,Makanan & Minuman,152000,Pengeluaran,0,Tunai,Offline,1,Bengkulu
TRX01220,2024-07-05,Friday,7,2024,Sewa akomodasi perjalanan tiket pesawat luar kota,KAI Access,Perjalanan,4489000,Pengeluaran,0,BRI,Online,0,Palembang
TRX01221,2023-11-11,Saturday,11,2023,Belanja kebutuhan harian roti sobek di Hypermart,Hypermart,Belanja,531000,Pengeluaran,0,Tunai,Offline,1,Surabaya
TRX01222,2025-12-24,Wednesday,12,2025,Makan mie ayam pas jam istirahat kantor,Mixue,Makanan & Minuman,99000,Pengeluaran,0,GoPay,Online,0,Depok
TRX01223,2024-11-14,Thursday,11,2024,Pesan kendaraan online bensin Pertamax pas hujan,Maxim,Transportasi,12000,Pengeluaran,0,BNI,Online,0,Palembang
TRX01224,2024-03-31,Sunday,3,2024,Checkout baju kaos pas diskon tanggal kembar,Indomaret,Belanja,1103000,Pengeluaran,0,QRIS,Online,0,Malang
TRX01225,2025-09-29,Monday,9,2025,Mampir beli pizza sama minuman segar,Warung Makan,Makanan & Minuman,156000,Pengeluaran,0,BNI,Online,0,Depok
TRX01226,2023-04-09,Sunday,4,2023,Checkout ayam geprek promo diskon sore hari,Solaria,Makanan & Minuman,221000,Pengeluaran,0,ShopeePay,Online,0,Denpasar
TRX01227,2026-05-02,Saturday,5,2026,Langganan fitur premium Spotify Premium bulanan,Netflix,Hiburan,95000,Pengeluaran,0,QRIS,Online,0,Jakarta
TRX01228,2025-11-17,Monday,11,2025,Top up saldo kartu e-money untuk bensin Pertamax,Maxim,Transportasi,155000,Pengeluaran,0,QRIS,Online,0,Jakarta
TRX01229,2025-01-28,Tuesday,1,2025,Top up saldo kartu e-money untuk e-toll,KAI,Transportasi,190000,Pengeluaran,0,DANA,Online,0,Bandung
TRX01230,2025-06-17,Tuesday,6,2025,Sewa akomodasi perjalanan tiket kereta api luar kota,Garuda Indonesia,Perjalanan,3804000,Pengeluaran,0,ShopeePay,Online,0,Bekasi
TRX01231,2024-04-13,Saturday,4,2024,Mampir minimarket beli snack & mie instan stok mingguan,Indomaret,Belanja,665000,Pengeluaran,0,BNI,Online,0,Surabaya
TRX01232,2024-05-06,Monday,5,2024,Top up reksa dana reksa dana pasar uang di Bareksa,Bareksa,Investasi,1270000,Pengeluaran,0,ShopeePay,Online,0,Depok
TRX01233,2025-10-06,Monday,10,2025,Beli masker dan suplemen imun untuk stok rumah,Kimia Farma,Kesehatan,778000,Pengeluaran,0,Tunai,Offline,1,Yogyakarta
TRX01234,2025-11-20,Thursday,11,2025,Bonus kinerja dan gaji pokok dari perusahaan,Bank Central,Gaji,3955000,Pemasukan,1,Mandiri,Online,0,Depok
TRX01235,2023-01-15,Sunday,1,2023,Sewa kendaraan bensin Pertamax untuk perjalanan harian,MyPertamina,Transportasi,179000,Pengeluaran,0,ShopeePay,Online,0,Bengkulu
TRX01236,2026-06-01,Monday,6,2026,Bayar sarapan ayam geprek di warung langganan,Kopi Kenangan,Makanan & Minuman,59000,Pengeluaran,0,Tunai,Offline,1,Bogor
TRX01237,2023-10-01,Sunday,10,2023,Isi ulang pulsa dan kuota pulsa HP harian,PLN,Utilitas,438000,Pengeluaran,0,BRI,Online,0,Makassar
TRX01238,2023-08-20,Sunday,8,2023,Beli baju kaos dan perlengkapan rumah tangga,Shopee,Belanja,637000,Pengeluaran,0,QRIS,Online,0,Medan
TRX01239,2023-01-05,Thursday,1,2023,Pesan kendaraan online bensin Pertamax pas hujan,Bluebird,Transportasi,174000,Pengeluaran,0,ShopeePay,Online,0,Bogor
TRX01240,2023-03-14,Tuesday,3,2023,Beli buku buku novel & komik di Kampus Universitas,Kampus Universitas,Pendidikan,1557000,Pengeluaran,0,BCA,Online,0,Malang
TRX01241,2025-07-31,Thursday,7,2025,Belanja kebutuhan harian baju kaos di Uniqlo,Uniqlo,Belanja,741000,Pengeluaran,0,BRI,Online,0,Palembang
TRX01242,2024-12-27,Friday,12,2024,Bayar sarapan soto betawi di warung langganan,Solaria,Makanan & Minuman,36000,Pengeluaran,0,BRI,Online,0,Palembang
TRX01243,2023-09-11,Monday,9,2023,Pembayaran UKT semesteran kursus Data Science,Gramedia,Pendidikan,1026000,Pengeluaran,0,DANA,Online,0,Palembang
TRX01244,2025-02-05,Wednesday,2,2025,Beli sepatu sneaker baru via e-commerce,Hypermart,Belanja,576000,Pengeluaran,0,Tunai,Offline,1,Yogyakarta
TRX01245,2025-06-18,Wednesday,6,2025,Beli mie ayam di Warung Makan bareng teman,Warung Makan,Makanan & Minuman,106000,Pengeluaran,0,Mandiri,Online,0,Surabaya
TRX01246,2024-01-24,Wednesday,1,2024,Mampir minimarket beli roti sobek stok mingguan,Tokopedia,Belanja,703000,Pengeluaran,0,BRI,Online,0,Bengkulu
TRX01247,2024-02-12,Monday,2,2024,Top up reksa dana aset kripto di Indodax,Indodax,Investasi,1824000,Pengeluaran,0,DANA,Online,0,Denpasar
TRX01248,2025-10-11,Saturday,10,2025,Beli perlengkapan vitamin C dan obat flu,Guardian,Kesehatan,799000,Pengeluaran,0,OVO,Online,0,Denpasar
TRX01249,2025-03-07,Friday,3,2025,Pesan nasi goreng via aplikasi pesan antar makanan,KFC,Makanan & Minuman,54000,Pengeluaran,0,BCA,Online,0,Tangerang
TRX01250,2024-04-29,Monday,4,2024,Beli mie ayam di Warung Makan bareng teman,Warung Makan,Makanan & Minuman,126000,Pengeluaran,0,QRIS,Online,0,Yogyakarta
TRX01251,2023-06-19,Monday,6,2023,Beli bensin e-toll di SPBU langganan,KAI,Transportasi,196000,Pengeluaran,0,ShopeePay,Online,0,Bandung
TRX01252,2024-05-25,Saturday,5,2024,Pengeluaran bulanan beli snack & mie instan di Indomaret,Indomaret,Belanja,531000,Pengeluaran,0,OVO,Online,0,Medan
TRX01253,2025-08-28,Thursday,8,2025,Beli tiket e-toll pulang pergi luar kota,Grab,Transportasi,56000,Pengeluaran,0,Mandiri,Online,0,Bogor
TRX01254,2026-04-25,Saturday,4,2026,Penerimaan bonus tahunan masuk ke rekening utama,PT Teknologi Karya,Gaji,7835000,Pemasukan,1,OVO,Online,0,Jakarta
TRX01255,2024-07-14,Sunday,7,2024,Booking penginapan dan hotel villa pantai liburan,Tiket.com,Perjalanan,1935000,Pengeluaran,0,BNI,Online,0,Bogor
TRX01256,2023-04-15,Saturday,4,2023,Pengeluaran bulanan beli snack & mie instan di Lazada,Lazada,Belanja,498000,Pengeluaran,0,Tunai,Offline,1,Palembang
TRX01257,2025-09-08,Monday,9,2025,Mampir beli nasi goreng sama minuman segar,Solaria,Makanan & Minuman,43000,Pengeluaran,0,QRIS,Online,0,Makassar
TRX01258,2025-05-06,Tuesday,5,2025,Beli ayam geprek di Gacoan bareng teman,Gacoan,Makanan & Minuman,15000,Pengeluaran,0,Tunai,Offline,1,Bekasi
TRX01259,2024-10-20,Sunday,10,2024,Makan sate ayam pas jam istirahat kantor,Kopi Kenangan,Makanan & Minuman,125000,Pengeluaran,0,Tunai,Offline,1,Yogyakarta
TRX01260,2025-01-14,Tuesday,1,2025,Pengeluaran bulanan beli baju kaos di Indomaret,Indomaret,Belanja,52000,Pengeluaran,0,BRI,Online,0,Makassar
TRX01261,2025-01-08,Wednesday,1,2025,Beli tiket e-toll pulang pergi luar kota,MyPertamina,Transportasi,164000,Pengeluaran,0,GoPay,Online,0,Medan
TRX01262,2024-07-19,Friday,7,2024,Makan bakso urat pas jam istirahat kantor,Solaria,Makanan & Minuman,48000,Pengeluaran,0,BNI,Online,0,Jakarta
TRX01263,2026-04-16,Thursday,4,2026,Beli instrumen investasi saham blue chip bulanan,Indodax,Investasi,2986000,Pengeluaran,0,DANA,Online,0,Depok
TRX01264,2023-07-22,Saturday,7,2023,Checkout pizza promo diskon sore hari,Mixue,Makanan & Minuman,92000,Pengeluaran,0,Mandiri,Online,0,Denpasar
TRX01265,2023-11-11,Saturday,11,2023,Mampir beli mie ayam sama minuman segar,Bakso Pak Kumis,Makanan & Minuman,243000,Pengeluaran,0,ShopeePay,Online,0,Makassar
TRX01266,2025-01-19,Sunday,1,2025,Belanja kebutuhan harian roti sobek di Indomaret,Indomaret,Belanja,1013000,Pengeluaran,0,ShopeePay,Online,0,Tangerang
TRX01267,2023-02-14,Tuesday,2,2023,Mampir beli ayam geprek sama minuman segar,Chatime,Makanan & Minuman,26000,Pengeluaran,0,BCA,Online,0,Tangerang
TRX01268,2024-01-25,Thursday,1,2024,Sewa kendaraan taksi online untuk perjalanan harian,Bluebird,Transportasi,146000,Pengeluaran,0,ShopeePay,Online,0,Surabaya
TRX01269,2023-12-05,Tuesday,12,2023,Beli roti sobek baru via e-commerce,Lazada,Belanja,824000,Pengeluaran,0,QRIS,Online,0,Medan
TRX01270,2024-01-12,Friday,1,2024,Beli kopi susu di Sederhana bareng teman,Sederhana,Makanan & Minuman,240000,Pengeluaran,0,ShopeePay,Online,0,Yogyakarta
TRX01271,2025-10-28,Tuesday,10,2025,Beli bensin tiket KRL di SPBU langganan,KCI Commuter,Transportasi,85000,Pengeluaran,0,QRIS,Online,0,Denpasar
TRX01272,2023-09-01,Friday,9,2023,Bayar sarapan burger di warung langganan,Gacoan,Makanan & Minuman,89000,Pengeluaran,0,Tunai,Offline,1,Bandung
TRX01273,2024-07-22,Monday,7,2024,Bayar biaya kursus online buku koding Python,Udemy,Pendidikan,3472000,Pengeluaran,0,Mandiri,Online,0,Denpasar
TRX01274,2023-08-26,Saturday,8,2023,Checkout pizza promo diskon sore hari,Warung Makan,Makanan & Minuman,98000,Pengeluaran,0,Tunai,Offline,1,Bekasi
TRX01275,2026-01-29,Thursday,1,2026,Beli roti sobek baru via e-commerce,Tokopedia,Belanja,628000,Pengeluaran,0,BCA,Online,0,Bengkulu
TRX01276,2023-01-22,Sunday,1,2023,Bayar konsultasi dokter dan beli skincare & sabun cuci muka,Apotek K-24,Kesehatan,292000,Pengeluaran,0,ShopeePay,Online,0,Bengkulu
TRX01277,2026-04-09,Thursday,4,2026,Bayar sarapan sate ayam di warung langganan,Solaria,Makanan & Minuman,224000,Pengeluaran,0,GoPay,Online,0,Semarang
TRX01278,2024-02-22,Thursday,2,2024,Bonus kinerja dan bonus tahunan dari perusahaan,Client Freelance,Gaji,11093000,Pemasukan,1,OVO,Online,0,Makassar
TRX01279,2023-10-31,Tuesday,10,2023,Bayar biaya kursus online buku novel & komik,Gramedia,Pendidikan,1981000,Pengeluaran,0,BRI,Online,0,Bogor
TRX01280,2023-12-27,Wednesday,12,2023,Mampir beli ayam geprek sama minuman segar,Kopi Kenangan,Makanan & Minuman,20000,Pengeluaran,0,BRI,Online,0,Bogor
TRX01281,2025-03-18,Tuesday,3,2025,Gaji pokok bulanan dari PT Teknologi Karya,PT Teknologi Karya,Gaji,5860000,Pemasukan,1,OVO,Online,0,Medan
TRX01282,2025-07-20,Sunday,7,2025,Langganan platform belajar buku koding Python,Coursera,Pendidikan,662000,Pengeluaran,0,BCA,Online,0,Malang
TRX01283,2023-07-24,Monday,7,2023,Beli titipan baju kaos pakai voucher belanja,Alfamart,Belanja,52000,Pengeluaran,0,BCA,Online,0,Bandung
TRX01284,2024-05-23,Thursday,5,2024,Sewa kendaraan bensin Pertamax untuk perjalanan harian,KCI Commuter,Transportasi,163000,Pengeluaran,0,BCA,Online,0,Tangerang
TRX01285,2023-01-20,Friday,1,2023,Top up reksa dana aset kripto di Bibit,Bibit,Investasi,928000,Pengeluaran,0,BRI,Online,0,Yogyakarta
TRX01286,2026-02-26,Thursday,2,2026,Top up voucher game Netflix 1 bulan pas akhir pekan,DuFan,Hiburan,199000,Pengeluaran,0,DANA,Online,0,Bandung
TRX01287,2024-05-14,Tuesday,5,2024,Makan burger pas jam istirahat kantor,Chatime,Makanan & Minuman,20000,Pengeluaran,0,BNI,Online,0,Denpasar
TRX01288,2024-08-30,Friday,8,2024,Beli ayam geprek di Solaria bareng teman,Solaria,Makanan & Minuman,248000,Pengeluaran,0,Tunai,Offline,1,Medan
TRX01289,2025-05-24,Saturday,5,2025,Checkout snack & mie instan pas diskon tanggal kembar,Uniqlo,Belanja,812000,Pengeluaran,0,BNI,Online,0,Yogyakarta
TRX01290,2023-12-14,Thursday,12,2023,Sewa akomodasi perjalanan hotel & resort luar kota,Tiket.com,Perjalanan,3227000,Pengeluaran,0,BNI,Online,0,Malang
TRX01291,2024-11-14,Thursday,11,2024,Pesan nasi goreng via aplikasi pesan antar makanan,KFC,Makanan & Minuman,60000,Pengeluaran,0,GoPay,Online,0,Malang
TRX01292,2024-01-07,Sunday,1,2024,Pencairan honor insentif proyek proyek freelance,PT Teknologi Karya,Gaji,12904000,Pemasukan,1,GoPay,Online,0,Depok
TRX01293,2023-08-01,Tuesday,8,2023,Beli minyak goreng dan perlengkapan rumah tangga,Blibli,Belanja,181000,Pengeluaran,0,BRI,Online,0,Tangerang
TRX01294,2023-10-28,Saturday,10,2023,Pengeluaran bulanan beli tas punggung di Hypermart,Hypermart,Belanja,1004000,Pengeluaran,0,BNI,Online,0,Malang
TRX01295,2025-05-25,Sunday,5,2025,Top up reksa dana saham blue chip di Ajaib,Ajaib,Investasi,1423000,Pengeluaran,0,BRI,Online,0,Bandung
TRX01296,2025-02-27,Thursday,2,2025,Mampir minimarket beli roti sobek stok mingguan,Blibli,Belanja,872000,Pengeluaran,0,GoPay,Online,0,Bandung
TRX01297,2024-05-18,Saturday,5,2024,Beli tas punggung baru via e-commerce,Lazada,Belanja,1118000,Pengeluaran,0,ShopeePay,Online,0,Bogor
TRX01298,2024-04-16,Tuesday,4,2024,Beli roti sobek baru via e-commerce,Matahari,Belanja,474000,Pengeluaran,0,Mandiri,Online,0,Makassar
TRX01299,2023-01-06,Friday,1,2023,Jajanan boba tea pas nongkrong malam minggu,Gacoan,Makanan & Minuman,49000,Pengeluaran,0,BCA,Online,0,Depok
TRX01300,2024-12-16,Monday,12,2024,Mampir minimarket beli snack & mie instan stok mingguan,Tokopedia,Belanja,320000,Pengeluaran,0,ShopeePay,Online,0,Depok
TRX01301,2025-05-12,Monday,5,2025,Pesan nasi goreng via aplikasi pesan antar makanan,Bakso Pak Kumis,Makanan & Minuman,45000,Pengeluaran,0,BRI,Online,0,Palembang
TRX01302,2023-02-23,Thursday,2,2023,Bayar ongkos tiket KRL berangkat kerja di Bluebird,Bluebird,Transportasi,189000,Pengeluaran,0,BNI,Online,0,Bengkulu
TRX01303,2026-04-06,Monday,4,2026,Beli ayam geprek di Sederhana bareng teman,Sederhana,Makanan & Minuman,52000,Pengeluaran,0,BNI,Online,0,Medan
TRX01304,2023-06-07,Wednesday,6,2023,Pesan ayam geprek via aplikasi pesan antar makanan,Solaria,Makanan & Minuman,135000,Pengeluaran,0,ShopeePay,Online,0,Bekasi
TRX01305,2024-09-05,Thursday,9,2024,Bayar rekening pulsa HP tepat waktu di M3 Ooredoo,M3 Ooredoo,Utilitas,63000,Pengeluaran,0,QRIS,Online,0,Surabaya
TRX01306,2023-11-16,Thursday,11,2023,Pesan pizza via aplikasi pesan antar makanan,Gacoan,Makanan & Minuman,143000,Pengeluaran,0,Tunai,Offline,1,Palembang
TRX01307,2025-05-17,Saturday,5,2025,Transfer payroll bulanan atas hasil kerja keras sebulan,Client Freelance,Gaji,19945000,Pemasukan,1,QRIS,Online,0,Bekasi
TRX01308,2024-04-10,Wednesday,4,2024,Belanja kebutuhan harian snack & mie instan di Tokopedia,Tokopedia,Belanja,1093000,Pengeluaran,0,BRI,Online,0,Bekasi
TRX01309,2024-03-09,Saturday,3,2024,Mampir minimarket beli casing hp stok mingguan,Alfamart,Belanja,401000,Pengeluaran,0,ShopeePay,Online,0,Malang
TRX01310,2023-06-08,Thursday,6,2023,Beli perlengkapan suplemen imun dan obat flu,Alodokter,Kesehatan,698000,Pengeluaran,0,OVO,Online,0,Bandung
TRX01311,2023-04-22,Saturday,4,2023,Bayar konsultasi dokter dan beli suplemen imun,Guardian,Kesehatan,306000,Pengeluaran,0,Tunai,Offline,1,Surabaya
TRX01312,2025-01-12,Sunday,1,2025,Gaji pokok bulanan dari PT Sukses Bersama,PT Sukses Bersama,Gaji,12747000,Pemasukan,1,BRI,Online,0,Denpasar
TRX01313,2023-08-07,Monday,8,2023,Mampir beli nasi goreng sama minuman segar,Sederhana,Makanan & Minuman,63000,Pengeluaran,0,BCA,Online,0,Medan
TRX01314,2024-07-05,Friday,7,2024,Beli pizza di Sederhana bareng teman,Sederhana,Makanan & Minuman,159000,Pengeluaran,0,DANA,Online,0,Jakarta
TRX01315,2023-04-09,Sunday,4,2023,Beli detergen & sabun dan perlengkapan rumah tangga,Superindo,Belanja,603000,Pengeluaran,0,ShopeePay,Online,0,Medan
TRX01316,2024-10-06,Sunday,10,2024,Sewa kendaraan bensin Pertamax untuk perjalanan harian,MyPertamina,Transportasi,182000,Pengeluaran,0,BNI,Online,0,Makassar
TRX01317,2025-04-14,Monday,4,2025,Langganan fitur premium film bioskop XXI bulanan,Steam,Hiburan,443000,Pengeluaran,0,BRI,Online,0,Jakarta
TRX01318,2026-04-17,Friday,4,2026,Beli resep minyak kayu putih dan vitamin di Alodokter,Alodokter,Kesehatan,327000,Pengeluaran,0,Tunai,Offline,1,Bengkulu
TRX01319,2025-08-06,Wednesday,8,2025,Bayar sarapan kopi susu di warung langganan,KFC,Makanan & Minuman,221000,Pengeluaran,0,BRI,Online,0,Tangerang
TRX01320,2023-11-26,Sunday,11,2023,Reservasi paket tur dan liburan tiket kereta api,Lion Air,Perjalanan,1374000,Pengeluaran,0,GoPay,Online,0,Semarang
TRX01321,2025-01-07,Tuesday,1,2025,Bonus kinerja dan gaji pokok dari perusahaan,Client Freelance,Gaji,11335000,Pemasukan,1,Mandiri,Online,0,Malang
TRX01322,2026-05-27,Wednesday,5,2026,Jajanan pizza pas nongkrong malam minggu,McDonalds,Makanan & Minuman,39000,Pengeluaran,0,BRI,Online,0,Tangerang
TRX01323,2024-09-25,Wednesday,9,2024,Bayar tagihan pulsa HP bulanan rumah tangga,PDAM,Utilitas,515000,Pengeluaran,0,GoPay,Online,0,Bandung
TRX01324,2024-08-28,Wednesday,8,2024,Checkout pizza promo diskon sore hari,Chatime,Makanan & Minuman,105000,Pengeluaran,0,Tunai,Offline,1,Bandung
TRX01325,2025-08-01,Friday,8,2025,Beli titipan snack & mie instan pakai voucher belanja,Blibli,Belanja,930000,Pengeluaran,0,BRI,Online,0,Surabaya
TRX01326,2026-03-10,Tuesday,3,2026,Isi ulang pulsa dan kuota wifi internet harian,M3 Ooredoo,Utilitas,468000,Pengeluaran,0,BRI,Online,0,Yogyakarta
TRX01327,2025-01-21,Tuesday,1,2025,Bayar tagihan wifi internet bulanan rumah tangga,M3 Ooredoo,Utilitas,473000,Pengeluaran,0,ShopeePay,Online,0,Yogyakarta
TRX01328,2024-06-22,Saturday,6,2024,Langganan fitur premium film bioskop XXI bulanan,PlayStation Store,Hiburan,359000,Pengeluaran,0,BCA,Online,0,Bekasi
TRX01329,2024-05-16,Thursday,5,2024,Bayar ongkos bensin Pertamax berangkat kerja di Gojek,Gojek,Transportasi,84000,Pengeluaran,0,OVO,Online,0,Bandung
TRX01330,2026-03-13,Friday,3,2026,Mampir minimarket beli casing hp stok mingguan,Indomaret,Belanja,971000,Pengeluaran,0,GoPay,Online,0,Yogyakarta
TRX01331,2025-08-17,Sunday,8,2025,Penerimaan gaji pokok masuk ke rekening utama,Client Freelance,Gaji,9407000,Pemasukan,1,BNI,Online,0,Depok
TRX01332,2025-03-23,Sunday,3,2025,Pesan kendaraan online taksi online pas hujan,KAI,Transportasi,26000,Pengeluaran,0,GoPay,Online,0,Makassar
TRX01333,2026-05-22,Friday,5,2026,Pelunasan iuran listrik PLN biar aliran tetap lancar,Pertagas,Utilitas,515000,Pengeluaran,0,BCA,Online,0,Denpasar
TRX01334,2023-11-15,Wednesday,11,2023,Pembelian aset saham blue chip untuk tabungan masa depan,Bareksa,Investasi,2427000,Pengeluaran,0,BCA,Online,0,Malang
TRX01335,2025-02-17,Monday,2,2025,Jajanan mie ayam pas nongkrong malam minggu,Warung Makan,Makanan & Minuman,69000,Pengeluaran,0,Tunai,Offline,1,Bogor
TRX01336,2023-02-16,Thursday,2,2023,Pembelian aset obligasi negara untuk tabungan masa depan,Indodax,Investasi,1132000,Pengeluaran,0,BRI,Online,0,Surabaya
TRX01337,2023-10-18,Wednesday,10,2023,Mampir beli bakso urat sama minuman segar,Solaria,Makanan & Minuman,238000,Pengeluaran,0,OVO,Online,0,Denpasar
TRX01338,2024-03-14,Thursday,3,2024,Penerimaan bonus tahunan masuk ke rekening utama,PT Sukses Bersama,Gaji,6529000,Pemasukan,1,OVO,Online,0,Makassar
TRX01339,2024-08-31,Saturday,8,2024,Jajanan mie ayam pas nongkrong malam minggu,Warung Makan,Makanan & Minuman,136000,Pengeluaran,0,BRI,Online,0,Bekasi
TRX01340,2025-06-13,Friday,6,2025,Beli titipan roti sobek pakai voucher belanja,Matahari,Belanja,45000,Pengeluaran,0,Mandiri,Online,0,Surabaya
TRX01341,2026-03-30,Monday,3,2026,Penerimaan insentif proyek masuk ke rekening utama,PT Sukses Bersama,Gaji,8431000,Pemasukan,1,DANA,Online,0,Depok
TRX01342,2023-10-30,Monday,10,2023,Bayar rekening listrik PLN tepat waktu di M3 Ooredoo,M3 Ooredoo,Utilitas,466000,Pengeluaran,0,QRIS,Online,0,Denpasar
TRX01343,2023-01-08,Sunday,1,2023,Booking penginapan dan hotel villa pantai liburan,Tiket.com,Perjalanan,598000,Pengeluaran,0,Mandiri,Online,0,Bekasi
TRX01344,2024-01-20,Saturday,1,2024,Beli sepatu sneaker baru via e-commerce,Lazada,Belanja,798000,Pengeluaran,0,Tunai,Offline,1,Medan
TRX01345,2024-01-27,Saturday,1,2024,Sewa akomodasi perjalanan hotel & resort luar kota,Lion Air,Perjalanan,3280000,Pengeluaran,0,BCA,Online,0,Semarang
TRX01346,2024-09-20,Friday,9,2024,Bayar rekening pulsa HP tepat waktu di PDAM,PDAM,Utilitas,516000,Pengeluaran,0,OVO,Online,0,Palembang
TRX01347,2024-12-21,Saturday,12,2024,Beli roti sobek baru via e-commerce,Lazada,Belanja,712000,Pengeluaran,0,Tunai,Offline,1,Bandung
TRX01348,2025-07-28,Monday,7,2025,Beli sepatu sneaker baru via e-commerce,Tokopedia,Belanja,917000,Pengeluaran,0,OVO,Online,0,Bengkulu
TRX01349,2024-08-03,Saturday,8,2024,Bayar ongkos ojek online berangkat kerja di Grab,Grab,Transportasi,32000,Pengeluaran,0,BCA,Online,0,Malang
TRX01350,2025-04-22,Tuesday,4,2025,Makan burger pas jam istirahat kantor,Sederhana,Makanan & Minuman,177000,Pengeluaran,0,BCA,Online,0,Bengkulu
TRX01351,2024-08-16,Friday,8,2024,Beli tiket masuk Netflix 1 bulan sama teman-teman,XXI Cinema,Hiburan,312000,Pengeluaran,0,OVO,Online,0,Surabaya
TRX01352,2024-02-05,Monday,2,2024,Beli tiket masuk game Steam sama teman-teman,CGV,Hiburan,241000,Pengeluaran,0,OVO,Online,0,Jakarta
TRX01353,2025-02-06,Thursday,2,2025,Beli perlengkapan skincare & sabun cuci muka dan obat flu,Century,Kesehatan,704000,Pengeluaran,0,OVO,Online,0,Bengkulu
TRX01354,2024-05-09,Thursday,5,2024,Beli nasi goreng di Solaria bareng teman,Solaria,Makanan & Minuman,21000,Pengeluaran,0,Tunai,Offline,1,Makassar
TRX01355,2025-11-28,Friday,11,2025,Beli perlengkapan skincare & sabun cuci muka dan obat flu,Century,Kesehatan,204000,Pengeluaran,0,OVO,Online,0,Medan
TRX01356,2026-02-12,Thursday,2,2026,Booking penginapan dan hotel villa pantai liburan,Tiket.com,Perjalanan,3815000,Pengeluaran,0,BRI,Online,0,Bengkulu
TRX01357,2025-03-10,Monday,3,2025,Sewa akomodasi perjalanan villa pantai luar kota,Tiket.com,Perjalanan,1597000,Pengeluaran,0,OVO,Online,0,Medan
TRX01358,2023-07-23,Sunday,7,2023,Bayar ongkos e-toll berangkat kerja di Maxim,Maxim,Transportasi,171000,Pengeluaran,0,OVO,Online,0,Bogor
TRX01359,2026-07-08,Wednesday,7,2026,Pembayaran UKT semesteran kursus Data Science,Kampus Universitas,Pendidikan,934000,Pengeluaran,0,BNI,Online,0,Surabaya
TRX01360,2023-02-22,Wednesday,2,2023,Belanja kebutuhan harian sepatu sneaker di Matahari,Matahari,Belanja,1138000,Pengeluaran,0,BNI,Online,0,Malang
TRX01361,2025-02-22,Saturday,2,2025,Checkout soto betawi promo diskon sore hari,McDonalds,Makanan & Minuman,62000,Pengeluaran,0,Tunai,Offline,1,Depok
TRX01362,2024-03-30,Saturday,3,2024,Pengeluaran bulanan beli casing hp di Lazada,Lazada,Belanja,799000,Pengeluaran,0,BCA,Online,0,Semarang
TRX01363,2023-06-19,Monday,6,2023,Langganan platform belajar buku koding Python,Penerbit Erlangga,Pendidikan,523000,Pengeluaran,0,BNI,Online,0,Yogyakarta
TRX01364,2026-05-05,Tuesday,5,2026,Mampir beli sate ayam sama minuman segar,McDonalds,Makanan & Minuman,244000,Pengeluaran,0,Tunai,Offline,1,Surabaya
TRX01365,2025-10-09,Thursday,10,2025,Tebus resep obat vitamin C di apotek langganan,RS Siloam,Kesehatan,133000,Pengeluaran,0,BCA,Online,0,Palembang
TRX01366,2023-05-31,Wednesday,5,2023,Bayar rekening air PDAM tepat waktu di PDAM,PDAM,Utilitas,479000,Pengeluaran,0,OVO,Online,0,Depok
TRX01367,2024-10-04,Friday,10,2024,Gaji pokok bulanan dari Client Freelance,Client Freelance,Gaji,13289000,Pemasukan,1,BCA,Online,0,Depok
TRX01368,2024-01-01,Monday,1,2024,Penerimaan gaji pokok masuk ke rekening utama,Bank Central,Gaji,14733000,Pemasukan,1,GoPay,Online,0,Yogyakarta
TRX01369,2026-06-11,Thursday,6,2026,Pencairan honor bonus tahunan proyek freelance,PT Nusantara Digital,Gaji,11839000,Pemasukan,1,BNI,Online,0,Medan
TRX01370,2026-05-26,Tuesday,5,2026,Pesan burger via aplikasi pesan antar makanan,Gacoan,Makanan & Minuman,70000,Pengeluaran,0,BNI,Online,0,Depok
TRX01371,2024-03-20,Wednesday,3,2024,Makan kopi susu pas jam istirahat kantor,McDonalds,Makanan & Minuman,201000,Pengeluaran,0,BRI,Online,0,Semarang
TRX01372,2024-07-14,Sunday,7,2024,Bayar rekening wifi internet tepat waktu di PDAM,PDAM,Utilitas,351000,Pengeluaran,0,DANA,Online,0,Bekasi
TRX01373,2025-10-12,Sunday,10,2025,Beli casing hp dan perlengkapan rumah tangga,Hypermart,Belanja,379000,Pengeluaran,0,Tunai,Offline,1,Bogor
TRX01374,2024-07-29,Monday,7,2024,Beli instrumen investasi aset kripto bulanan,Bibit,Investasi,943000,Pengeluaran,0,DANA,Online,0,Palembang
TRX01375,2025-07-02,Wednesday,7,2025,Beli minyak goreng baru via e-commerce,Superindo,Belanja,245000,Pengeluaran,0,OVO,Online,0,Medan
TRX01376,2026-03-07,Saturday,3,2026,Checkout tas punggung pas diskon tanggal kembar,Indomaret,Belanja,94000,Pengeluaran,0,QRIS,Online,0,Malang
TRX01377,2025-04-19,Saturday,4,2025,Mampir minimarket beli minyak goreng stok mingguan,Lazada,Belanja,86000,Pengeluaran,0,Tunai,Offline,1,Tangerang
TRX01378,2024-10-22,Tuesday,10,2024,Checkout minyak goreng pas diskon tanggal kembar,Tokopedia,Belanja,173000,Pengeluaran,0,Tunai,Offline,1,Makassar
TRX01379,2025-01-31,Friday,1,2025,Beli bakso urat di Warung Makan bareng teman,Warung Makan,Makanan & Minuman,96000,Pengeluaran,0,GoPay,Online,0,Medan
TRX01380,2025-08-11,Monday,8,2025,Pembayaran paket langganan air PDAM kecepatan tinggi,M3 Ooredoo,Utilitas,117000,Pengeluaran,0,OVO,Online,0,Semarang
TRX01381,2026-05-17,Sunday,5,2026,Mampir beli bakso urat sama minuman segar,Bakso Pak Kumis,Makanan & Minuman,198000,Pengeluaran,0,BNI,Online,0,Malang
TRX01382,2025-05-13,Tuesday,5,2025,Transfer insentif proyek atas hasil kerja keras sebulan,Client Freelance,Gaji,9992000,Pemasukan,1,Mandiri,Online,0,Jakarta
TRX01383,2025-10-08,Wednesday,10,2025,Bayar tagihan pulsa HP bulanan rumah tangga,Telkomsel,Utilitas,177000,Pengeluaran,0,DANA,Online,0,Bandung
TRX01384,2026-05-16,Saturday,5,2026,Beli casing hp baru via e-commerce,Hypermart,Belanja,68000,Pengeluaran,0,BCA,Online,0,Depok
TRX01385,2025-08-03,Sunday,8,2025,Beli detergen & sabun baru via e-commerce,Hypermart,Belanja,1105000,Pengeluaran,0,Tunai,Offline,1,Bengkulu
TRX01386,2023-02-03,Friday,2,2023,Mampir beli mie ayam sama minuman segar,KFC,Makanan & Minuman,85000,Pengeluaran,0,GoPay,Online,0,Palembang
TRX01387,2023-06-13,Tuesday,6,2023,Pembayaran paket langganan pulsa HP kecepatan tinggi,M3 Ooredoo,Utilitas,98000,Pengeluaran,0,OVO,Online,0,Semarang
TRX01388,2025-07-19,Saturday,7,2025,Pembayaran paket langganan wifi internet kecepatan tinggi,PDAM,Utilitas,155000,Pengeluaran,0,BCA,Online,0,Medan
TRX01389,2023-04-08,Saturday,4,2023,Beli perlengkapan obat flu & pusing dan obat flu,Apotek K-24,Kesehatan,734000,Pengeluaran,0,Mandiri,Online,0,Bandung
TRX01390,2023-06-30,Friday,6,2023,Beli burger di Warung Makan bareng teman,Warung Makan,Makanan & Minuman,191000,Pengeluaran,0,QRIS,Online,0,Depok
TRX01391,2023-03-30,Thursday,3,2023,Mampir beli bakso urat sama minuman segar,Chatime,Makanan & Minuman,99000,Pengeluaran,0,OVO,Online,0,Semarang
TRX01392,2023-12-15,Friday,12,2023,Beli buku buku novel & komik di Kampus Universitas,Kampus Universitas,Pendidikan,617000,Pengeluaran,0,GoPay,Online,0,Bogor
TRX01393,2023-10-31,Tuesday,10,2023,Sewa kendaraan taksi online untuk perjalanan harian,Bluebird,Transportasi,41000,Pengeluaran,0,ShopeePay,Online,0,Denpasar
TRX01394,2024-05-07,Tuesday,5,2024,Transfer insentif proyek atas hasil kerja keras sebulan,Client Freelance,Gaji,19317000,Pemasukan,1,Mandiri,Online,0,Surabaya
TRX01395,2024-06-24,Monday,6,2024,Beli tiket tiket KRL pulang pergi luar kota,Grab,Transportasi,72000,Pengeluaran,0,Mandiri,Online,0,Bekasi
TRX01396,2023-06-09,Friday,6,2023,Bayar sarapan nasi goreng di warung langganan,Kopi Kenangan,Makanan & Minuman,18000,Pengeluaran,0,DANA,Online,0,Bogor
TRX01397,2025-02-27,Thursday,2,2025,Bayar sarapan boba tea di warung langganan,KFC,Makanan & Minuman,223000,Pengeluaran,0,ShopeePay,Online,0,Denpasar
TRX01398,2024-10-03,Thursday,10,2024,Sewa kendaraan taksi online untuk perjalanan harian,KCI Commuter,Transportasi,49000,Pengeluaran,0,ShopeePay,Online,0,Surabaya
TRX01399,2023-09-24,Sunday,9,2023,Jajanan mie ayam pas nongkrong malam minggu,Warung Makan,Makanan & Minuman,237000,Pengeluaran,0,Mandiri,Online,0,Tangerang
TRX01400,2025-03-30,Sunday,3,2025,Pesan mie ayam via aplikasi pesan antar makanan,Chatime,Makanan & Minuman,190000,Pengeluaran,0,BNI,Online,0,Bandung
TRX01401,2025-08-02,Saturday,8,2025,Bayar langganan bulanan film bioskop XXI streaming,PlayStation Store,Hiburan,38000,Pengeluaran,0,DANA,Online,0,Bandung
TRX01402,2024-06-30,Sunday,6,2024,Checkout soto betawi promo diskon sore hari,Mixue,Makanan & Minuman,82000,Pengeluaran,0,Tunai,Offline,1,Denpasar
TRX01403,2023-06-22,Thursday,6,2023,Mampir minimarket beli sepatu sneaker stok mingguan,Shopee,Belanja,1053000,Pengeluaran,0,GoPay,Online,0,Jakarta
TRX01404,2025-06-22,Sunday,6,2025,Pengeluaran bulanan beli detergen & sabun di Indomaret,Indomaret,Belanja,808000,Pengeluaran,0,OVO,Online,0,Medan
TRX01405,2024-08-25,Sunday,8,2024,Mampir beli pizza sama minuman segar,McDonalds,Makanan & Minuman,150000,Pengeluaran,0,ShopeePay,Online,0,Palembang
TRX01406,2023-08-12,Saturday,8,2023,Gaji pokok bulanan dari PT Teknologi Karya,PT Teknologi Karya,Gaji,7274000,Pemasukan,1,BCA,Online,0,Depok
TRX01407,2023-03-15,Wednesday,3,2023,Pencairan honor gaji pokok proyek freelance,PT Teknologi Karya,Gaji,6810000,Pemasukan,1,QRIS,Online,0,Medan
TRX01408,2026-06-24,Wednesday,6,2026,Top up saldo kartu e-money untuk taksi online,Bluebird,Transportasi,35000,Pengeluaran,0,Mandiri,Online,0,Bekasi
TRX01409,2024-07-03,Wednesday,7,2024,Pelunasan iuran air PDAM biar aliran tetap lancar,Indihome,Utilitas,344000,Pengeluaran,0,QRIS,Online,0,Bekasi
TRX01410,2023-01-07,Saturday,1,2023,Jajanan pizza pas nongkrong malam minggu,Mixue,Makanan & Minuman,204000,Pengeluaran,0,Mandiri,Online,0,Bandung
TRX01411,2024-10-07,Monday,10,2024,Transfer bonus tahunan atas hasil kerja keras sebulan,PT Teknologi Karya,Gaji,18416000,Pemasukan,1,BRI,Online,0,Jakarta
TRX01412,2025-08-29,Friday,8,2025,Beli sepatu sneaker dan perlengkapan rumah tangga,Alfamart,Belanja,182000,Pengeluaran,0,Tunai,Offline,1,Tangerang
TRX01413,2023-01-20,Friday,1,2023,Penerimaan payroll bulanan masuk ke rekening utama,Client Freelance,Gaji,19500000,Pemasukan,1,Mandiri,Online,0,Yogyakarta
TRX01414,2023-08-13,Sunday,8,2023,Mampir beli pizza sama minuman segar,Gacoan,Makanan & Minuman,228000,Pengeluaran,0,Tunai,Offline,1,Denpasar
TRX01415,2023-12-09,Saturday,12,2023,Pesan kendaraan online ojek online pas hujan,Grab,Transportasi,198000,Pengeluaran,0,GoPay,Online,0,Yogyakarta
TRX01416,2025-10-01,Wednesday,10,2025,Pesan kendaraan online taksi online pas hujan,KCI Commuter,Transportasi,103000,Pengeluaran,0,DANA,Online,0,Jakarta
TRX01417,2024-12-23,Monday,12,2024,Belanja kebutuhan harian tas punggung di Uniqlo,Uniqlo,Belanja,577000,Pengeluaran,0,BCA,Online,0,Bandung
TRX01418,2025-04-20,Sunday,4,2025,Top up voucher game Netflix 1 bulan pas akhir pekan,PlayStation Store,Hiburan,284000,Pengeluaran,0,BCA,Online,0,Medan
TRX01419,2026-03-28,Saturday,3,2026,Beli bensin tiket KRL di SPBU langganan,Bluebird,Transportasi,200000,Pengeluaran,0,BNI,Online,0,Medan
TRX01420,2025-02-12,Wednesday,2,2025,Bonus kinerja dan payroll bulanan dari perusahaan,PT Sukses Bersama,Gaji,9232000,Pemasukan,1,QRIS,Online,0,Depok
TRX01421,2024-12-15,Sunday,12,2024,Beli tiket masuk wahana rekreasi sama teman-teman,Netflix,Hiburan,171000,Pengeluaran,0,QRIS,Online,0,Medan
TRX01422,2023-03-26,Sunday,3,2023,Penerimaan payroll bulanan masuk ke rekening utama,PT Sukses Bersama,Gaji,17703000,Pemasukan,1,DANA,Online,0,Malang
TRX01423,2024-12-11,Wednesday,12,2024,Pengeluaran bulanan beli tas punggung di Alfamart,Alfamart,Belanja,326000,Pengeluaran,0,BRI,Online,0,Denpasar
TRX01424,2024-08-16,Friday,8,2024,Bonus kinerja dan insentif proyek dari perusahaan,PT Teknologi Karya,Gaji,12945000,Pemasukan,1,BNI,Online,0,Tangerang
TRX01425,2024-08-26,Monday,8,2024,Mampir beli kopi susu sama minuman segar,Gacoan,Makanan & Minuman,226000,Pengeluaran,0,BCA,Online,0,Yogyakarta
TRX01426,2024-09-18,Wednesday,9,2024,Beli nasi goreng di Warung Makan bareng teman,Warung Makan,Makanan & Minuman,79000,Pengeluaran,0,Tunai,Offline,1,Depok
TRX01427,2024-08-03,Saturday,8,2024,Bayar konsultasi dokter dan beli minyak kayu putih,Century,Kesehatan,118000,Pengeluaran,0,BRI,Online,0,Bekasi
TRX01428,2024-02-07,Wednesday,2,2024,Checkout snack & mie instan pas diskon tanggal kembar,Indomaret,Belanja,90000,Pengeluaran,0,GoPay,Online,0,Medan
TRX01429,2025-03-02,Sunday,3,2025,Beli snack & mie instan dan perlengkapan rumah tangga,Indomaret,Belanja,661000,Pengeluaran,0,Tunai,Offline,1,Palembang
TRX01430,2024-10-22,Tuesday,10,2024,Beli perlengkapan vitamin C dan obat flu,Apotek K-24,Kesehatan,168000,Pengeluaran,0,Mandiri,Online,0,Semarang
TRX01431,2024-09-16,Monday,9,2024,Pesan soto betawi via aplikasi pesan antar makanan,Sederhana,Makanan & Minuman,111000,Pengeluaran,0,OVO,Online,0,Surabaya
TRX01432,2023-10-11,Wednesday,10,2023,Bayar rekening gas LPG tepat waktu di M3 Ooredoo,M3 Ooredoo,Utilitas,416000,Pengeluaran,0,DANA,Online,0,Makassar
TRX01433,2025-05-25,Sunday,5,2025,Bayar tagihan pulsa HP bulanan rumah tangga,XL Axiata,Utilitas,77000,Pengeluaran,0,OVO,Online,0,Surabaya
TRX01434,2023-10-15,Sunday,10,2023,Pencairan honor bonus tahunan proyek freelance,PT Sukses Bersama,Gaji,15726000,Pemasukan,1,BRI,Online,0,Malang
TRX01435,2026-01-17,Saturday,1,2026,Beli tiket masuk film bioskop XXI sama teman-teman,Spotify,Hiburan,94000,Pengeluaran,0,OVO,Online,0,Bengkulu
TRX01436,2023-01-13,Friday,1,2023,Bayar tagihan listrik PLN bulanan rumah tangga,Pertagas,Utilitas,106000,Pengeluaran,0,QRIS,Online,0,Bogor
TRX01437,2023-08-08,Tuesday,8,2023,Beli snack & mie instan baru via e-commerce,Indomaret,Belanja,1011000,Pengeluaran,0,BCA,Online,0,Surabaya
TRX01438,2026-04-12,Sunday,4,2026,Pencairan honor bonus tahunan proyek freelance,PT Nusantara Digital,Gaji,8223000,Pemasukan,1,ShopeePay,Online,0,Bekasi
TRX01439,2025-10-11,Saturday,10,2025,Mampir beli sate ayam sama minuman segar,McDonalds,Makanan & Minuman,199000,Pengeluaran,0,BCA,Online,0,Tangerang
TRX01440,2025-09-20,Saturday,9,2025,Penerimaan gaji pokok masuk ke rekening utama,PT Teknologi Karya,Gaji,3501000,Pemasukan,1,BRI,Online,0,Malang
TRX01441,2023-09-05,Tuesday,9,2023,Bayar tagihan air PDAM bulanan rumah tangga,Biznet,Utilitas,535000,Pengeluaran,0,BCA,Online,0,Bogor
TRX01442,2025-11-01,Saturday,11,2025,Beli baju kaos dan perlengkapan rumah tangga,Alfamart,Belanja,853000,Pengeluaran,0,BRI,Online,0,Bogor
TRX01443,2024-04-26,Friday,4,2024,Beli masker dan skincare & sabun cuci muka untuk stok rumah,Century,Kesehatan,727000,Pengeluaran,0,BNI,Online,0,Palembang
TRX01444,2023-10-27,Friday,10,2023,Gaji pokok bulanan dari PT Teknologi Karya,PT Teknologi Karya,Gaji,9095000,Pemasukan,1,ShopeePay,Online,0,Bekasi
TRX01445,2026-01-24,Saturday,1,2026,Mampir beli sate ayam sama minuman segar,Kopi Kenangan,Makanan & Minuman,185000,Pengeluaran,0,Tunai,Offline,1,Malang
TRX01446,2025-10-06,Monday,10,2025,Mampir minimarket beli roti sobek stok mingguan,Superindo,Belanja,244000,Pengeluaran,0,OVO,Online,0,Bandung
TRX01447,2023-02-27,Monday,2,2023,Belanja kebutuhan harian roti sobek di Indomaret,Indomaret,Belanja,645000,Pengeluaran,0,Tunai,Offline,1,Bengkulu
TRX01448,2026-06-23,Tuesday,6,2026,Mampir minimarket beli sepatu sneaker stok mingguan,Uniqlo,Belanja,963000,Pengeluaran,0,BRI,Online,0,Makassar
TRX01449,2025-10-22,Wednesday,10,2025,Top up voucher game Netflix 1 bulan pas akhir pekan,Steam,Hiburan,391000,Pengeluaran,0,ShopeePay,Online,0,Palembang
TRX01450,2025-11-16,Sunday,11,2025,Checkout boba tea promo diskon sore hari,McDonalds,Makanan & Minuman,132000,Pengeluaran,0,BRI,Online,0,Semarang
TRX01451,2024-09-12,Thursday,9,2024,Beli perlengkapan alat tulis buku novel & komik kuliah,Gramedia,Pendidikan,2032000,Pengeluaran,0,BRI,Online,0,Malang
TRX01452,2025-11-04,Tuesday,11,2025,Sewa kendaraan bensin Pertamax untuk perjalanan harian,KCI Commuter,Transportasi,92000,Pengeluaran,0,GoPay,Online,0,Malang
TRX01453,2026-06-18,Thursday,6,2026,Beli resep obat flu & pusing dan vitamin di Kimia Farma,Kimia Farma,Kesehatan,780000,Pengeluaran,0,Tunai,Offline,1,Surabaya
TRX01454,2023-08-06,Sunday,8,2023,Beli token wifi internet prabayar via m-banking,Pertagas,Utilitas,292000,Pengeluaran,0,BNI,Online,0,Depok
TRX01455,2023-12-23,Saturday,12,2023,Bayar ongkos taksi online berangkat kerja di Bluebird,Bluebird,Transportasi,25000,Pengeluaran,0,QRIS,Online,0,Surabaya
TRX01456,2023-03-18,Saturday,3,2023,Beli perlengkapan suplemen imun dan obat flu,Kimia Farma,Kesehatan,651000,Pengeluaran,0,BCA,Online,0,Depok
TRX01457,2023-12-23,Saturday,12,2023,Checkout roti sobek pas diskon tanggal kembar,Blibli,Belanja,1200000,Pengeluaran,0,Mandiri,Online,0,Semarang
TRX01458,2025-10-02,Thursday,10,2025,Checkout casing hp pas diskon tanggal kembar,Superindo,Belanja,356000,Pengeluaran,0,ShopeePay,Online,0,Tangerang
TRX01459,2024-01-29,Monday,1,2024,Bayar sarapan bakso urat di warung langganan,Gacoan,Makanan & Minuman,23000,Pengeluaran,0,BCA,Online,0,Makassar
TRX01460,2025-04-15,Tuesday,4,2025,Beli token wifi internet prabayar via m-banking,PDAM,Utilitas,590000,Pengeluaran,0,DANA,Online,0,Medan
TRX01461,2024-02-29,Thursday,2,2024,Transfer payroll bulanan atas hasil kerja keras sebulan,Client Freelance,Gaji,15181000,Pemasukan,1,ShopeePay,Online,0,Bogor
TRX01462,2023-10-10,Tuesday,10,2023,Tebus resep obat suplemen imun di apotek langganan,Alodokter,Kesehatan,102000,Pengeluaran,0,BRI,Online,0,Tangerang
TRX01463,2025-11-25,Tuesday,11,2025,Checkout tas punggung pas diskon tanggal kembar,Indomaret,Belanja,130000,Pengeluaran,0,GoPay,Online,0,Jakarta
TRX01464,2024-04-03,Wednesday,4,2024,Tebus resep obat skincare & sabun cuci muka di apotek langganan,Halodoc,Kesehatan,750000,Pengeluaran,0,BRI,Online,0,Semarang
TRX01465,2023-06-03,Saturday,6,2023,Pembayaran paket langganan gas LPG kecepatan tinggi,Biznet,Utilitas,562000,Pengeluaran,0,QRIS,Online,0,Palembang
TRX01466,2026-06-20,Saturday,6,2026,Jajanan pizza pas nongkrong malam minggu,KFC,Makanan & Minuman,249000,Pengeluaran,0,BCA,Online,0,Jakarta
TRX01467,2024-11-23,Saturday,11,2024,Beli titipan minyak goreng pakai voucher belanja,Shopee,Belanja,146000,Pengeluaran,0,Tunai,Offline,1,Denpasar
TRX01468,2024-11-06,Wednesday,11,2024,Bayar biaya kursus online buku koding Python,Penerbit Erlangga,Pendidikan,2121000,Pengeluaran,0,BNI,Online,0,Tangerang
TRX01469,2026-02-28,Saturday,2,2026,Pembayaran UKT semesteran buku koding Python,Penerbit Erlangga,Pendidikan,389000,Pengeluaran,0,OVO,Online,0,Malang
TRX01470,2026-06-08,Monday,6,2026,Bayar biaya kursus online buku novel & komik,Kampus Universitas,Pendidikan,1208000,Pengeluaran,0,BCA,Online,0,Surabaya
TRX01471,2023-03-14,Tuesday,3,2023,Isi ulang pulsa dan kuota wifi internet harian,Biznet,Utilitas,539000,Pengeluaran,0,QRIS,Online,0,Tangerang
TRX01472,2024-04-11,Thursday,4,2024,Bayar sarapan nasi goreng di warung langganan,Gacoan,Makanan & Minuman,151000,Pengeluaran,0,OVO,Online,0,Bengkulu
TRX01473,2023-02-07,Tuesday,2,2023,Isi ulang pulsa dan kuota pulsa HP harian,PLN,Utilitas,178000,Pengeluaran,0,OVO,Online,0,Bekasi
TRX01474,2025-05-24,Saturday,5,2025,Bayar tagihan pulsa HP bulanan rumah tangga,PDAM,Utilitas,426000,Pengeluaran,0,GoPay,Online,0,Medan
TRX01475,2024-12-03,Tuesday,12,2024,Checkout casing hp pas diskon tanggal kembar,Alfamart,Belanja,213000,Pengeluaran,0,Mandiri,Online,0,Palembang
TRX01476,2026-01-03,Saturday,1,2026,Bayar tagihan air PDAM bulanan rumah tangga,PLN,Utilitas,128000,Pengeluaran,0,BCA,Online,0,Bandung
TRX01477,2025-06-17,Tuesday,6,2025,Checkout boba tea promo diskon sore hari,Gacoan,Makanan & Minuman,169000,Pengeluaran,0,Mandiri,Online,0,Semarang
TRX01478,2023-09-23,Saturday,9,2023,Penerimaan gaji pokok masuk ke rekening utama,Client Freelance,Gaji,6002000,Pemasukan,1,QRIS,Online,0,Denpasar
TRX01479,2024-02-26,Monday,2,2024,Isi ulang pulsa dan kuota air PDAM harian,M3 Ooredoo,Utilitas,359000,Pengeluaran,0,GoPay,Online,0,Tangerang
TRX01480,2026-02-03,Tuesday,2,2026,Beli snack & mie instan dan perlengkapan rumah tangga,Shopee,Belanja,1133000,Pengeluaran,0,BCA,Online,0,Makassar
TRX01481,2025-04-21,Monday,4,2025,Bayar ongkos tiket KRL berangkat kerja di TransJakarta,TransJakarta,Transportasi,62000,Pengeluaran,0,BRI,Online,0,Bogor
TRX01482,2025-12-02,Tuesday,12,2025,Makan kopi susu pas jam istirahat kantor,Mixue,Makanan & Minuman,110000,Pengeluaran,0,BRI,Online,0,Jakarta
TRX01483,2024-04-26,Friday,4,2024,Bayar ongkos ojek online berangkat kerja di TransJakarta,TransJakarta,Transportasi,137000,Pengeluaran,0,BCA,Online,0,Semarang
TRX01484,2024-07-23,Tuesday,7,2024,Penerimaan gaji pokok masuk ke rekening utama,PT Sukses Bersama,Gaji,12645000,Pemasukan,1,OVO,Online,0,Yogyakarta
TRX01485,2023-02-08,Wednesday,2,2023,Beli tiket nonton Spotify Premium di Netflix,Netflix,Hiburan,144000,Pengeluaran,0,Mandiri,Online,0,Palembang
TRX01486,2024-01-13,Saturday,1,2024,Transfer gaji pokok atas hasil kerja keras sebulan,Bank Central,Gaji,4525000,Pemasukan,1,ShopeePay,Online,0,Tangerang
TRX01487,2024-12-13,Friday,12,2024,Pembayaran UKT semesteran UKT kuliah,Kampus Universitas,Pendidikan,3418000,Pengeluaran,0,Mandiri,Online,0,Tangerang
TRX01488,2023-02-26,Sunday,2,2023,Beli titipan roti sobek pakai voucher belanja,Matahari,Belanja,900000,Pengeluaran,0,BCA,Online,0,Tangerang
TRX01489,2023-08-12,Saturday,8,2023,Isi ulang pulsa dan kuota gas LPG harian,Telkomsel,Utilitas,484000,Pengeluaran,0,ShopeePay,Online,0,Semarang
TRX01490,2023-11-29,Wednesday,11,2023,Beli instrumen investasi saham blue chip bulanan,Stockbit,Investasi,162000,Pengeluaran,0,QRIS,Online,0,Tangerang
TRX01491,2024-07-15,Monday,7,2024,Mampir beli burger sama minuman segar,Bakso Pak Kumis,Makanan & Minuman,101000,Pengeluaran,0,BCA,Online,0,Malang
TRX01492,2024-07-15,Monday,7,2024,Belanja kebutuhan harian detergen & sabun di Superindo,Superindo,Belanja,653000,Pengeluaran,0,GoPay,Online,0,Bogor
TRX01493,2024-06-25,Tuesday,6,2024,Beli resep suplemen imun dan vitamin di Alodokter,Alodokter,Kesehatan,480000,Pengeluaran,0,Tunai,Offline,1,Jakarta
TRX01494,2025-01-04,Saturday,1,2025,Bayar tagihan pulsa HP bulanan rumah tangga,Biznet,Utilitas,131000,Pengeluaran,0,QRIS,Online,0,Depok
TRX01495,2026-06-03,Wednesday,6,2026,Beli token pulsa HP prabayar via m-banking,PDAM,Utilitas,314000,Pengeluaran,0,QRIS,Online,0,Semarang
TRX01496,2025-10-10,Friday,10,2025,Beli ayam geprek di McDonalds bareng teman,McDonalds,Makanan & Minuman,74000,Pengeluaran,0,Tunai,Offline,1,Jakarta
TRX01497,2024-01-13,Saturday,1,2024,Transfer payroll bulanan atas hasil kerja keras sebulan,Client Freelance,Gaji,4874000,Pemasukan,1,ShopeePay,Online,0,Bekasi
TRX01498,2024-04-11,Thursday,4,2024,Beli sate ayam di Chatime bareng teman,Chatime,Makanan & Minuman,188000,Pengeluaran,0,GoPay,Online,0,Denpasar
TRX01499,2023-04-02,Sunday,4,2023,Penerimaan gaji pokok masuk ke rekening utama,PT Sukses Bersama,Gaji,18042000,Pemasukan,1,BNI,Online,0,Denpasar
TRX01500,2023-06-08,Thursday,6,2023,Checkout pizza promo diskon sore hari,Warung Makan,Makanan & Minuman,227000,Pengeluaran,0,OVO,Online,0,Surabaya
TRX01501,2025-05-23,Friday,5,2025,Top up voucher game film bioskop XXI pas akhir pekan,XXI Cinema,Hiburan,340000,Pengeluaran,0,GoPay,Online,0,Makassar
TRX01502,2025-04-15,Tuesday,4,2025,Top up voucher game Spotify Premium pas akhir pekan,Spotify,Hiburan,348000,Pengeluaran,0,BCA,Online,0,Bandung
TRX01503,2025-01-24,Friday,1,2025,Beli pizza di McDonalds bareng teman,McDonalds,Makanan & Minuman,42000,Pengeluaran,0,GoPay,Online,0,Denpasar
TRX01504,2025-11-06,Thursday,11,2025,Bayar konsultasi dokter dan beli skincare & sabun cuci muka,Guardian,Kesehatan,417000,Pengeluaran,0,BCA,Online,0,Bengkulu
TRX01505,2023-11-04,Saturday,11,2023,Checkout baju kaos pas diskon tanggal kembar,Indomaret,Belanja,1182000,Pengeluaran,0,ShopeePay,Online,0,Bekasi
TRX01506,2025-05-06,Tuesday,5,2025,Bayar tagihan gas LPG bulanan rumah tangga,PDAM,Utilitas,533000,Pengeluaran,0,ShopeePay,Online,0,Denpasar
TRX01507,2025-06-22,Sunday,6,2025,Checkout snack & mie instan pas diskon tanggal kembar,Shopee,Belanja,698000,Pengeluaran,0,Tunai,Offline,1,Tangerang
TRX01508,2025-01-11,Saturday,1,2025,Bayar sarapan bakso urat di warung langganan,Warung Makan,Makanan & Minuman,128000,Pengeluaran,0,OVO,Online,0,Makassar
TRX01509,2023-06-13,Tuesday,6,2023,Beli baju kaos dan perlengkapan rumah tangga,Lazada,Belanja,1016000,Pengeluaran,0,DANA,Online,0,Tangerang
TRX01510,2025-05-07,Wednesday,5,2025,Bayar sarapan burger di warung langganan,McDonalds,Makanan & Minuman,213000,Pengeluaran,0,BRI,Online,0,Malang
TRX01511,2024-06-17,Monday,6,2024,Beli resep skincare & sabun cuci muka dan vitamin di Halodoc,Halodoc,Kesehatan,113000,Pengeluaran,0,ShopeePay,Online,0,Bandung
TRX01512,2026-03-25,Wednesday,3,2026,Isi ulang pulsa dan kuota air PDAM harian,Biznet,Utilitas,65000,Pengeluaran,0,BRI,Online,0,Surabaya
TRX01513,2025-05-07,Wednesday,5,2025,Pengeluaran bulanan beli tas punggung di Lazada,Lazada,Belanja,231000,Pengeluaran,0,Tunai,Offline,1,Jakarta
TRX01514,2025-06-02,Monday,6,2025,Pesan bakso urat via aplikasi pesan antar makanan,McDonalds,Makanan & Minuman,146000,Pengeluaran,0,OVO,Online,0,Depok
TRX01515,2025-05-14,Wednesday,5,2025,Pengeluaran bulanan beli casing hp di Hypermart,Hypermart,Belanja,625000,Pengeluaran,0,Tunai,Offline,1,Depok
TRX01516,2024-11-20,Wednesday,11,2024,Penerimaan gaji pokok masuk ke rekening utama,Bank Central,Gaji,5916000,Pemasukan,1,GoPay,Online,0,Yogyakarta
TRX01517,2025-04-17,Thursday,4,2025,Bonus kinerja dan insentif proyek dari perusahaan,Client Freelance,Gaji,7910000,Pemasukan,1,BRI,Online,0,Bekasi
TRX01518,2026-04-22,Wednesday,4,2026,Bayar biaya kursus online buku koding Python,Kampus Universitas,Pendidikan,131000,Pengeluaran,0,GoPay,Online,0,Bengkulu
TRX01519,2025-07-17,Thursday,7,2025,Beli sepatu sneaker baru via e-commerce,Blibli,Belanja,597000,Pengeluaran,0,BNI,Online,0,Medan
TRX01520,2024-08-31,Saturday,8,2024,Pembayaran paket langganan gas LPG kecepatan tinggi,PLN,Utilitas,587000,Pengeluaran,0,ShopeePay,Online,0,Bogor
TRX01521,2025-05-23,Friday,5,2025,Beli titipan minyak goreng pakai voucher belanja,Hypermart,Belanja,390000,Pengeluaran,0,BCA,Online,0,Bogor
TRX01522,2024-03-07,Thursday,3,2024,Belanja kebutuhan harian minyak goreng di Superindo,Superindo,Belanja,736000,Pengeluaran,0,BNI,Online,0,Semarang
TRX01523,2024-07-14,Sunday,7,2024,Pelunasan iuran air PDAM biar aliran tetap lancar,Biznet,Utilitas,315000,Pengeluaran,0,BNI,Online,0,Depok
TRX01524,2024-04-19,Friday,4,2024,Gaji pokok bulanan dari PT Teknologi Karya,PT Teknologi Karya,Gaji,9032000,Pemasukan,1,BCA,Online,0,Malang
TRX01525,2023-03-23,Thursday,3,2023,Top up reksa dana saham blue chip di Pintu,Pintu,Investasi,2100000,Pengeluaran,0,BCA,Online,0,Makassar
TRX01526,2024-02-21,Wednesday,2,2024,Pengeluaran bulanan beli roti sobek di Matahari,Matahari,Belanja,936000,Pengeluaran,0,DANA,Online,0,Semarang
TRX01527,2023-08-13,Sunday,8,2023,Top up saldo kartu e-money untuk taksi online,Grab,Transportasi,136000,Pengeluaran,0,QRIS,Online,0,Surabaya
TRX01528,2023-10-08,Sunday,10,2023,Sewa akomodasi perjalanan hotel & resort luar kota,KAI Access,Perjalanan,947000,Pengeluaran,0,Mandiri,Online,0,Bekasi
TRX01529,2023-06-02,Friday,6,2023,Beli minyak goreng dan perlengkapan rumah tangga,Lazada,Belanja,953000,Pengeluaran,0,ShopeePay,Online,0,Bengkulu
TRX01530,2023-06-01,Thursday,6,2023,Top up saldo kartu e-money untuk ojek online,MyPertamina,Transportasi,35000,Pengeluaran,0,ShopeePay,Online,0,Makassar
TRX01531,2024-01-25,Thursday,1,2024,Beli resep obat flu & pusing dan vitamin di Guardian,Guardian,Kesehatan,281000,Pengeluaran,0,Tunai,Offline,1,Palembang
TRX01532,2024-03-26,Tuesday,3,2024,Gaji pokok bulanan dari PT Sukses Bersama,PT Sukses Bersama,Gaji,19376000,Pemasukan,1,BRI,Online,0,Bekasi
TRX01533,2025-10-14,Tuesday,10,2025,Beli baju kaos baru via e-commerce,Shopee,Belanja,463000,Pengeluaran,0,Tunai,Offline,1,Surabaya
TRX01534,2025-10-01,Wednesday,10,2025,Bayar tagihan air PDAM bulanan rumah tangga,Biznet,Utilitas,478000,Pengeluaran,0,QRIS,Online,0,Malang
TRX01535,2025-02-17,Monday,2,2025,Bonus kinerja dan insentif proyek dari perusahaan,PT Teknologi Karya,Gaji,9400000,Pemasukan,1,QRIS,Online,0,Bogor
TRX01536,2024-04-19,Friday,4,2024,Beli tiket masuk Spotify Premium sama teman-teman,PlayStation Store,Hiburan,437000,Pengeluaran,0,OVO,Online,0,Malang
TRX01537,2025-01-01,Wednesday,1,2025,Beli token listrik PLN prabayar via m-banking,Telkomsel,Utilitas,165000,Pengeluaran,0,QRIS,Online,0,Palembang
TRX01538,2025-07-04,Friday,7,2025,Checkout baju kaos pas diskon tanggal kembar,Hypermart,Belanja,976000,Pengeluaran,0,BNI,Online,0,Makassar
TRX01539,2025-03-26,Wednesday,3,2025,Beli tiket taksi online pulang pergi luar kota,TransJakarta,Transportasi,115000,Pengeluaran,0,Mandiri,Online,0,Jakarta
TRX01540,2024-08-18,Sunday,8,2024,Belanja kebutuhan harian roti sobek di Shopee,Shopee,Belanja,1176000,Pengeluaran,0,QRIS,Online,0,Bengkulu
TRX01541,2024-10-12,Saturday,10,2024,Mampir minimarket beli roti sobek stok mingguan,Blibli,Belanja,558000,Pengeluaran,0,QRIS,Online,0,Yogyakarta
TRX01542,2024-03-24,Sunday,3,2024,Mampir minimarket beli snack & mie instan stok mingguan,Alfamart,Belanja,864000,Pengeluaran,0,Tunai,Offline,1,Depok
TRX01543,2023-12-08,Friday,12,2023,Pembayaran paket langganan gas LPG kecepatan tinggi,PDAM,Utilitas,387000,Pengeluaran,0,BRI,Online,0,Malang
TRX01544,2026-01-10,Saturday,1,2026,Makan mie ayam pas jam istirahat kantor,Gacoan,Makanan & Minuman,214000,Pengeluaran,0,GoPay,Online,0,Tangerang
TRX01545,2026-02-06,Friday,2,2026,Bayar sarapan burger di warung langganan,Gacoan,Makanan & Minuman,107000,Pengeluaran,0,BRI,Online,0,Bogor
TRX01546,2026-01-02,Friday,1,2026,Beli titipan snack & mie instan pakai voucher belanja,Shopee,Belanja,355000,Pengeluaran,0,GoPay,Online,0,Palembang
TRX01547,2024-03-17,Sunday,3,2024,Bayar tagihan listrik PLN bulanan rumah tangga,Biznet,Utilitas,70000,Pengeluaran,0,ShopeePay,Online,0,Surabaya
TRX01548,2025-10-24,Friday,10,2025,Checkout detergen & sabun pas diskon tanggal kembar,Blibli,Belanja,604000,Pengeluaran,0,Mandiri,Online,0,Bengkulu
TRX01549,2024-05-21,Tuesday,5,2024,Makan malam mie ayam bareng keluarga,KFC,Makanan & Minuman,48000,Pengeluaran,0,QRIS,Online,0,Bogor
TRX01550,2023-06-23,Friday,6,2023,Beli mie ayam di Mixue bareng teman,Mixue,Makanan & Minuman,18000,Pengeluaran,0,ShopeePay,Online,0,Malang
TRX01551,2023-11-07,Tuesday,11,2023,Bayar sarapan mie ayam di warung langganan,Sederhana,Makanan & Minuman,227000,Pengeluaran,0,QRIS,Online,0,Tangerang
TRX01552,2024-10-24,Thursday,10,2024,Beli snack & mie instan dan perlengkapan rumah tangga,Alfamart,Belanja,964000,Pengeluaran,0,Tunai,Offline,1,Semarang
TRX01553,2026-03-26,Thursday,3,2026,Bayar tagihan pulsa HP bulanan rumah tangga,Telkomsel,Utilitas,277000,Pengeluaran,0,OVO,Online,0,Denpasar
TRX01554,2024-07-24,Wednesday,7,2024,Bayar tagihan pulsa HP bulanan rumah tangga,Biznet,Utilitas,558000,Pengeluaran,0,OVO,Online,0,Makassar
TRX01555,2026-01-24,Saturday,1,2026,Beli tiket bensin Pertamax pulang pergi luar kota,TransJakarta,Transportasi,16000,Pengeluaran,0,OVO,Online,0,Tangerang
TRX01556,2024-04-20,Saturday,4,2024,Pengeluaran bulanan beli baju kaos di Blibli,Blibli,Belanja,661000,Pengeluaran,0,BNI,Online,0,Surabaya
TRX01557,2026-02-22,Sunday,2,2026,Bayar sarapan pizza di warung langganan,Kopi Kenangan,Makanan & Minuman,36000,Pengeluaran,0,Tunai,Offline,1,Malang
TRX01558,2025-08-27,Wednesday,8,2025,Isi ulang pulsa dan kuota listrik PLN harian,Biznet,Utilitas,308000,Pengeluaran,0,OVO,Online,0,Semarang
TRX01559,2024-11-22,Friday,11,2024,Beli masker dan skincare & sabun cuci muka untuk stok rumah,Kimia Farma,Kesehatan,643000,Pengeluaran,0,BCA,Online,0,Semarang
TRX01560,2024-03-04,Monday,3,2024,Top up saldo kartu e-money untuk e-toll,TransJakarta,Transportasi,90000,Pengeluaran,0,Mandiri,Online,0,Makassar
TRX01561,2025-08-02,Saturday,8,2025,Top up saldo kartu e-money untuk ojek online,Grab,Transportasi,189000,Pengeluaran,0,BNI,Online,0,Palembang
TRX01562,2023-09-18,Monday,9,2023,Sewa kendaraan e-toll untuk perjalanan harian,Maxim,Transportasi,41000,Pengeluaran,0,BRI,Online,0,Medan
TRX01563,2025-06-15,Sunday,6,2025,Beli tiket masuk film bioskop XXI sama teman-teman,CGV,Hiburan,283000,Pengeluaran,0,BRI,Online,0,Bengkulu
TRX01564,2025-12-10,Wednesday,12,2025,Bayar tagihan pulsa HP bulanan rumah tangga,XL Axiata,Utilitas,353000,Pengeluaran,0,BNI,Online,0,Palembang
TRX01565,2024-08-25,Sunday,8,2024,Pesan kendaraan online e-toll pas hujan,KCI Commuter,Transportasi,167000,Pengeluaran,0,GoPay,Online,0,Malang
TRX01566,2023-12-06,Wednesday,12,2023,Checkout kopi susu promo diskon sore hari,Mixue,Makanan & Minuman,147000,Pengeluaran,0,DANA,Online,0,Yogyakarta
TRX01567,2024-03-07,Thursday,3,2024,Bayar biaya kursus online kursus Data Science,Penerbit Erlangga,Pendidikan,2247000,Pengeluaran,0,DANA,Online,0,Jakarta
TRX01568,2024-10-12,Saturday,10,2024,Belanja kebutuhan harian tas punggung di Tokopedia,Tokopedia,Belanja,36000,Pengeluaran,0,Mandiri,Online,0,Medan
TRX01569,2023-07-12,Wednesday,7,2023,Bayar tagihan listrik PLN bulanan rumah tangga,M3 Ooredoo,Utilitas,529000,Pengeluaran,0,BRI,Online,0,Surabaya
TRX01570,2024-12-18,Wednesday,12,2024,Penerimaan insentif proyek masuk ke rekening utama,PT Teknologi Karya,Gaji,9812000,Pemasukan,1,QRIS,Online,0,Semarang
TRX01571,2025-05-22,Thursday,5,2025,Pencairan honor insentif proyek proyek freelance,PT Sukses Bersama,Gaji,16714000,Pemasukan,1,QRIS,Online,0,Denpasar
TRX01572,2026-01-13,Tuesday,1,2026,Pencairan honor gaji pokok proyek freelance,PT Teknologi Karya,Gaji,8494000,Pemasukan,1,BNI,Online,0,Bekasi
TRX01573,2024-03-19,Tuesday,3,2024,Checkout baju kaos pas diskon tanggal kembar,Superindo,Belanja,1094000,Pengeluaran,0,OVO,Online,0,Makassar
TRX01574,2026-03-24,Tuesday,3,2026,Sewa kendaraan e-toll untuk perjalanan harian,KCI Commuter,Transportasi,131000,Pengeluaran,0,Mandiri,Online,0,Bandung
TRX01575,2023-01-06,Friday,1,2023,Beli masker dan obat flu & pusing untuk stok rumah,Apotek K-24,Kesehatan,180000,Pengeluaran,0,Tunai,Offline,1,Yogyakarta
TRX01576,2023-01-01,Sunday,1,2023,Beli sepatu sneaker baru via e-commerce,Alfamart,Belanja,925000,Pengeluaran,0,DANA,Online,0,Makassar
TRX01577,2024-09-11,Wednesday,9,2024,Pembayaran paket langganan air PDAM kecepatan tinggi,PDAM,Utilitas,452000,Pengeluaran,0,OVO,Online,0,Tangerang
TRX01578,2025-02-28,Friday,2,2025,Beli tiket tiket KRL pulang pergi luar kota,MyPertamina,Transportasi,91000,Pengeluaran,0,ShopeePay,Online,0,Surabaya
TRX01579,2026-05-24,Sunday,5,2026,Bayar konsultasi dokter dan beli skincare & sabun cuci muka,Apotek K-24,Kesehatan,477000,Pengeluaran,0,DANA,Online,0,Bekasi
TRX01580,2024-05-28,Tuesday,5,2024,Transfer honor freelance atas hasil kerja keras sebulan,Bank Central,Gaji,9333000,Pemasukan,1,BCA,Online,0,Bogor
TRX01581,2025-01-18,Saturday,1,2025,Beli tiket masuk game Steam sama teman-teman,DuFan,Hiburan,139000,Pengeluaran,0,ShopeePay,Online,0,Depok
TRX01582,2024-01-27,Saturday,1,2024,Checkout detergen & sabun pas diskon tanggal kembar,Tokopedia,Belanja,930000,Pengeluaran,0,Mandiri,Online,0,Jakarta
TRX01583,2026-04-15,Wednesday,4,2026,Beli minyak goreng dan perlengkapan rumah tangga,Indomaret,Belanja,1054000,Pengeluaran,0,QRIS,Online,0,Jakarta
TRX01584,2024-07-17,Wednesday,7,2024,Transfer gaji pokok atas hasil kerja keras sebulan,Client Freelance,Gaji,12484000,Pemasukan,1,BCA,Online,0,Malang
TRX01585,2023-03-04,Saturday,3,2023,Beli tiket masuk wahana rekreasi sama teman-teman,Netflix,Hiburan,281000,Pengeluaran,0,BRI,Online,0,Yogyakarta
TRX01586,2026-01-22,Thursday,1,2026,Beli resep skincare & sabun cuci muka dan vitamin di Kimia Farma,Kimia Farma,Kesehatan,657000,Pengeluaran,0,BRI,Online,0,Bekasi
TRX01587,2023-12-29,Friday,12,2023,Beli tiket masuk film bioskop XXI sama teman-teman,XXI Cinema,Hiburan,91000,Pengeluaran,0,BCA,Online,0,Yogyakarta
TRX01588,2023-05-08,Monday,5,2023,Beli titipan snack & mie instan pakai voucher belanja,Lazada,Belanja,422000,Pengeluaran,0,BCA,Online,0,Makassar
TRX01589,2024-10-10,Thursday,10,2024,Top up voucher game wahana rekreasi pas akhir pekan,XXI Cinema,Hiburan,294000,Pengeluaran,0,BCA,Online,0,Bengkulu
TRX01590,2025-04-05,Saturday,4,2025,Checkout baju kaos pas diskon tanggal kembar,Alfamart,Belanja,1052000,Pengeluaran,0,Tunai,Offline,1,Semarang
TRX01591,2023-06-21,Wednesday,6,2023,Bayar sarapan sate ayam di warung langganan,Gacoan,Makanan & Minuman,191000,Pengeluaran,0,BRI,Online,0,Bengkulu
TRX01592,2023-01-07,Saturday,1,2023,Belanja kebutuhan harian minyak goreng di Lazada,Lazada,Belanja,724000,Pengeluaran,0,BNI,Online,0,Malang
TRX01593,2025-08-06,Wednesday,8,2025,Makan ayam geprek pas jam istirahat kantor,KFC,Makanan & Minuman,62000,Pengeluaran,0,BCA,Online,0,Tangerang
TRX01594,2023-12-13,Wednesday,12,2023,Tebus resep obat skincare & sabun cuci muka di apotek langganan,Apotek K-24,Kesehatan,113000,Pengeluaran,0,Mandiri,Online,0,Semarang
TRX01595,2024-01-27,Saturday,1,2024,Bayar ongkos tiket KRL berangkat kerja di Maxim,Maxim,Transportasi,107000,Pengeluaran,0,QRIS,Online,0,Bandung
TRX01596,2024-07-25,Thursday,7,2024,Bayar sarapan mie ayam di warung langganan,Warung Makan,Makanan & Minuman,228000,Pengeluaran,0,Tunai,Offline,1,Depok
TRX01597,2024-02-13,Tuesday,2,2024,Jajanan sate ayam pas nongkrong malam minggu,Chatime,Makanan & Minuman,82000,Pengeluaran,0,Tunai,Offline,1,Makassar
TRX01598,2026-03-31,Tuesday,3,2026,Beli titipan tas punggung pakai voucher belanja,Lazada,Belanja,374000,Pengeluaran,0,Tunai,Offline,1,Bogor
TRX01599,2026-04-13,Monday,4,2026,Pengeluaran bulanan beli casing hp di Lazada,Lazada,Belanja,913000,Pengeluaran,0,QRIS,Online,0,Medan
TRX01600,2024-12-01,Sunday,12,2024,Beli tiket ojek online pulang pergi luar kota,KCI Commuter,Transportasi,63000,Pengeluaran,0,QRIS,Online,0,Medan
TRX01601,2025-08-15,Friday,8,2025,Mampir minimarket beli sepatu sneaker stok mingguan,Indomaret,Belanja,311000,Pengeluaran,0,GoPay,Online,0,Makassar
TRX01602,2026-02-28,Saturday,2,2026,Beli detergen & sabun dan perlengkapan rumah tangga,Matahari,Belanja,239000,Pengeluaran,0,BCA,Online,0,Bandung
TRX01603,2025-05-13,Tuesday,5,2025,Beli token listrik PLN prabayar via m-banking,M3 Ooredoo,Utilitas,416000,Pengeluaran,0,QRIS,Online,0,Bandung
TRX01604,2025-08-14,Thursday,8,2025,Pembayaran paket langganan pulsa HP kecepatan tinggi,PLN,Utilitas,517000,Pengeluaran,0,OVO,Online,0,Bekasi
TRX01605,2025-03-28,Friday,3,2025,Bayar rekening wifi internet tepat waktu di Biznet,Biznet,Utilitas,432000,Pengeluaran,0,GoPay,Online,0,Yogyakarta
TRX01606,2025-04-01,Tuesday,4,2025,Mampir minimarket beli baju kaos stok mingguan,Shopee,Belanja,897000,Pengeluaran,0,OVO,Online,0,Malang
TRX01607,2023-02-28,Tuesday,2,2023,Bayar sarapan sate ayam di warung langganan,McDonalds,Makanan & Minuman,160000,Pengeluaran,0,BRI,Online,0,Bengkulu
TRX01608,2024-11-13,Wednesday,11,2024,Beli perlengkapan obat flu & pusing dan obat flu,Kimia Farma,Kesehatan,841000,Pengeluaran,0,GoPay,Online,0,Yogyakarta
TRX01609,2025-03-21,Friday,3,2025,Bayar sarapan ayam geprek di warung langganan,Gacoan,Makanan & Minuman,241000,Pengeluaran,0,Tunai,Offline,1,Semarang
TRX01610,2023-06-14,Wednesday,6,2023,Makan mie ayam pas jam istirahat kantor,Bakso Pak Kumis,Makanan & Minuman,200000,Pengeluaran,0,Tunai,Offline,1,Bengkulu
TRX01611,2026-02-11,Wednesday,2,2026,Tebus resep obat obat flu & pusing di apotek langganan,Halodoc,Kesehatan,193000,Pengeluaran,0,DANA,Online,0,Denpasar
TRX01612,2025-03-18,Tuesday,3,2025,Top up saldo kartu e-money untuk taksi online,TransJakarta,Transportasi,190000,Pengeluaran,0,Mandiri,Online,0,Tangerang
TRX01613,2023-07-16,Sunday,7,2023,Mampir minimarket beli sepatu sneaker stok mingguan,Uniqlo,Belanja,694000,Pengeluaran,0,OVO,Online,0,Malang
TRX01614,2025-03-17,Monday,3,2025,Bayar rekening pulsa HP tepat waktu di M3 Ooredoo,M3 Ooredoo,Utilitas,77000,Pengeluaran,0,Mandiri,Online,0,Depok
TRX01615,2026-05-31,Sunday,5,2026,Checkout boba tea promo diskon sore hari,Bakso Pak Kumis,Makanan & Minuman,102000,Pengeluaran,0,BCA,Online,0,Malang
TRX01616,2026-05-12,Tuesday,5,2026,Beli bensin bensin Pertamax di SPBU langganan,Grab,Transportasi,137000,Pengeluaran,0,Mandiri,Online,0,Jakarta
TRX01617,2024-03-08,Friday,3,2024,Mampir minimarket beli minyak goreng stok mingguan,Indomaret,Belanja,393000,Pengeluaran,0,QRIS,Online,0,Semarang
TRX01618,2025-03-03,Monday,3,2025,Transfer gaji pokok atas hasil kerja keras sebulan,Client Freelance,Gaji,17319000,Pemasukan,1,BRI,Online,0,Bandung
TRX01619,2025-03-26,Wednesday,3,2025,Penerimaan honor freelance masuk ke rekening utama,PT Nusantara Digital,Gaji,14847000,Pemasukan,1,BNI,Online,0,Bengkulu
TRX01620,2025-04-08,Tuesday,4,2025,Beli perlengkapan vitamin C dan obat flu,Kimia Farma,Kesehatan,161000,Pengeluaran,0,OVO,Online,0,Bengkulu
TRX01621,2025-07-20,Sunday,7,2025,Beli mie ayam di Solaria bareng teman,Solaria,Makanan & Minuman,92000,Pengeluaran,0,BNI,Online,0,Malang
TRX01622,2025-07-11,Friday,7,2025,Pembayaran paket langganan wifi internet kecepatan tinggi,Pertagas,Utilitas,423000,Pengeluaran,0,BNI,Online,0,Tangerang
TRX01623,2024-01-02,Tuesday,1,2024,Booking penginapan dan hotel villa pantai liburan,Lion Air,Perjalanan,1531000,Pengeluaran,0,BCA,Online,0,Makassar
TRX01624,2026-04-23,Thursday,4,2026,Mampir minimarket beli tas punggung stok mingguan,Lazada,Belanja,124000,Pengeluaran,0,BCA,Online,0,Surabaya
TRX01625,2025-09-29,Monday,9,2025,Bayar rekening gas LPG tepat waktu di PLN,PLN,Utilitas,428000,Pengeluaran,0,QRIS,Online,0,Palembang
TRX01626,2024-11-22,Friday,11,2024,Transfer payroll bulanan atas hasil kerja keras sebulan,PT Nusantara Digital,Gaji,9356000,Pemasukan,1,QRIS,Online,0,Makassar
TRX01627,2025-05-04,Sunday,5,2025,Beli sate ayam di Warung Makan bareng teman,Warung Makan,Makanan & Minuman,167000,Pengeluaran,0,Tunai,Offline,1,Bekasi
TRX01628,2023-03-16,Thursday,3,2023,Beli token air PDAM prabayar via m-banking,XL Axiata,Utilitas,136000,Pengeluaran,0,ShopeePay,Online,0,Surabaya
TRX01629,2023-09-16,Saturday,9,2023,Pesan kendaraan online taksi online pas hujan,TransJakarta,Transportasi,98000,Pengeluaran,0,DANA,Online,0,Bekasi
TRX01630,2026-06-18,Thursday,6,2026,Jajanan pizza pas nongkrong malam minggu,Mixue,Makanan & Minuman,25000,Pengeluaran,0,Tunai,Offline,1,Makassar
TRX01631,2023-03-20,Monday,3,2023,Makan mie ayam pas jam istirahat kantor,KFC,Makanan & Minuman,101000,Pengeluaran,0,QRIS,Online,0,Palembang
TRX01632,2025-03-31,Monday,3,2025,Makan malam bakso urat bareng keluarga,Chatime,Makanan & Minuman,44000,Pengeluaran,0,QRIS,Online,0,Semarang
TRX01633,2026-06-14,Sunday,6,2026,Pelunasan iuran listrik PLN biar aliran tetap lancar,Biznet,Utilitas,534000,Pengeluaran,0,Mandiri,Online,0,Tangerang
TRX01634,2025-06-13,Friday,6,2025,Beli snack & mie instan baru via e-commerce,Tokopedia,Belanja,118000,Pengeluaran,0,BRI,Online,0,Bengkulu
TRX01635,2024-08-06,Tuesday,8,2024,Belanja kebutuhan harian casing hp di Hypermart,Hypermart,Belanja,873000,Pengeluaran,0,QRIS,Online,0,Semarang
TRX01636,2025-08-05,Tuesday,8,2025,Gaji pokok bulanan dari PT Sukses Bersama,PT Sukses Bersama,Gaji,10867000,Pemasukan,1,BCA,Online,0,Bekasi
TRX01637,2024-10-26,Saturday,10,2024,Jajanan sate ayam pas nongkrong malam minggu,Sederhana,Makanan & Minuman,165000,Pengeluaran,0,GoPay,Online,0,Denpasar
TRX01638,2025-03-07,Friday,3,2025,Pelunasan iuran wifi internet biar aliran tetap lancar,PLN,Utilitas,377000,Pengeluaran,0,GoPay,Online,0,Bogor
TRX01639,2025-06-29,Sunday,6,2025,Pesan kopi susu via aplikasi pesan antar makanan,Kopi Kenangan,Makanan & Minuman,187000,Pengeluaran,0,OVO,Online,0,Jakarta
TRX01640,2026-03-16,Monday,3,2026,Pembelian aset obligasi negara untuk tabungan masa depan,Indodax,Investasi,440000,Pengeluaran,0,Mandiri,Online,0,Bekasi
TRX01641,2025-12-20,Saturday,12,2025,Mampir minimarket beli minyak goreng stok mingguan,Superindo,Belanja,982000,Pengeluaran,0,Tunai,Offline,1,Malang
TRX01642,2026-04-12,Sunday,4,2026,Makan malam pizza bareng keluarga,Warung Makan,Makanan & Minuman,121000,Pengeluaran,0,BCA,Online,0,Tangerang
TRX01643,2024-08-04,Sunday,8,2024,Isi ulang pulsa dan kuota air PDAM harian,Pertagas,Utilitas,600000,Pengeluaran,0,BRI,Online,0,Palembang
TRX01644,2026-05-28,Thursday,5,2026,Alokasi investasi berkala reksa dana pasar uang,Bibit,Investasi,994000,Pengeluaran,0,Mandiri,Online,0,Surabaya
TRX01645,2026-03-14,Saturday,3,2026,Beli roti sobek baru via e-commerce,Tokopedia,Belanja,861000,Pengeluaran,0,Mandiri,Online,0,Palembang
TRX01646,2026-05-12,Tuesday,5,2026,Pengeluaran bulanan beli baju kaos di Uniqlo,Uniqlo,Belanja,675000,Pengeluaran,0,ShopeePay,Online,0,Palembang
TRX01647,2024-04-06,Saturday,4,2024,Top up voucher game Spotify Premium pas akhir pekan,Netflix,Hiburan,260000,Pengeluaran,0,BRI,Online,0,Depok
TRX01648,2023-12-30,Saturday,12,2023,Beli titipan minyak goreng pakai voucher belanja,Alfamart,Belanja,975000,Pengeluaran,0,BNI,Online,0,Palembang
TRX01649,2026-04-03,Friday,4,2026,Gaji pokok bulanan dari Client Freelance,Client Freelance,Gaji,4451000,Pemasukan,1,Mandiri,Online,0,Bandung
TRX01650,2026-06-02,Tuesday,6,2026,Pencairan honor payroll bulanan proyek freelance,PT Nusantara Digital,Gaji,16894000,Pemasukan,1,BCA,Online,0,Makassar
TRX01651,2026-06-02,Tuesday,6,2026,Makan soto betawi pas jam istirahat kantor,Sederhana,Makanan & Minuman,109000,Pengeluaran,0,Tunai,Offline,1,Malang
TRX01652,2025-03-08,Saturday,3,2025,Isi ulang pulsa dan kuota air PDAM harian,Biznet,Utilitas,427000,Pengeluaran,0,Mandiri,Online,0,Bandung
TRX01653,2025-08-25,Monday,8,2025,Bayar biaya kursus online UKT kuliah,Ruangguru,Pendidikan,1300000,Pengeluaran,0,BNI,Online,0,Depok
TRX01654,2023-03-05,Sunday,3,2023,Bayar sarapan soto betawi di warung langganan,Kopi Kenangan,Makanan & Minuman,190000,Pengeluaran,0,Mandiri,Online,0,Tangerang
TRX01655,2023-12-29,Friday,12,2023,Sewa akomodasi perjalanan hotel & resort luar kota,Lion Air,Perjalanan,1604000,Pengeluaran,0,Mandiri,Online,0,Yogyakarta
TRX01656,2023-05-24,Wednesday,5,2023,Jajanan mie ayam pas nongkrong malam minggu,Gacoan,Makanan & Minuman,235000,Pengeluaran,0,OVO,Online,0,Semarang
TRX01657,2026-01-05,Monday,1,2026,Beli burger di Sederhana bareng teman,Sederhana,Makanan & Minuman,127000,Pengeluaran,0,BCA,Online,0,Semarang
TRX01658,2025-03-26,Wednesday,3,2025,Beli perlengkapan obat flu & pusing dan obat flu,Guardian,Kesehatan,439000,Pengeluaran,0,ShopeePay,Online,0,Bengkulu
TRX01659,2025-06-20,Friday,6,2025,Checkout baju kaos pas diskon tanggal kembar,Indomaret,Belanja,562000,Pengeluaran,0,BNI,Online,0,Bekasi
TRX01660,2023-12-13,Wednesday,12,2023,Checkout sepatu sneaker pas diskon tanggal kembar,Uniqlo,Belanja,1013000,Pengeluaran,0,Tunai,Offline,1,Surabaya
TRX01661,2024-11-06,Wednesday,11,2024,Bonus kinerja dan honor freelance dari perusahaan,PT Nusantara Digital,Gaji,11519000,Pemasukan,1,QRIS,Online,0,Makassar
TRX01662,2024-08-27,Tuesday,8,2024,Transfer honor freelance atas hasil kerja keras sebulan,PT Sukses Bersama,Gaji,12520000,Pemasukan,1,BCA,Online,0,Tangerang
TRX01663,2023-10-14,Saturday,10,2023,Bayar sarapan nasi goreng di warung langganan,Chatime,Makanan & Minuman,240000,Pengeluaran,0,GoPay,Online,0,Bekasi
TRX01664,2024-08-19,Monday,8,2024,Mampir minimarket beli snack & mie instan stok mingguan,Tokopedia,Belanja,925000,Pengeluaran,0,BRI,Online,0,Bekasi
TRX01665,2023-09-21,Thursday,9,2023,Mampir beli mie ayam sama minuman segar,Chatime,Makanan & Minuman,178000,Pengeluaran,0,Tunai,Offline,1,Bogor
TRX01666,2024-03-09,Saturday,3,2024,Penerimaan payroll bulanan masuk ke rekening utama,PT Teknologi Karya,Gaji,12000000,Pemasukan,1,GoPay,Online,0,Bekasi
TRX01667,2025-11-07,Friday,11,2025,Beli tiket taksi online pulang pergi luar kota,Bluebird,Transportasi,53000,Pengeluaran,0,GoPay,Online,0,Bengkulu
TRX01668,2023-11-16,Thursday,11,2023,Pencairan honor insentif proyek proyek freelance,Bank Central,Gaji,15767000,Pemasukan,1,OVO,Online,0,Bogor
TRX01669,2025-09-20,Saturday,9,2025,Gaji pokok bulanan dari Bank Central,Bank Central,Gaji,19359000,Pemasukan,1,OVO,Online,0,Jakarta
TRX01670,2023-05-13,Saturday,5,2023,Checkout casing hp pas diskon tanggal kembar,Superindo,Belanja,332000,Pengeluaran,0,BNI,Online,0,Bengkulu
TRX01671,2024-02-08,Thursday,2,2024,Beli titipan detergen & sabun pakai voucher belanja,Blibli,Belanja,1098000,Pengeluaran,0,Mandiri,Online,0,Makassar
TRX01672,2023-03-09,Thursday,3,2023,Beli minyak goreng baru via e-commerce,Indomaret,Belanja,162000,Pengeluaran,0,ShopeePay,Online,0,Bogor
TRX01673,2026-01-06,Tuesday,1,2026,Beli tiket masuk film bioskop XXI sama teman-teman,DuFan,Hiburan,320000,Pengeluaran,0,ShopeePay,Online,0,Medan
TRX01674,2024-05-16,Thursday,5,2024,Checkout casing hp pas diskon tanggal kembar,Tokopedia,Belanja,959000,Pengeluaran,0,Tunai,Offline,1,Malang
TRX01675,2024-06-28,Friday,6,2024,Bayar rekening air PDAM tepat waktu di PDAM,PDAM,Utilitas,115000,Pengeluaran,0,BRI,Online,0,Denpasar
TRX01676,2024-09-12,Thursday,9,2024,Jajanan kopi susu pas nongkrong malam minggu,Bakso Pak Kumis,Makanan & Minuman,133000,Pengeluaran,0,Tunai,Offline,1,Depok
TRX01677,2023-04-15,Saturday,4,2023,Mampir minimarket beli casing hp stok mingguan,Indomaret,Belanja,263000,Pengeluaran,0,DANA,Online,0,Medan
TRX01678,2023-07-24,Monday,7,2023,Isi ulang pulsa dan kuota gas LPG harian,Biznet,Utilitas,357000,Pengeluaran,0,BCA,Online,0,Malang
TRX01679,2025-05-30,Friday,5,2025,Bayar langganan bulanan Spotify Premium streaming,CGV,Hiburan,331000,Pengeluaran,0,DANA,Online,0,Jakarta
TRX01680,2024-05-30,Thursday,5,2024,Sewa kendaraan taksi online untuk perjalanan harian,KCI Commuter,Transportasi,55000,Pengeluaran,0,GoPay,Online,0,Denpasar
TRX01681,2025-09-16,Tuesday,9,2025,Pembayaran paket langganan wifi internet kecepatan tinggi,Telkomsel,Utilitas,304000,Pengeluaran,0,GoPay,Online,0,Semarang
TRX01682,2026-02-23,Monday,2,2026,Beli token listrik PLN prabayar via m-banking,Pertagas,Utilitas,549000,Pengeluaran,0,BCA,Online,0,Makassar
TRX01683,2025-11-09,Sunday,11,2025,Bayar tagihan air PDAM bulanan rumah tangga,Indihome,Utilitas,492000,Pengeluaran,0,QRIS,Online,0,Surabaya
TRX01684,2025-06-26,Thursday,6,2025,Checkout sepatu sneaker pas diskon tanggal kembar,Lazada,Belanja,247000,Pengeluaran,0,Mandiri,Online,0,Semarang
TRX01685,2025-10-24,Friday,10,2025,Belanja kebutuhan harian tas punggung di Lazada,Lazada,Belanja,639000,Pengeluaran,0,Mandiri,Online,0,Malang
TRX01686,2023-11-13,Monday,11,2023,Beli titipan roti sobek pakai voucher belanja,Shopee,Belanja,376000,Pengeluaran,0,BRI,Online,0,Makassar
TRX01687,2025-11-23,Sunday,11,2025,Sewa akomodasi perjalanan villa pantai luar kota,KAI Access,Perjalanan,2173000,Pengeluaran,0,QRIS,Online,0,Yogyakarta
TRX01688,2024-09-13,Friday,9,2024,Pengeluaran bulanan beli minyak goreng di Superindo,Superindo,Belanja,749000,Pengeluaran,0,GoPay,Online,0,Yogyakarta
TRX01689,2024-09-22,Sunday,9,2024,Belanja kebutuhan harian roti sobek di Hypermart,Hypermart,Belanja,852000,Pengeluaran,0,Tunai,Offline,1,Palembang
TRX01690,2024-12-25,Wednesday,12,2024,Transfer honor freelance atas hasil kerja keras sebulan,PT Teknologi Karya,Gaji,4138000,Pemasukan,1,Mandiri,Online,0,Medan
TRX01691,2024-06-08,Saturday,6,2024,Beli detergen & sabun dan perlengkapan rumah tangga,Uniqlo,Belanja,900000,Pengeluaran,0,GoPay,Online,0,Denpasar
TRX01692,2026-02-20,Friday,2,2026,Beli tiket e-toll pulang pergi luar kota,KAI,Transportasi,122000,Pengeluaran,0,QRIS,Online,0,Surabaya
TRX01693,2023-06-02,Friday,6,2023,Jajanan soto betawi pas nongkrong malam minggu,Warung Makan,Makanan & Minuman,26000,Pengeluaran,0,OVO,Online,0,Bekasi
TRX01694,2025-09-24,Wednesday,9,2025,Makan malam pizza bareng keluarga,Sederhana,Makanan & Minuman,30000,Pengeluaran,0,Tunai,Offline,1,Bengkulu
TRX01695,2024-12-02,Monday,12,2024,Beli tas punggung dan perlengkapan rumah tangga,Uniqlo,Belanja,252000,Pengeluaran,0,BNI,Online,0,Makassar
TRX01696,2025-04-27,Sunday,4,2025,Beli masker dan vitamin C untuk stok rumah,RS Siloam,Kesehatan,336000,Pengeluaran,0,ShopeePay,Online,0,Surabaya
TRX01697,2025-06-16,Monday,6,2025,Mampir beli burger sama minuman segar,Sederhana,Makanan & Minuman,157000,Pengeluaran,0,QRIS,Online,0,Bekasi
TRX01698,2023-02-14,Tuesday,2,2023,Checkout boba tea promo diskon sore hari,KFC,Makanan & Minuman,246000,Pengeluaran,0,Mandiri,Online,0,Bandung
TRX01699,2024-10-19,Saturday,10,2024,Pelunasan iuran wifi internet biar aliran tetap lancar,Pertagas,Utilitas,253000,Pengeluaran,0,QRIS,Online,0,Semarang
TRX01700,2026-05-21,Thursday,5,2026,Bayar ongkos bensin Pertamax berangkat kerja di Gojek,Gojek,Transportasi,174000,Pengeluaran,0,OVO,Online,0,Palembang
TRX01701,2025-03-22,Saturday,3,2025,Beli masker dan obat flu & pusing untuk stok rumah,RS Siloam,Kesehatan,91000,Pengeluaran,0,ShopeePay,Online,0,Makassar
TRX01702,2023-02-03,Friday,2,2023,Pelunasan iuran gas LPG biar aliran tetap lancar,PLN,Utilitas,553000,Pengeluaran,0,QRIS,Online,0,Malang
TRX01703,2024-11-14,Thursday,11,2024,Penerimaan payroll bulanan masuk ke rekening utama,PT Nusantara Digital,Gaji,7180000,Pemasukan,1,ShopeePay,Online,0,Bandung
TRX01704,2025-11-17,Monday,11,2025,Tebus resep obat minyak kayu putih di apotek langganan,Kimia Farma,Kesehatan,654000,Pengeluaran,0,Mandiri,Online,0,Tangerang
TRX01705,2023-05-30,Tuesday,5,2023,Top up saldo kartu e-money untuk tiket KRL,Bluebird,Transportasi,125000,Pengeluaran,0,BRI,Online,0,Bengkulu
TRX01706,2024-11-07,Thursday,11,2024,Jajanan boba tea pas nongkrong malam minggu,Sederhana,Makanan & Minuman,150000,Pengeluaran,0,OVO,Online,0,Depok
TRX01707,2023-02-13,Monday,2,2023,Beli detergen & sabun baru via e-commerce,Superindo,Belanja,823000,Pengeluaran,0,Tunai,Offline,1,Medan
TRX01708,2024-10-22,Tuesday,10,2024,Beli casing hp baru via e-commerce,Superindo,Belanja,693000,Pengeluaran,0,Mandiri,Online,0,Tangerang
TRX01709,2026-03-22,Sunday,3,2026,Bayar biaya kursus online sertifikasi AI,Penerbit Erlangga,Pendidikan,873000,Pengeluaran,0,BRI,Online,0,Medan
TRX01710,2024-09-23,Monday,9,2024,Beli burger di Gacoan bareng teman,Gacoan,Makanan & Minuman,214000,Pengeluaran,0,Tunai,Offline,1,Makassar
TRX01711,2023-05-22,Monday,5,2023,Pengeluaran bulanan beli casing hp di Uniqlo,Uniqlo,Belanja,452000,Pengeluaran,0,Tunai,Offline,1,Bandung
TRX01712,2025-05-18,Sunday,5,2025,Sewa akomodasi perjalanan tiket pesawat luar kota,Tiket.com,Perjalanan,523000,Pengeluaran,0,BRI,Online,0,Depok
TRX01713,2025-06-19,Thursday,6,2025,Jajanan nasi goreng pas nongkrong malam minggu,Solaria,Makanan & Minuman,237000,Pengeluaran,0,Mandiri,Online,0,Palembang
TRX01714,2023-04-11,Tuesday,4,2023,Checkout casing hp pas diskon tanggal kembar,Hypermart,Belanja,804000,Pengeluaran,0,BNI,Online,0,Surabaya
TRX01715,2023-12-25,Monday,12,2023,Beli token air PDAM prabayar via m-banking,PDAM,Utilitas,173000,Pengeluaran,0,DANA,Online,0,Bekasi
TRX01716,2026-05-23,Saturday,5,2026,Checkout roti sobek pas diskon tanggal kembar,Uniqlo,Belanja,455000,Pengeluaran,0,ShopeePay,Online,0,Makassar
TRX01717,2025-09-05,Friday,9,2025,Belanja kebutuhan harian tas punggung di Indomaret,Indomaret,Belanja,39000,Pengeluaran,0,OVO,Online,0,Palembang
TRX01718,2023-07-24,Monday,7,2023,Mampir minimarket beli baju kaos stok mingguan,Superindo,Belanja,640000,Pengeluaran,0,Tunai,Offline,1,Bekasi
TRX01719,2023-06-22,Thursday,6,2023,Penerimaan honor freelance masuk ke rekening utama,Client Freelance,Gaji,12501000,Pemasukan,1,GoPay,Online,0,Jakarta
TRX01720,2023-10-16,Monday,10,2023,Beli resep minyak kayu putih dan vitamin di Apotek K-24,Apotek K-24,Kesehatan,161000,Pengeluaran,0,BRI,Online,0,Bekasi
TRX01721,2025-08-20,Wednesday,8,2025,Beli bensin e-toll di SPBU langganan,Gojek,Transportasi,199000,Pengeluaran,0,QRIS,Online,0,Makassar
TRX01722,2026-06-18,Thursday,6,2026,Checkout roti sobek pas diskon tanggal kembar,Tokopedia,Belanja,382000,Pengeluaran,0,BRI,Online,0,Bekasi
TRX01723,2024-01-07,Sunday,1,2024,Belanja kebutuhan harian sepatu sneaker di Indomaret,Indomaret,Belanja,1043000,Pengeluaran,0,Tunai,Offline,1,Palembang
TRX01724,2026-07-04,Saturday,7,2026,Belanja kebutuhan harian minyak goreng di Superindo,Superindo,Belanja,77000,Pengeluaran,0,DANA,Online,0,Jakarta
TRX01725,2023-10-23,Monday,10,2023,Beli perlengkapan alat tulis sertifikasi AI kuliah,Gramedia,Pendidikan,3223000,Pengeluaran,0,ShopeePay,Online,0,Bandung
TRX01726,2023-11-20,Monday,11,2023,Makan kopi susu pas jam istirahat kantor,Warung Makan,Makanan & Minuman,122000,Pengeluaran,0,BNI,Online,0,Yogyakarta
TRX01727,2025-08-09,Saturday,8,2025,Beli tiket pesawat villa pantai di Lion Air,Lion Air,Perjalanan,305000,Pengeluaran,0,QRIS,Online,0,Yogyakarta
TRX01728,2025-08-19,Tuesday,8,2025,Top up voucher game Netflix 1 bulan pas akhir pekan,Spotify,Hiburan,366000,Pengeluaran,0,ShopeePay,Online,0,Makassar
TRX01729,2026-06-10,Wednesday,6,2026,Bonus kinerja dan honor freelance dari perusahaan,PT Nusantara Digital,Gaji,9931000,Pemasukan,1,BRI,Online,0,Medan
TRX01730,2025-11-20,Thursday,11,2025,Makan kopi susu pas jam istirahat kantor,McDonalds,Makanan & Minuman,205000,Pengeluaran,0,Tunai,Offline,1,Palembang
TRX01731,2024-08-01,Thursday,8,2024,Bayar langganan bulanan Netflix 1 bulan streaming,CGV,Hiburan,158000,Pengeluaran,0,BRI,Online,0,Bekasi
TRX01732,2024-09-08,Sunday,9,2024,Beli titipan snack & mie instan pakai voucher belanja,Blibli,Belanja,294000,Pengeluaran,0,GoPay,Online,0,Bengkulu
TRX01733,2023-10-25,Wednesday,10,2023,Penerimaan honor freelance masuk ke rekening utama,PT Nusantara Digital,Gaji,9984000,Pemasukan,1,BRI,Online,0,Jakarta
TRX01734,2023-10-20,Friday,10,2023,Bonus kinerja dan bonus tahunan dari perusahaan,PT Teknologi Karya,Gaji,14068000,Pemasukan,1,BCA,Online,0,Malang
TRX01735,2025-09-11,Thursday,9,2025,Bayar rekening air PDAM tepat waktu di M3 Ooredoo,M3 Ooredoo,Utilitas,465000,Pengeluaran,0,DANA,Online,0,Medan
TRX01736,2025-07-17,Thursday,7,2025,Penerimaan honor freelance masuk ke rekening utama,Bank Central,Gaji,12652000,Pemasukan,1,ShopeePay,Online,0,Depok
TRX01737,2024-11-21,Thursday,11,2024,Beli snack & mie instan dan perlengkapan rumah tangga,Tokopedia,Belanja,1023000,Pengeluaran,0,DANA,Online,0,Bengkulu
TRX01738,2023-07-17,Monday,7,2023,Transfer payroll bulanan atas hasil kerja keras sebulan,PT Sukses Bersama,Gaji,5568000,Pemasukan,1,GoPay,Online,0,Palembang
TRX01739,2023-02-22,Wednesday,2,2023,Beli instrumen investasi reksa dana pasar uang bulanan,Bareksa,Investasi,1973000,Pengeluaran,0,BNI,Online,0,Surabaya
TRX01740,2026-02-01,Sunday,2,2026,Pesan kendaraan online tiket KRL pas hujan,Maxim,Transportasi,125000,Pengeluaran,0,OVO,Online,0,Denpasar
TRX01741,2023-06-19,Monday,6,2023,Alokasi investasi berkala saham blue chip,Pintu,Investasi,2192000,Pengeluaran,0,Mandiri,Online,0,Bandung
TRX01742,2024-03-30,Saturday,3,2024,Beli tiket tiket KRL pulang pergi luar kota,KAI,Transportasi,163000,Pengeluaran,0,BRI,Online,0,Malang
TRX01743,2025-12-22,Monday,12,2025,Beli token gas LPG prabayar via m-banking,M3 Ooredoo,Utilitas,593000,Pengeluaran,0,BRI,Online,0,Makassar
TRX01744,2023-11-22,Wednesday,11,2023,Bayar sarapan pizza di warung langganan,McDonalds,Makanan & Minuman,230000,Pengeluaran,0,BRI,Online,0,Denpasar
TRX01745,2026-06-02,Tuesday,6,2026,Belanja kebutuhan harian snack & mie instan di Shopee,Shopee,Belanja,845000,Pengeluaran,0,ShopeePay,Online,0,Palembang
TRX01746,2025-09-02,Tuesday,9,2025,Bayar tagihan wifi internet bulanan rumah tangga,Indihome,Utilitas,126000,Pengeluaran,0,QRIS,Online,0,Bekasi
TRX01747,2026-02-12,Thursday,2,2026,Pencairan honor payroll bulanan proyek freelance,PT Teknologi Karya,Gaji,5689000,Pemasukan,1,BCA,Online,0,Tangerang
TRX01748,2025-04-20,Sunday,4,2025,Bayar sarapan ayam geprek di warung langganan,Kopi Kenangan,Makanan & Minuman,115000,Pengeluaran,0,OVO,Online,0,Palembang
TRX01749,2026-04-26,Sunday,4,2026,Bayar sarapan bakso urat di warung langganan,Warung Makan,Makanan & Minuman,85000,Pengeluaran,0,Tunai,Offline,1,Palembang
TRX01750,2023-09-10,Sunday,9,2023,Top up saldo kartu e-money untuk bensin Pertamax,Maxim,Transportasi,46000,Pengeluaran,0,QRIS,Online,0,Tangerang
TRX01751,2024-11-01,Friday,11,2024,Mampir beli burger sama minuman segar,KFC,Makanan & Minuman,149000,Pengeluaran,0,Tunai,Offline,1,Bengkulu
TRX01752,2026-05-10,Sunday,5,2026,Bayar tagihan wifi internet bulanan rumah tangga,Pertagas,Utilitas,515000,Pengeluaran,0,BRI,Online,0,Surabaya
TRX01753,2024-11-30,Saturday,11,2024,Top up voucher game Spotify Premium pas akhir pekan,CGV,Hiburan,87000,Pengeluaran,0,DANA,Online,0,Palembang
TRX01754,2026-04-13,Monday,4,2026,Bayar sarapan sate ayam di warung langganan,Kopi Kenangan,Makanan & Minuman,148000,Pengeluaran,0,Tunai,Offline,1,Bekasi
TRX01755,2026-05-20,Wednesday,5,2026,Alokasi investasi berkala saham blue chip,Ajaib,Investasi,2973000,Pengeluaran,0,OVO,Online,0,Palembang
TRX01756,2023-04-27,Thursday,4,2023,Transfer insentif proyek atas hasil kerja keras sebulan,PT Sukses Bersama,Gaji,14275000,Pemasukan,1,OVO,Online,0,Bengkulu
TRX01757,2024-05-29,Wednesday,5,2024,Booking penginapan dan hotel hotel & resort liburan,Traveloka,Perjalanan,4277000,Pengeluaran,0,Mandiri,Online,0,Malang
TRX01758,2025-10-10,Friday,10,2025,Makan sate ayam pas jam istirahat kantor,Solaria,Makanan & Minuman,214000,Pengeluaran,0,DANA,Online,0,Denpasar
TRX01759,2026-05-27,Wednesday,5,2026,Beli masker dan minyak kayu putih untuk stok rumah,Alodokter,Kesehatan,713000,Pengeluaran,0,BNI,Online,0,Malang
TRX01760,2023-07-21,Friday,7,2023,Transfer bonus tahunan atas hasil kerja keras sebulan,PT Nusantara Digital,Gaji,17322000,Pemasukan,1,OVO,Online,0,Bekasi
TRX01761,2023-03-23,Thursday,3,2023,Beli tas punggung baru via e-commerce,Blibli,Belanja,1095000,Pengeluaran,0,Tunai,Offline,1,Palembang
TRX01762,2026-07-10,Friday,7,2026,Beli bensin ojek online di SPBU langganan,Bluebird,Transportasi,155000,Pengeluaran,0,BRI,Online,0,Jakarta
TRX01763,2026-07-15,Wednesday,7,2026,Alokasi investasi berkala aset kripto,Bibit,Investasi,216000,Pengeluaran,0,DANA,Online,0,Bogor
TRX01764,2024-06-03,Monday,6,2024,Checkout minyak goreng pas diskon tanggal kembar,Uniqlo,Belanja,591000,Pengeluaran,0,BCA,Online,0,Makassar
TRX01765,2025-07-27,Sunday,7,2025,Beli bensin bensin Pertamax di SPBU langganan,KCI Commuter,Transportasi,152000,Pengeluaran,0,ShopeePay,Online,0,Bengkulu
TRX01766,2024-10-21,Monday,10,2024,Top up saldo kartu e-money untuk bensin Pertamax,MyPertamina,Transportasi,32000,Pengeluaran,0,GoPay,Online,0,Makassar
TRX01767,2026-06-16,Tuesday,6,2026,Pelunasan iuran wifi internet biar aliran tetap lancar,Biznet,Utilitas,153000,Pengeluaran,0,BNI,Online,0,Bengkulu
TRX01768,2025-04-11,Friday,4,2025,Beli titipan sepatu sneaker pakai voucher belanja,Blibli,Belanja,808000,Pengeluaran,0,Tunai,Offline,1,Bogor
TRX01769,2025-09-21,Sunday,9,2025,Beli titipan minyak goreng pakai voucher belanja,Blibli,Belanja,351000,Pengeluaran,0,GoPay,Online,0,Jakarta
TRX01770,2023-08-17,Thursday,8,2023,Mampir beli burger sama minuman segar,Chatime,Makanan & Minuman,208000,Pengeluaran,0,BRI,Online,0,Palembang
TRX01771,2026-06-20,Saturday,6,2026,Bayar ongkos ojek online berangkat kerja di KAI,KAI,Transportasi,192000,Pengeluaran,0,OVO,Online,0,Bogor
TRX01772,2024-06-23,Sunday,6,2024,Checkout burger promo diskon sore hari,Warung Makan,Makanan & Minuman,116000,Pengeluaran,0,Tunai,Offline,1,Palembang
TRX01773,2023-08-01,Tuesday,8,2023,Beli masker dan skincare & sabun cuci muka untuk stok rumah,Guardian,Kesehatan,613000,Pengeluaran,0,GoPay,Online,0,Medan
TRX01774,2025-06-25,Wednesday,6,2025,Bayar konsultasi dokter dan beli minyak kayu putih,Apotek K-24,Kesehatan,713000,Pengeluaran,0,BCA,Online,0,Yogyakarta
TRX01775,2024-04-04,Thursday,4,2024,Bayar konsultasi dokter dan beli vitamin C,Apotek K-24,Kesehatan,480000,Pengeluaran,0,Mandiri,Online,0,Bandung
TRX01776,2023-01-26,Thursday,1,2023,Beli titipan tas punggung pakai voucher belanja,Alfamart,Belanja,923000,Pengeluaran,0,ShopeePay,Online,0,Malang
TRX01777,2024-01-29,Monday,1,2024,Pengeluaran bulanan beli roti sobek di Lazada,Lazada,Belanja,817000,Pengeluaran,0,GoPay,Online,0,Tangerang
TRX01778,2024-06-23,Sunday,6,2024,Beli casing hp dan perlengkapan rumah tangga,Uniqlo,Belanja,1131000,Pengeluaran,0,BRI,Online,0,Makassar
TRX01779,2024-05-20,Monday,5,2024,Beli resep vitamin C dan vitamin di Century,Century,Kesehatan,833000,Pengeluaran,0,DANA,Online,0,Denpasar
TRX01780,2024-10-04,Friday,10,2024,Checkout kopi susu promo diskon sore hari,Sederhana,Makanan & Minuman,198000,Pengeluaran,0,ShopeePay,Online,0,Bogor
TRX01781,2024-04-03,Wednesday,4,2024,Pembayaran paket langganan pulsa HP kecepatan tinggi,PLN,Utilitas,498000,Pengeluaran,0,DANA,Online,0,Malang
TRX01782,2025-06-12,Thursday,6,2025,Jajanan nasi goreng pas nongkrong malam minggu,McDonalds,Makanan & Minuman,158000,Pengeluaran,0,GoPay,Online,0,Yogyakarta
TRX01783,2023-10-30,Monday,10,2023,Mampir beli bakso urat sama minuman segar,Warung Makan,Makanan & Minuman,160000,Pengeluaran,0,BCA,Online,0,Bekasi
TRX01784,2026-05-09,Saturday,5,2026,Beli token pulsa HP prabayar via m-banking,Indihome,Utilitas,512000,Pengeluaran,0,QRIS,Online,0,Denpasar
TRX01785,2024-09-15,Sunday,9,2024,Checkout roti sobek pas diskon tanggal kembar,Matahari,Belanja,1130000,Pengeluaran,0,GoPay,Online,0,Bogor
TRX01786,2023-01-14,Saturday,1,2023,Booking penginapan dan hotel tiket kereta api liburan,Traveloka,Perjalanan,881000,Pengeluaran,0,BNI,Online,0,Denpasar
TRX01787,2025-04-27,Sunday,4,2025,Beli tiket bensin Pertamax pulang pergi luar kota,KAI,Transportasi,55000,Pengeluaran,0,BRI,Online,0,Jakarta
TRX01788,2025-10-10,Friday,10,2025,Bayar ongkos ojek online berangkat kerja di MyPertamina,MyPertamina,Transportasi,113000,Pengeluaran,0,OVO,Online,0,Tangerang
TRX01789,2025-04-14,Monday,4,2025,Beli titipan sepatu sneaker pakai voucher belanja,Blibli,Belanja,728000,Pengeluaran,0,Tunai,Offline,1,Semarang
TRX01790,2024-12-28,Saturday,12,2024,Jajanan sate ayam pas nongkrong malam minggu,Solaria,Makanan & Minuman,38000,Pengeluaran,0,Tunai,Offline,1,Palembang
TRX01791,2024-02-15,Thursday,2,2024,Jajanan boba tea pas nongkrong malam minggu,KFC,Makanan & Minuman,207000,Pengeluaran,0,Tunai,Offline,1,Semarang
TRX01792,2023-02-11,Saturday,2,2023,Beli tiket nonton wahana rekreasi di CGV,CGV,Hiburan,379000,Pengeluaran,0,GoPay,Online,0,Surabaya
TRX01793,2023-12-12,Tuesday,12,2023,Beli nasi goreng di Mixue bareng teman,Mixue,Makanan & Minuman,98000,Pengeluaran,0,BCA,Online,0,Tangerang
TRX01794,2026-03-09,Monday,3,2026,Beli token air PDAM prabayar via m-banking,PDAM,Utilitas,560000,Pengeluaran,0,BRI,Online,0,Denpasar
TRX01795,2024-03-23,Saturday,3,2024,Sewa akomodasi perjalanan tiket pesawat luar kota,Traveloka,Perjalanan,1749000,Pengeluaran,0,DANA,Online,0,Bekasi
TRX01796,2023-12-30,Saturday,12,2023,Pembayaran paket langganan listrik PLN kecepatan tinggi,Pertagas,Utilitas,89000,Pengeluaran,0,ShopeePay,Online,0,Depok
TRX01797,2023-09-04,Monday,9,2023,Beli resep skincare & sabun cuci muka dan vitamin di Halodoc,Halodoc,Kesehatan,387000,Pengeluaran,0,ShopeePay,Online,0,Bandung
TRX01798,2023-07-24,Monday,7,2023,Pelunasan iuran gas LPG biar aliran tetap lancar,Indihome,Utilitas,515000,Pengeluaran,0,ShopeePay,Online,0,Bogor
TRX01799,2025-03-07,Friday,3,2025,Beli resep minyak kayu putih dan vitamin di Kimia Farma,Kimia Farma,Kesehatan,376000,Pengeluaran,0,Tunai,Offline,1,Bandung
TRX01800,2024-05-05,Sunday,5,2024,Alokasi investasi berkala saham blue chip,Stockbit,Investasi,270000,Pengeluaran,0,GoPay,Online,0,Jakarta
TRX01801,2025-09-10,Wednesday,9,2025,Beli resep minyak kayu putih dan vitamin di Guardian,Guardian,Kesehatan,562000,Pengeluaran,0,Tunai,Offline,1,Bengkulu
TRX01802,2024-10-18,Friday,10,2024,Langganan platform belajar sertifikasi AI,Kampus Universitas,Pendidikan,2236000,Pengeluaran,0,OVO,Online,0,Tangerang
TRX01803,2026-01-23,Friday,1,2026,Gaji pokok bulanan dari PT Sukses Bersama,PT Sukses Bersama,Gaji,18176000,Pemasukan,1,Mandiri,Online,0,Semarang
TRX01804,2026-07-06,Monday,7,2026,Belanja kebutuhan harian roti sobek di Hypermart,Hypermart,Belanja,1029000,Pengeluaran,0,Tunai,Offline,1,Surabaya
TRX01805,2024-10-20,Sunday,10,2024,Isi ulang pulsa dan kuota wifi internet harian,XL Axiata,Utilitas,344000,Pengeluaran,0,BCA,Online,0,Denpasar
TRX01806,2023-03-27,Monday,3,2023,Pesan sate ayam via aplikasi pesan antar makanan,KFC,Makanan & Minuman,179000,Pengeluaran,0,BCA,Online,0,Denpasar
TRX01807,2023-02-27,Monday,2,2023,Bayar sarapan mie ayam di warung langganan,Chatime,Makanan & Minuman,105000,Pengeluaran,0,BCA,Online,0,Bogor
TRX01808,2025-06-07,Saturday,6,2025,Pesan kendaraan online e-toll pas hujan,Maxim,Transportasi,184000,Pengeluaran,0,BCA,Online,0,Depok
TRX01809,2024-03-15,Friday,3,2024,Checkout kopi susu promo diskon sore hari,McDonalds,Makanan & Minuman,33000,Pengeluaran,0,DANA,Online,0,Medan
TRX01810,2026-03-15,Sunday,3,2026,Bonus kinerja dan gaji pokok dari perusahaan,PT Nusantara Digital,Gaji,10251000,Pemasukan,1,BNI,Online,0,Depok
TRX01811,2024-08-17,Saturday,8,2024,Pesan boba tea via aplikasi pesan antar makanan,Bakso Pak Kumis,Makanan & Minuman,114000,Pengeluaran,0,GoPay,Online,0,Depok
TRX01812,2025-04-03,Thursday,4,2025,Bayar sarapan pizza di warung langganan,McDonalds,Makanan & Minuman,174000,Pengeluaran,0,OVO,Online,0,Bengkulu
TRX01813,2026-03-14,Saturday,3,2026,Sewa kendaraan bensin Pertamax untuk perjalanan harian,KCI Commuter,Transportasi,198000,Pengeluaran,0,QRIS,Online,0,Palembang
TRX01814,2023-01-21,Saturday,1,2023,Beli roti sobek dan perlengkapan rumah tangga,Hypermart,Belanja,413000,Pengeluaran,0,DANA,Online,0,Semarang
TRX01815,2026-05-14,Thursday,5,2026,Jajanan nasi goreng pas nongkrong malam minggu,Solaria,Makanan & Minuman,47000,Pengeluaran,0,Mandiri,Online,0,Surabaya
TRX01816,2023-08-23,Wednesday,8,2023,Pesan bakso urat via aplikasi pesan antar makanan,Kopi Kenangan,Makanan & Minuman,152000,Pengeluaran,0,QRIS,Online,0,Bengkulu
TRX01817,2025-03-26,Wednesday,3,2025,Beli titipan snack & mie instan pakai voucher belanja,Superindo,Belanja,1192000,Pengeluaran,0,BNI,Online,0,Palembang
TRX01818,2024-02-18,Sunday,2,2024,Beli instrumen investasi obligasi negara bulanan,Pintu,Investasi,620000,Pengeluaran,0,ShopeePay,Online,0,Jakarta
TRX01819,2025-08-18,Monday,8,2025,Bayar tagihan air PDAM bulanan rumah tangga,PDAM,Utilitas,447000,Pengeluaran,0,BRI,Online,0,Surabaya
TRX01820,2023-05-19,Friday,5,2023,Jajanan boba tea pas nongkrong malam minggu,Sederhana,Makanan & Minuman,204000,Pengeluaran,0,Tunai,Offline,1,Malang
TRX01821,2023-03-26,Sunday,3,2023,Gaji pokok bulanan dari Bank Central,Bank Central,Gaji,13917000,Pemasukan,1,BCA,Online,0,Malang
TRX01822,2023-01-30,Monday,1,2023,Beli instrumen investasi aset kripto bulanan,Ajaib,Investasi,1534000,Pengeluaran,0,DANA,Online,0,Medan
TRX01823,2023-04-26,Wednesday,4,2023,Beli snack & mie instan baru via e-commerce,Tokopedia,Belanja,155000,Pengeluaran,0,Tunai,Offline,1,Bengkulu
TRX01824,2024-02-03,Saturday,2,2024,Beli titipan detergen & sabun pakai voucher belanja,Blibli,Belanja,927000,Pengeluaran,0,Tunai,Offline,1,Medan
TRX01825,2026-05-17,Sunday,5,2026,Pembayaran paket langganan air PDAM kecepatan tinggi,Indihome,Utilitas,375000,Pengeluaran,0,BCA,Online,0,Surabaya
TRX01826,2023-05-14,Sunday,5,2023,Beli detergen & sabun baru via e-commerce,Lazada,Belanja,372000,Pengeluaran,0,GoPay,Online,0,Makassar
TRX01827,2023-03-20,Monday,3,2023,Beli kopi susu di KFC bareng teman,KFC,Makanan & Minuman,112000,Pengeluaran,0,Tunai,Offline,1,Jakarta
TRX01828,2025-03-04,Tuesday,3,2025,Sewa kendaraan bensin Pertamax untuk perjalanan harian,Grab,Transportasi,19000,Pengeluaran,0,ShopeePay,Online,0,Surabaya
TRX01829,2023-02-10,Friday,2,2023,Bonus kinerja dan payroll bulanan dari perusahaan,Client Freelance,Gaji,12755000,Pemasukan,1,OVO,Online,0,Yogyakarta
TRX01830,2024-05-01,Wednesday,5,2024,Transfer insentif proyek atas hasil kerja keras sebulan,Bank Central,Gaji,18408000,Pemasukan,1,DANA,Online,0,Depok
TRX01831,2023-11-10,Friday,11,2023,Beli token air PDAM prabayar via m-banking,M3 Ooredoo,Utilitas,343000,Pengeluaran,0,BRI,Online,0,Palembang
TRX01832,2024-06-10,Monday,6,2024,Beli tiket masuk film bioskop XXI sama teman-teman,Spotify,Hiburan,442000,Pengeluaran,0,QRIS,Online,0,Bandung
TRX01833,2023-03-29,Wednesday,3,2023,Beli token pulsa HP prabayar via m-banking,Biznet,Utilitas,411000,Pengeluaran,0,Mandiri,Online,0,Palembang
TRX01834,2025-05-12,Monday,5,2025,Beli tiket masuk Spotify Premium sama teman-teman,Netflix,Hiburan,228000,Pengeluaran,0,DANA,Online,0,Makassar
TRX01835,2024-11-22,Friday,11,2024,Pengeluaran bulanan beli sepatu sneaker di Hypermart,Hypermart,Belanja,1110000,Pengeluaran,0,Tunai,Offline,1,Medan
TRX01836,2024-01-27,Saturday,1,2024,Pembayaran paket langganan pulsa HP kecepatan tinggi,M3 Ooredoo,Utilitas,468000,Pengeluaran,0,GoPay,Online,0,Bengkulu
TRX01837,2024-09-20,Friday,9,2024,Makan soto betawi pas jam istirahat kantor,McDonalds,Makanan & Minuman,153000,Pengeluaran,0,QRIS,Online,0,Depok
TRX01838,2026-07-01,Wednesday,7,2026,Beli casing hp dan perlengkapan rumah tangga,Shopee,Belanja,1154000,Pengeluaran,0,OVO,Online,0,Depok
TRX01839,2025-11-25,Tuesday,11,2025,Pengeluaran bulanan beli detergen & sabun di Blibli,Blibli,Belanja,447000,Pengeluaran,0,BRI,Online,0,Semarang
TRX01840,2026-02-27,Friday,2,2026,Beli bensin e-toll di SPBU langganan,Bluebird,Transportasi,48000,Pengeluaran,0,OVO,Online,0,Makassar
TRX01841,2025-08-17,Sunday,8,2025,Checkout soto betawi promo diskon sore hari,McDonalds,Makanan & Minuman,171000,Pengeluaran,0,ShopeePay,Online,0,Bekasi
TRX01842,2026-07-10,Friday,7,2026,Beli tiket nonton film bioskop XXI di PlayStation Store,PlayStation Store,Hiburan,73000,Pengeluaran,0,BCA,Online,0,Jakarta
TRX01843,2023-04-19,Wednesday,4,2023,Beli minyak goreng dan perlengkapan rumah tangga,Indomaret,Belanja,440000,Pengeluaran,0,Mandiri,Online,0,Semarang
TRX01844,2023-05-16,Tuesday,5,2023,Mampir minimarket beli tas punggung stok mingguan,Uniqlo,Belanja,718000,Pengeluaran,0,QRIS,Online,0,Semarang
TRX01845,2023-07-27,Thursday,7,2023,Bayar konsultasi dokter dan beli vitamin C,Apotek K-24,Kesehatan,455000,Pengeluaran,0,Tunai,Offline,1,Depok
TRX01846,2026-06-20,Saturday,6,2026,Pengeluaran bulanan beli tas punggung di Lazada,Lazada,Belanja,600000,Pengeluaran,0,Mandiri,Online,0,Surabaya
TRX01847,2023-10-28,Saturday,10,2023,Bayar biaya kursus online buku koding Python,Gramedia,Pendidikan,1660000,Pengeluaran,0,DANA,Online,0,Palembang
TRX01848,2025-09-03,Wednesday,9,2025,Checkout pizza promo diskon sore hari,Gacoan,Makanan & Minuman,127000,Pengeluaran,0,BRI,Online,0,Yogyakarta
TRX01849,2023-02-10,Friday,2,2023,Sewa akomodasi perjalanan tiket kereta api luar kota,KAI Access,Perjalanan,996000,Pengeluaran,0,GoPay,Online,0,Surabaya
TRX01850,2023-12-29,Friday,12,2023,Pesan mie ayam via aplikasi pesan antar makanan,Chatime,Makanan & Minuman,43000,Pengeluaran,0,Mandiri,Online,0,Bengkulu
TRX01851,2024-10-18,Friday,10,2024,Beli minyak goreng baru via e-commerce,Indomaret,Belanja,1038000,Pengeluaran,0,Tunai,Offline,1,Depok
TRX01852,2026-04-23,Thursday,4,2026,Beli titipan minyak goreng pakai voucher belanja,Tokopedia,Belanja,542000,Pengeluaran,0,Tunai,Offline,1,Semarang
TRX01853,2025-12-01,Monday,12,2025,Pembayaran UKT semesteran buku novel & komik,Gramedia,Pendidikan,783000,Pengeluaran,0,BCA,Online,0,Bengkulu
TRX01854,2024-05-04,Saturday,5,2024,Top up saldo kartu e-money untuk taksi online,KCI Commuter,Transportasi,96000,Pengeluaran,0,BCA,Online,0,Semarang
TRX01855,2025-07-27,Sunday,7,2025,Penerimaan payroll bulanan masuk ke rekening utama,PT Sukses Bersama,Gaji,7781000,Pemasukan,1,BCA,Online,0,Bekasi
TRX01856,2026-03-20,Friday,3,2026,Jajanan kopi susu pas nongkrong malam minggu,Solaria,Makanan & Minuman,112000,Pengeluaran,0,QRIS,Online,0,Bekasi
TRX01857,2025-02-07,Friday,2,2025,Mampir minimarket beli roti sobek stok mingguan,Lazada,Belanja,725000,Pengeluaran,0,Tunai,Offline,1,Makassar
TRX01858,2024-06-19,Wednesday,6,2024,Pelunasan iuran wifi internet biar aliran tetap lancar,Pertagas,Utilitas,135000,Pengeluaran,0,DANA,Online,0,Depok
TRX01859,2023-06-23,Friday,6,2023,Beli resep minyak kayu putih dan vitamin di Halodoc,Halodoc,Kesehatan,53000,Pengeluaran,0,BNI,Online,0,Medan
TRX01860,2023-06-02,Friday,6,2023,Bayar sarapan ayam geprek di warung langganan,KFC,Makanan & Minuman,214000,Pengeluaran,0,Tunai,Offline,1,Surabaya
TRX01861,2023-01-20,Friday,1,2023,Bayar ongkos e-toll berangkat kerja di MyPertamina,MyPertamina,Transportasi,49000,Pengeluaran,0,DANA,Online,0,Bengkulu
TRX01862,2024-11-08,Friday,11,2024,Beli resep minyak kayu putih dan vitamin di Kimia Farma,Kimia Farma,Kesehatan,87000,Pengeluaran,0,Mandiri,Online,0,Depok
TRX01863,2023-06-16,Friday,6,2023,Makan malam nasi goreng bareng keluarga,KFC,Makanan & Minuman,217000,Pengeluaran,0,Mandiri,Online,0,Jakarta
TRX01864,2023-06-12,Monday,6,2023,Mampir minimarket beli casing hp stok mingguan,Lazada,Belanja,429000,Pengeluaran,0,DANA,Online,0,Malang
TRX01865,2024-01-17,Wednesday,1,2024,Beli token pulsa HP prabayar via m-banking,PLN,Utilitas,569000,Pengeluaran,0,BCA,Online,0,Surabaya
TRX01866,2023-12-27,Wednesday,12,2023,Beli tiket pesawat tiket pesawat di Agoda,Agoda,Perjalanan,1315000,Pengeluaran,0,BNI,Online,0,Medan
TRX01867,2024-01-19,Friday,1,2024,Bayar konsultasi dokter dan beli vitamin C,RS Siloam,Kesehatan,434000,Pengeluaran,0,QRIS,Online,0,Malang
TRX01868,2025-04-24,Thursday,4,2025,Isi ulang pulsa dan kuota air PDAM harian,Telkomsel,Utilitas,306000,Pengeluaran,0,GoPay,Online,0,Bekasi
TRX01869,2024-05-08,Wednesday,5,2024,Beli token wifi internet prabayar via m-banking,Telkomsel,Utilitas,116000,Pengeluaran,0,BCA,Online,0,Surabaya
TRX01870,2025-10-08,Wednesday,10,2025,Belanja kebutuhan harian roti sobek di Alfamart,Alfamart,Belanja,938000,Pengeluaran,0,Tunai,Offline,1,Bekasi
TRX01871,2023-06-30,Friday,6,2023,Beli baju kaos baru via e-commerce,Uniqlo,Belanja,562000,Pengeluaran,0,GoPay,Online,0,Yogyakarta
TRX01872,2025-01-03,Friday,1,2025,Top up saldo kartu e-money untuk tiket KRL,TransJakarta,Transportasi,86000,Pengeluaran,0,DANA,Online,0,Makassar
TRX01873,2026-01-23,Friday,1,2026,Beli tiket pesawat tiket pesawat di Tiket.com,Tiket.com,Perjalanan,649000,Pengeluaran,0,GoPay,Online,0,Palembang
TRX01874,2025-08-10,Sunday,8,2025,Beli tiket masuk Spotify Premium sama teman-teman,Spotify,Hiburan,267000,Pengeluaran,0,DANA,Online,0,Bandung
TRX01875,2023-10-18,Wednesday,10,2023,Bayar ongkos taksi online berangkat kerja di Bluebird,Bluebird,Transportasi,45000,Pengeluaran,0,GoPay,Online,0,Palembang
TRX01876,2026-07-18,Saturday,7,2026,Makan malam nasi goreng bareng keluarga,Warung Makan,Makanan & Minuman,217000,Pengeluaran,0,BRI,Online,0,Bandung
TRX01877,2026-04-29,Wednesday,4,2026,Top up reksa dana reksa dana pasar uang di Bareksa,Bareksa,Investasi,1702000,Pengeluaran,0,DANA,Online,0,Bandung
TRX01878,2024-07-08,Monday,7,2024,Mampir minimarket beli tas punggung stok mingguan,Alfamart,Belanja,349000,Pengeluaran,0,ShopeePay,Online,0,Semarang
TRX01879,2024-04-11,Thursday,4,2024,Makan malam soto betawi bareng keluarga,Sederhana,Makanan & Minuman,126000,Pengeluaran,0,BRI,Online,0,Yogyakarta
TRX01880,2023-05-03,Wednesday,5,2023,Beli baju kaos dan perlengkapan rumah tangga,Indomaret,Belanja,1001000,Pengeluaran,0,BRI,Online,0,Medan
TRX01881,2025-11-28,Friday,11,2025,Alokasi investasi berkala obligasi negara,Bareksa,Investasi,153000,Pengeluaran,0,QRIS,Online,0,Bengkulu
TRX01882,2023-11-21,Tuesday,11,2023,Beli roti sobek baru via e-commerce,Superindo,Belanja,274000,Pengeluaran,0,ShopeePay,Online,0,Semarang
TRX01883,2024-11-29,Friday,11,2024,Beli tiket tiket KRL pulang pergi luar kota,Maxim,Transportasi,131000,Pengeluaran,0,BNI,Online,0,Jakarta
TRX01884,2025-07-04,Friday,7,2025,Beli casing hp dan perlengkapan rumah tangga,Shopee,Belanja,503000,Pengeluaran,0,GoPay,Online,0,Bengkulu
TRX01885,2025-09-02,Tuesday,9,2025,Beli masker dan skincare & sabun cuci muka untuk stok rumah,Century,Kesehatan,842000,Pengeluaran,0,Mandiri,Online,0,Depok
TRX01886,2023-09-18,Monday,9,2023,Beli instrumen investasi saham blue chip bulanan,Indodax,Investasi,1120000,Pengeluaran,0,DANA,Online,0,Malang
TRX01887,2025-08-20,Wednesday,8,2025,Beli tiket nonton wahana rekreasi di Spotify,Spotify,Hiburan,226000,Pengeluaran,0,BRI,Online,0,Malang
TRX01888,2024-10-20,Sunday,10,2024,Mampir beli soto betawi sama minuman segar,Kopi Kenangan,Makanan & Minuman,32000,Pengeluaran,0,Mandiri,Online,0,Tangerang
TRX01889,2024-07-19,Friday,7,2024,Top up saldo kartu e-money untuk ojek online,MyPertamina,Transportasi,73000,Pengeluaran,0,Mandiri,Online,0,Bengkulu
TRX01890,2023-01-07,Saturday,1,2023,Beli tas punggung baru via e-commerce,Matahari,Belanja,324000,Pengeluaran,0,GoPay,Online,0,Yogyakarta
TRX01891,2024-10-05,Saturday,10,2024,Gaji pokok bulanan dari Bank Central,Bank Central,Gaji,7444000,Pemasukan,1,QRIS,Online,0,Bekasi
TRX01892,2023-05-05,Friday,5,2023,Beli tiket e-toll pulang pergi luar kota,KAI,Transportasi,82000,Pengeluaran,0,Mandiri,Online,0,Tangerang
TRX01893,2025-02-09,Sunday,2,2025,Beli snack & mie instan dan perlengkapan rumah tangga,Alfamart,Belanja,443000,Pengeluaran,0,Tunai,Offline,1,Jakarta
TRX01894,2023-03-01,Wednesday,3,2023,Transfer gaji pokok atas hasil kerja keras sebulan,Client Freelance,Gaji,18735000,Pemasukan,1,BRI,Online,0,Yogyakarta
TRX01895,2026-07-05,Sunday,7,2026,Beli titipan tas punggung pakai voucher belanja,Tokopedia,Belanja,668000,Pengeluaran,0,Tunai,Offline,1,Semarang
TRX01896,2025-07-22,Tuesday,7,2025,Beli tas punggung dan perlengkapan rumah tangga,Matahari,Belanja,358000,Pengeluaran,0,GoPay,Online,0,Jakarta
TRX01897,2023-09-11,Monday,9,2023,Jajanan burger pas nongkrong malam minggu,Warung Makan,Makanan & Minuman,109000,Pengeluaran,0,Tunai,Offline,1,Bogor
TRX01898,2025-02-07,Friday,2,2025,Isi ulang pulsa dan kuota wifi internet harian,XL Axiata,Utilitas,232000,Pengeluaran,0,GoPay,Online,0,Malang
TRX01899,2023-03-12,Sunday,3,2023,Pencairan honor payroll bulanan proyek freelance,PT Sukses Bersama,Gaji,4790000,Pemasukan,1,ShopeePay,Online,0,Jakarta
TRX01900,2023-09-28,Thursday,9,2023,Beli token air PDAM prabayar via m-banking,PDAM,Utilitas,154000,Pengeluaran,0,ShopeePay,Online,0,Bandung
TRX01901,2024-04-26,Friday,4,2024,Checkout boba tea promo diskon sore hari,Warung Makan,Makanan & Minuman,35000,Pengeluaran,0,BNI,Online,0,Yogyakarta
TRX01902,2025-03-31,Monday,3,2025,Bayar rekening pulsa HP tepat waktu di XL Axiata,XL Axiata,Utilitas,208000,Pengeluaran,0,ShopeePay,Online,0,Bogor
TRX01903,2023-07-03,Monday,7,2023,Beli resep vitamin C dan vitamin di Alodokter,Alodokter,Kesehatan,811000,Pengeluaran,0,QRIS,Online,0,Medan
TRX01904,2024-05-05,Sunday,5,2024,Beli nasi goreng di Mixue bareng teman,Mixue,Makanan & Minuman,179000,Pengeluaran,0,Mandiri,Online,0,Yogyakarta
TRX01905,2023-03-28,Tuesday,3,2023,Pesan ayam geprek via aplikasi pesan antar makanan,Bakso Pak Kumis,Makanan & Minuman,143000,Pengeluaran,0,OVO,Online,0,Tangerang
TRX01906,2026-07-23,Thursday,7,2026,Transfer payroll bulanan atas hasil kerja keras sebulan,PT Nusantara Digital,Gaji,19629000,Pemasukan,1,BCA,Online,0,Bengkulu
TRX01907,2025-04-29,Tuesday,4,2025,Pembayaran paket langganan air PDAM kecepatan tinggi,PLN,Utilitas,86000,Pengeluaran,0,Mandiri,Online,0,Medan
TRX01908,2026-04-08,Wednesday,4,2026,Pembayaran paket langganan listrik PLN kecepatan tinggi,M3 Ooredoo,Utilitas,426000,Pengeluaran,0,ShopeePay,Online,0,Depok
TRX01909,2023-12-03,Sunday,12,2023,Pengeluaran bulanan beli detergen & sabun di Tokopedia,Tokopedia,Belanja,601000,Pengeluaran,0,GoPay,Online,0,Denpasar
TRX01910,2025-03-06,Thursday,3,2025,Mampir beli pizza sama minuman segar,Bakso Pak Kumis,Makanan & Minuman,100000,Pengeluaran,0,Tunai,Offline,1,Depok
TRX01911,2024-06-17,Monday,6,2024,Belanja kebutuhan harian tas punggung di Superindo,Superindo,Belanja,937000,Pengeluaran,0,ShopeePay,Online,0,Tangerang
TRX01912,2025-04-10,Thursday,4,2025,Makan malam nasi goreng bareng keluarga,KFC,Makanan & Minuman,220000,Pengeluaran,0,Tunai,Offline,1,Depok
TRX01913,2024-02-26,Monday,2,2024,Bayar sarapan sate ayam di warung langganan,Sederhana,Makanan & Minuman,241000,Pengeluaran,0,QRIS,Online,0,Makassar
TRX01914,2025-08-07,Thursday,8,2025,Mampir beli pizza sama minuman segar,Bakso Pak Kumis,Makanan & Minuman,70000,Pengeluaran,0,QRIS,Online,0,Jakarta
TRX01915,2024-03-19,Tuesday,3,2024,Bayar konsultasi dokter dan beli skincare & sabun cuci muka,RS Siloam,Kesehatan,541000,Pengeluaran,0,OVO,Online,0,Bekasi
TRX01916,2024-11-01,Friday,11,2024,Beli token gas LPG prabayar via m-banking,XL Axiata,Utilitas,553000,Pengeluaran,0,DANA,Online,0,Denpasar
TRX01917,2026-05-07,Thursday,5,2026,Beli baju kaos baru via e-commerce,Shopee,Belanja,244000,Pengeluaran,0,BCA,Online,0,Malang
TRX01918,2023-04-13,Thursday,4,2023,Top up voucher game film bioskop XXI pas akhir pekan,Spotify,Hiburan,257000,Pengeluaran,0,OVO,Online,0,Bekasi
TRX01919,2026-03-09,Monday,3,2026,Pembelian aset reksa dana pasar uang untuk tabungan masa depan,Bibit,Investasi,981000,Pengeluaran,0,Mandiri,Online,0,Palembang
TRX01920,2025-02-02,Sunday,2,2025,Mampir beli nasi goreng sama minuman segar,Solaria,Makanan & Minuman,212000,Pengeluaran,0,Tunai,Offline,1,Surabaya
TRX01921,2024-09-10,Tuesday,9,2024,Makan kopi susu pas jam istirahat kantor,Kopi Kenangan,Makanan & Minuman,250000,Pengeluaran,0,BCA,Online,0,Depok
TRX01922,2025-09-02,Tuesday,9,2025,Bayar sarapan bakso urat di warung langganan,KFC,Makanan & Minuman,131000,Pengeluaran,0,ShopeePay,Online,0,Semarang
TRX01923,2024-07-07,Sunday,7,2024,Makan soto betawi pas jam istirahat kantor,Sederhana,Makanan & Minuman,202000,Pengeluaran,0,Mandiri,Online,0,Surabaya
TRX01924,2025-03-25,Tuesday,3,2025,Bonus kinerja dan gaji pokok dari perusahaan,PT Nusantara Digital,Gaji,17671000,Pemasukan,1,DANA,Online,0,Palembang
TRX01925,2023-12-25,Monday,12,2023,Booking penginapan dan hotel hotel & resort liburan,Lion Air,Perjalanan,2600000,Pengeluaran,0,QRIS,Online,0,Bekasi
TRX01926,2025-09-08,Monday,9,2025,Mampir beli nasi goreng sama minuman segar,Chatime,Makanan & Minuman,238000,Pengeluaran,0,Tunai,Offline,1,Bekasi
TRX01927,2025-07-06,Sunday,7,2025,Beli masker dan obat flu & pusing untuk stok rumah,Guardian,Kesehatan,475000,Pengeluaran,0,DANA,Online,0,Tangerang
TRX01928,2024-04-19,Friday,4,2024,Pesan kendaraan online tiket KRL pas hujan,Gojek,Transportasi,32000,Pengeluaran,0,GoPay,Online,0,Yogyakarta
TRX01929,2025-08-25,Monday,8,2025,Bayar rekening wifi internet tepat waktu di M3 Ooredoo,M3 Ooredoo,Utilitas,199000,Pengeluaran,0,GoPay,Online,0,Bekasi
TRX01930,2024-12-11,Wednesday,12,2024,Beli roti sobek dan perlengkapan rumah tangga,Matahari,Belanja,982000,Pengeluaran,0,QRIS,Online,0,Bandung
TRX01931,2025-10-09,Thursday,10,2025,Bonus kinerja dan insentif proyek dari perusahaan,Client Freelance,Gaji,6332000,Pemasukan,1,QRIS,Online,0,Depok
TRX01932,2023-10-09,Monday,10,2023,Mampir minimarket beli tas punggung stok mingguan,Uniqlo,Belanja,1129000,Pengeluaran,0,BRI,Online,0,Depok
TRX01933,2023-03-29,Wednesday,3,2023,Beli minyak goreng baru via e-commerce,Tokopedia,Belanja,351000,Pengeluaran,0,BRI,Online,0,Bogor
TRX01934,2024-02-26,Monday,2,2024,Tebus resep obat obat flu & pusing di apotek langganan,Alodokter,Kesehatan,144000,Pengeluaran,0,ShopeePay,Online,0,Jakarta
TRX01935,2025-11-30,Sunday,11,2025,Pesan sate ayam via aplikasi pesan antar makanan,Gacoan,Makanan & Minuman,204000,Pengeluaran,0,Tunai,Offline,1,Bekasi
TRX01936,2024-11-16,Saturday,11,2024,Pembayaran paket langganan wifi internet kecepatan tinggi,M3 Ooredoo,Utilitas,454000,Pengeluaran,0,ShopeePay,Online,0,Bengkulu
TRX01937,2025-03-15,Saturday,3,2025,Makan mie ayam pas jam istirahat kantor,Warung Makan,Makanan & Minuman,72000,Pengeluaran,0,DANA,Online,0,Bandung
TRX01938,2024-01-21,Sunday,1,2024,Beli bensin taksi online di SPBU langganan,Grab,Transportasi,28000,Pengeluaran,0,QRIS,Online,0,Medan
TRX01939,2025-04-11,Friday,4,2025,Beli titipan baju kaos pakai voucher belanja,Shopee,Belanja,416000,Pengeluaran,0,Tunai,Offline,1,Jakarta
TRX01940,2024-08-28,Wednesday,8,2024,Makan bakso urat pas jam istirahat kantor,McDonalds,Makanan & Minuman,79000,Pengeluaran,0,BNI,Online,0,Palembang
TRX01941,2025-01-02,Thursday,1,2025,Transfer payroll bulanan atas hasil kerja keras sebulan,PT Nusantara Digital,Gaji,14744000,Pemasukan,1,OVO,Online,0,Makassar
TRX01942,2024-03-02,Saturday,3,2024,Pengeluaran bulanan beli tas punggung di Matahari,Matahari,Belanja,110000,Pengeluaran,0,BCA,Online,0,Yogyakarta
TRX01943,2024-10-16,Wednesday,10,2024,Beli titipan tas punggung pakai voucher belanja,Superindo,Belanja,810000,Pengeluaran,0,BNI,Online,0,Palembang
TRX01944,2026-04-17,Friday,4,2026,Penerimaan honor freelance masuk ke rekening utama,PT Sukses Bersama,Gaji,15950000,Pemasukan,1,BCA,Online,0,Yogyakarta
TRX01945,2023-06-27,Tuesday,6,2023,Beli token listrik PLN prabayar via m-banking,PDAM,Utilitas,146000,Pengeluaran,0,DANA,Online,0,Palembang
TRX01946,2024-11-21,Thursday,11,2024,Checkout nasi goreng promo diskon sore hari,Kopi Kenangan,Makanan & Minuman,94000,Pengeluaran,0,DANA,Online,0,Medan
TRX01947,2026-06-10,Wednesday,6,2026,Beli sepatu sneaker baru via e-commerce,Alfamart,Belanja,82000,Pengeluaran,0,DANA,Online,0,Surabaya
TRX01948,2025-10-25,Saturday,10,2025,Makan malam pizza bareng keluarga,Chatime,Makanan & Minuman,220000,Pengeluaran,0,BCA,Online,0,Semarang
TRX01949,2026-04-14,Tuesday,4,2026,Pesan soto betawi via aplikasi pesan antar makanan,Mixue,Makanan & Minuman,245000,Pengeluaran,0,BRI,Online,0,Jakarta
TRX01950,2024-08-17,Saturday,8,2024,Gaji pokok bulanan dari Client Freelance,Client Freelance,Gaji,6017000,Pemasukan,1,Mandiri,Online,0,Yogyakarta
TRX01951,2025-09-22,Monday,9,2025,Makan malam ayam geprek bareng keluarga,Solaria,Makanan & Minuman,26000,Pengeluaran,0,Mandiri,Online,0,Makassar
TRX01952,2026-04-10,Friday,4,2026,Beli resep suplemen imun dan vitamin di Apotek K-24,Apotek K-24,Kesehatan,133000,Pengeluaran,0,Tunai,Offline,1,Bandung
TRX01953,2026-05-24,Sunday,5,2026,Pelunasan iuran pulsa HP biar aliran tetap lancar,Pertagas,Utilitas,490000,Pengeluaran,0,BCA,Online,0,Bekasi
TRX01954,2025-12-11,Thursday,12,2025,Beli tiket nonton wahana rekreasi di Spotify,Spotify,Hiburan,244000,Pengeluaran,0,DANA,Online,0,Jakarta
TRX01955,2024-07-25,Thursday,7,2024,Belanja kebutuhan harian baju kaos di Hypermart,Hypermart,Belanja,203000,Pengeluaran,0,GoPay,Online,0,Yogyakarta
TRX01956,2025-04-01,Tuesday,4,2025,Bayar tagihan air PDAM bulanan rumah tangga,Biznet,Utilitas,74000,Pengeluaran,0,BRI,Online,0,Surabaya
TRX01957,2026-03-14,Saturday,3,2026,Checkout soto betawi promo diskon sore hari,Bakso Pak Kumis,Makanan & Minuman,157000,Pengeluaran,0,BNI,Online,0,Tangerang
TRX01958,2024-01-15,Monday,1,2024,Penerimaan payroll bulanan masuk ke rekening utama,PT Nusantara Digital,Gaji,11110000,Pemasukan,1,Mandiri,Online,0,Bandung
TRX01959,2024-09-07,Saturday,9,2024,Checkout nasi goreng promo diskon sore hari,Solaria,Makanan & Minuman,30000,Pengeluaran,0,BCA,Online,0,Surabaya
TRX01960,2025-12-10,Wednesday,12,2025,Penerimaan payroll bulanan masuk ke rekening utama,Bank Central,Gaji,13439000,Pemasukan,1,BRI,Online,0,Makassar
TRX01961,2024-05-14,Tuesday,5,2024,Bayar langganan bulanan Netflix 1 bulan streaming,DuFan,Hiburan,369000,Pengeluaran,0,DANA,Online,0,Yogyakarta
TRX01962,2025-09-07,Sunday,9,2025,Makan mie ayam pas jam istirahat kantor,McDonalds,Makanan & Minuman,52000,Pengeluaran,0,ShopeePay,Online,0,Bandung
TRX01963,2023-05-20,Saturday,5,2023,Beli token gas LPG prabayar via m-banking,PDAM,Utilitas,302000,Pengeluaran,0,OVO,Online,0,Bogor
TRX01964,2026-07-05,Sunday,7,2026,Mampir minimarket beli snack & mie instan stok mingguan,Shopee,Belanja,147000,Pengeluaran,0,BCA,Online,0,Bogor
TRX01965,2024-10-18,Friday,10,2024,Beli perlengkapan vitamin C dan obat flu,Kimia Farma,Kesehatan,430000,Pengeluaran,0,Mandiri,Online,0,Bekasi
TRX01966,2023-09-18,Monday,9,2023,Beli token air PDAM prabayar via m-banking,XL Axiata,Utilitas,583000,Pengeluaran,0,QRIS,Online,0,Yogyakarta
TRX01967,2023-06-03,Saturday,6,2023,Belanja kebutuhan harian roti sobek di Alfamart,Alfamart,Belanja,1175000,Pengeluaran,0,Tunai,Offline,1,Depok
TRX01968,2023-10-26,Thursday,10,2023,Pesan kendaraan online tiket KRL pas hujan,Gojek,Transportasi,110000,Pengeluaran,0,QRIS,Online,0,Yogyakarta
TRX01969,2024-11-30,Saturday,11,2024,Beli minyak goreng dan perlengkapan rumah tangga,Lazada,Belanja,987000,Pengeluaran,0,OVO,Online,0,Tangerang
TRX01970,2026-04-22,Wednesday,4,2026,Pesan kendaraan online taksi online pas hujan,Maxim,Transportasi,33000,Pengeluaran,0,DANA,Online,0,Makassar
TRX01971,2025-12-27,Saturday,12,2025,Bayar rekening wifi internet tepat waktu di PDAM,PDAM,Utilitas,324000,Pengeluaran,0,QRIS,Online,0,Bogor
TRX01972,2024-08-14,Wednesday,8,2024,Transfer insentif proyek atas hasil kerja keras sebulan,PT Teknologi Karya,Gaji,11345000,Pemasukan,1,Mandiri,Online,0,Makassar
TRX01973,2024-09-19,Thursday,9,2024,Makan malam burger bareng keluarga,Warung Makan,Makanan & Minuman,86000,Pengeluaran,0,OVO,Online,0,Bengkulu
TRX01974,2024-01-21,Sunday,1,2024,Beli bensin tiket KRL di SPBU langganan,Maxim,Transportasi,185000,Pengeluaran,0,GoPay,Online,0,Bekasi
TRX01975,2026-01-16,Friday,1,2026,Pembayaran paket langganan pulsa HP kecepatan tinggi,Biznet,Utilitas,582000,Pengeluaran,0,BRI,Online,0,Surabaya
TRX01976,2024-08-19,Monday,8,2024,Transfer payroll bulanan atas hasil kerja keras sebulan,PT Teknologi Karya,Gaji,9499000,Pemasukan,1,DANA,Online,0,Makassar
TRX01977,2024-05-18,Saturday,5,2024,Beli tas punggung baru via e-commerce,Superindo,Belanja,724000,Pengeluaran,0,Tunai,Offline,1,Malang
TRX01978,2023-05-28,Sunday,5,2023,Belanja kebutuhan harian roti sobek di Hypermart,Hypermart,Belanja,161000,Pengeluaran,0,Tunai,Offline,1,Depok
TRX01979,2024-06-05,Wednesday,6,2024,Langganan platform belajar sertifikasi AI,Coursera,Pendidikan,3463000,Pengeluaran,0,QRIS,Online,0,Denpasar
TRX01980,2026-03-08,Sunday,3,2026,Mampir minimarket beli detergen & sabun stok mingguan,Superindo,Belanja,1027000,Pengeluaran,0,DANA,Online,0,Palembang
TRX01981,2025-03-03,Monday,3,2025,Belanja kebutuhan harian sepatu sneaker di Tokopedia,Tokopedia,Belanja,765000,Pengeluaran,0,BCA,Online,0,Jakarta
TRX01982,2023-05-24,Wednesday,5,2023,Checkout snack & mie instan pas diskon tanggal kembar,Lazada,Belanja,221000,Pengeluaran,0,OVO,Online,0,Medan
TRX01983,2023-03-23,Thursday,3,2023,Beli tiket nonton film bioskop XXI di Steam,Steam,Hiburan,87000,Pengeluaran,0,GoPay,Online,0,Malang
TRX01984,2024-07-21,Sunday,7,2024,Checkout casing hp pas diskon tanggal kembar,Shopee,Belanja,1193000,Pengeluaran,0,ShopeePay,Online,0,Makassar
TRX01985,2024-04-29,Monday,4,2024,Checkout pizza promo diskon sore hari,Mixue,Makanan & Minuman,210000,Pengeluaran,0,Tunai,Offline,1,Tangerang
TRX01986,2025-02-23,Sunday,2,2025,Pesan nasi goreng via aplikasi pesan antar makanan,Sederhana,Makanan & Minuman,38000,Pengeluaran,0,QRIS,Online,0,Tangerang
TRX01987,2025-09-22,Monday,9,2025,Bayar sarapan mie ayam di warung langganan,Bakso Pak Kumis,Makanan & Minuman,76000,Pengeluaran,0,BRI,Online,0,Depok
TRX01988,2023-12-22,Friday,12,2023,Beli buku buku koding Python di Udemy,Udemy,Pendidikan,1078000,Pengeluaran,0,QRIS,Online,0,Palembang
TRX01989,2026-04-02,Thursday,4,2026,Beli tiket masuk Spotify Premium sama teman-teman,DuFan,Hiburan,139000,Pengeluaran,0,Mandiri,Online,0,Surabaya
TRX01990,2023-06-17,Saturday,6,2023,Checkout tas punggung pas diskon tanggal kembar,Blibli,Belanja,812000,Pengeluaran,0,OVO,Online,0,Jakarta
TRX01991,2026-01-13,Tuesday,1,2026,Top up saldo kartu e-money untuk taksi online,KAI,Transportasi,144000,Pengeluaran,0,GoPay,Online,0,Makassar
TRX01992,2023-02-12,Sunday,2,2023,Pembayaran paket langganan pulsa HP kecepatan tinggi,XL Axiata,Utilitas,260000,Pengeluaran,0,GoPay,Online,0,Bandung
TRX01993,2023-06-08,Thursday,6,2023,Bonus kinerja dan bonus tahunan dari perusahaan,Client Freelance,Gaji,10287000,Pemasukan,1,Mandiri,Online,0,Makassar
TRX01994,2024-12-24,Tuesday,12,2024,Checkout snack & mie instan pas diskon tanggal kembar,Shopee,Belanja,802000,Pengeluaran,0,DANA,Online,0,Jakarta
TRX01995,2026-02-27,Friday,2,2026,Beli soto betawi di KFC bareng teman,KFC,Makanan & Minuman,114000,Pengeluaran,0,GoPay,Online,0,Palembang
TRX01996,2023-02-11,Saturday,2,2023,Bayar tagihan pulsa HP bulanan rumah tangga,Pertagas,Utilitas,497000,Pengeluaran,0,QRIS,Online,0,Makassar
TRX01997,2024-04-13,Saturday,4,2024,Checkout tas punggung pas diskon tanggal kembar,Superindo,Belanja,370000,Pengeluaran,0,Tunai,Offline,1,Malang
TRX01998,2025-11-25,Tuesday,11,2025,Bonus kinerja dan gaji pokok dari perusahaan,PT Teknologi Karya,Gaji,15446000,Pemasukan,1,BCA,Online,0,Tangerang
TRX01999,2024-04-13,Saturday,4,2024,Beli bakso urat di McDonalds bareng teman,McDonalds,Makanan & Minuman,79000,Pengeluaran,0,Tunai,Offline,1,Depok
TRX02000,2024-06-06,Thursday,6,2024,Isi ulang pulsa dan kuota air PDAM harian,Telkomsel,Utilitas,335000,Pengeluaran,0,BRI,Online,0,Medan
TRX02001,2025-04-18,Friday,4,2025,Checkout baju kaos pas diskon tanggal kembar,Lazada,Belanja,213000,Pengeluaran,0,BRI,Online,0,Semarang
TRX02002,2026-01-27,Tuesday,1,2026,Beli token air PDAM prabayar via m-banking,XL Axiata,Utilitas,67000,Pengeluaran,0,Mandiri,Online,0,Malang
TRX02003,2023-06-07,Wednesday,6,2023,Pesan sate ayam via aplikasi pesan antar makanan,KFC,Makanan & Minuman,151000,Pengeluaran,0,Tunai,Offline,1,Yogyakarta
TRX02004,2026-02-07,Saturday,2,2026,Beli tiket bensin Pertamax pulang pergi luar kota,Maxim,Transportasi,57000,Pengeluaran,0,Mandiri,Online,0,Tangerang
TRX02005,2023-01-18,Wednesday,1,2023,Beli snack & mie instan baru via e-commerce,Tokopedia,Belanja,67000,Pengeluaran,0,BCA,Online,0,Palembang
TRX02006,2023-10-04,Wednesday,10,2023,Pesan ayam geprek via aplikasi pesan antar makanan,Kopi Kenangan,Makanan & Minuman,76000,Pengeluaran,0,GoPay,Online,0,Malang
TRX02007,2024-07-25,Thursday,7,2024,Bayar rekening air PDAM tepat waktu di Pertagas,Pertagas,Utilitas,162000,Pengeluaran,0,Mandiri,Online,0,Bandung
TRX02008,2026-05-26,Tuesday,5,2026,Beli bensin taksi online di SPBU langganan,Grab,Transportasi,10000,Pengeluaran,0,QRIS,Online,0,Yogyakarta
TRX02009,2025-12-19,Friday,12,2025,Beli masker dan suplemen imun untuk stok rumah,Guardian,Kesehatan,584000,Pengeluaran,0,ShopeePay,Online,0,Yogyakarta
TRX02010,2025-11-30,Sunday,11,2025,Beli titipan roti sobek pakai voucher belanja,Matahari,Belanja,539000,Pengeluaran,0,OVO,Online,0,Bandung
TRX02011,2025-10-27,Monday,10,2025,Bayar langganan bulanan film bioskop XXI streaming,XXI Cinema,Hiburan,67000,Pengeluaran,0,GoPay,Online,0,Bogor
TRX02012,2024-09-03,Tuesday,9,2024,Makan malam mie ayam bareng keluarga,Solaria,Makanan & Minuman,91000,Pengeluaran,0,GoPay,Online,0,Yogyakarta
TRX02013,2024-02-11,Sunday,2,2024,Sewa kendaraan taksi online untuk perjalanan harian,KAI,Transportasi,47000,Pengeluaran,0,DANA,Online,0,Bogor
TRX02014,2026-04-24,Friday,4,2026,Beli perlengkapan vitamin C dan obat flu,Guardian,Kesehatan,435000,Pengeluaran,0,Tunai,Offline,1,Jakarta
TRX02015,2024-04-10,Wednesday,4,2024,Beli perlengkapan alat tulis buku novel & komik kuliah,Udemy,Pendidikan,2010000,Pengeluaran,0,DANA,Online,0,Makassar
TRX02016,2024-02-24,Saturday,2,2024,Beli token listrik PLN prabayar via m-banking,XL Axiata,Utilitas,199000,Pengeluaran,0,BNI,Online,0,Semarang
TRX02017,2025-02-05,Wednesday,2,2025,Makan malam mie ayam bareng keluarga,Kopi Kenangan,Makanan & Minuman,34000,Pengeluaran,0,GoPay,Online,0,Bogor
TRX02018,2025-11-15,Saturday,11,2025,Bayar tagihan pulsa HP bulanan rumah tangga,PLN,Utilitas,410000,Pengeluaran,0,GoPay,Online,0,Medan
TRX02019,2024-09-27,Friday,9,2024,Beli buku buku koding Python di Ruangguru,Ruangguru,Pendidikan,697000,Pengeluaran,0,ShopeePay,Online,0,Semarang
TRX02020,2023-05-03,Wednesday,5,2023,Checkout burger promo diskon sore hari,Bakso Pak Kumis,Makanan & Minuman,21000,Pengeluaran,0,GoPay,Online,0,Tangerang
TRX02021,2026-06-09,Tuesday,6,2026,Pelunasan iuran wifi internet biar aliran tetap lancar,M3 Ooredoo,Utilitas,102000,Pengeluaran,0,ShopeePay,Online,0,Malang
TRX02022,2023-09-10,Sunday,9,2023,Beli tiket masuk Spotify Premium sama teman-teman,DuFan,Hiburan,420000,Pengeluaran,0,ShopeePay,Online,0,Jakarta
TRX02023,2026-01-27,Tuesday,1,2026,Top up saldo kartu e-money untuk bensin Pertamax,Grab,Transportasi,94000,Pengeluaran,0,DANA,Online,0,Bekasi
TRX02024,2026-07-24,Friday,7,2026,Belanja kebutuhan harian casing hp di Tokopedia,Tokopedia,Belanja,811000,Pengeluaran,0,Mandiri,Online,0,Jakarta
TRX02025,2023-04-01,Saturday,4,2023,Mampir minimarket beli casing hp stok mingguan,Tokopedia,Belanja,1190000,Pengeluaran,0,Tunai,Offline,1,Tangerang
TRX02026,2023-11-07,Tuesday,11,2023,Checkout snack & mie instan pas diskon tanggal kembar,Matahari,Belanja,26000,Pengeluaran,0,BRI,Online,0,Bogor
TRX02027,2023-03-18,Saturday,3,2023,Checkout baju kaos pas diskon tanggal kembar,Blibli,Belanja,984000,Pengeluaran,0,BRI,Online,0,Depok
TRX02028,2025-10-07,Tuesday,10,2025,Checkout boba tea promo diskon sore hari,Kopi Kenangan,Makanan & Minuman,232000,Pengeluaran,0,QRIS,Online,0,Malang
TRX02029,2026-02-17,Tuesday,2,2026,Pembayaran paket langganan wifi internet kecepatan tinggi,M3 Ooredoo,Utilitas,209000,Pengeluaran,0,ShopeePay,Online,0,Bengkulu
TRX02030,2024-07-25,Thursday,7,2024,Bayar konsultasi dokter dan beli vitamin C,RS Siloam,Kesehatan,52000,Pengeluaran,0,QRIS,Online,0,Makassar
TRX02031,2025-11-08,Saturday,11,2025,Beli detergen & sabun baru via e-commerce,Hypermart,Belanja,640000,Pengeluaran,0,QRIS,Online,0,Surabaya
TRX02032,2023-10-31,Tuesday,10,2023,Isi ulang pulsa dan kuota air PDAM harian,Biznet,Utilitas,206000,Pengeluaran,0,BNI,Online,0,Bekasi
TRX02033,2026-01-15,Thursday,1,2026,Isi ulang pulsa dan kuota pulsa HP harian,XL Axiata,Utilitas,389000,Pengeluaran,0,QRIS,Online,0,Surabaya
TRX02034,2024-05-11,Saturday,5,2024,Checkout bakso urat promo diskon sore hari,Kopi Kenangan,Makanan & Minuman,242000,Pengeluaran,0,Tunai,Offline,1,Palembang
TRX02035,2025-06-04,Wednesday,6,2025,Checkout nasi goreng promo diskon sore hari,Kopi Kenangan,Makanan & Minuman,109000,Pengeluaran,0,Tunai,Offline,1,Medan
TRX02036,2025-09-23,Tuesday,9,2025,Langganan fitur premium Spotify Premium bulanan,Netflix,Hiburan,139000,Pengeluaran,0,OVO,Online,0,Palembang
TRX02037,2024-04-26,Friday,4,2024,Beli sepatu sneaker dan perlengkapan rumah tangga,Matahari,Belanja,351000,Pengeluaran,0,OVO,Online,0,Bogor
TRX02038,2023-06-19,Monday,6,2023,Pesan nasi goreng via aplikasi pesan antar makanan,KFC,Makanan & Minuman,153000,Pengeluaran,0,BNI,Online,0,Depok
TRX02039,2023-11-08,Wednesday,11,2023,Beli tiket pesawat villa pantai di Traveloka,Traveloka,Perjalanan,567000,Pengeluaran,0,BRI,Online,0,Semarang
TRX02040,2025-01-21,Tuesday,1,2025,Penerimaan payroll bulanan masuk ke rekening utama,PT Sukses Bersama,Gaji,4824000,Pemasukan,1,BRI,Online,0,Depok
TRX02041,2024-09-26,Thursday,9,2024,Belanja kebutuhan harian baju kaos di Alfamart,Alfamart,Belanja,25000,Pengeluaran,0,Mandiri,Online,0,Tangerang
TRX02042,2023-12-15,Friday,12,2023,Beli tiket nonton Spotify Premium di DuFan,DuFan,Hiburan,166000,Pengeluaran,0,QRIS,Online,0,Malang
TRX02043,2025-12-13,Saturday,12,2025,Pesan sate ayam via aplikasi pesan antar makanan,Sederhana,Makanan & Minuman,31000,Pengeluaran,0,QRIS,Online,0,Bandung
TRX02044,2025-11-20,Thursday,11,2025,Mampir beli kopi susu sama minuman segar,Sederhana,Makanan & Minuman,23000,Pengeluaran,0,GoPay,Online,0,Bengkulu
TRX02045,2023-11-30,Thursday,11,2023,Beli tiket tiket KRL pulang pergi luar kota,TransJakarta,Transportasi,88000,Pengeluaran,0,QRIS,Online,0,Bengkulu
TRX02046,2025-04-01,Tuesday,4,2025,Pengeluaran bulanan beli snack & mie instan di Shopee,Shopee,Belanja,693000,Pengeluaran,0,Tunai,Offline,1,Yogyakarta
TRX02047,2023-11-01,Wednesday,11,2023,Bayar ongkos ojek online berangkat kerja di Gojek,Gojek,Transportasi,160000,Pengeluaran,0,BNI,Online,0,Bandung
TRX02048,2023-08-09,Wednesday,8,2023,Booking penginapan dan hotel tiket pesawat liburan,Tiket.com,Perjalanan,2614000,Pengeluaran,0,GoPay,Online,0,Bekasi
TRX02049,2024-10-17,Thursday,10,2024,Bonus kinerja dan honor freelance dari perusahaan,Client Freelance,Gaji,7517000,Pemasukan,1,ShopeePay,Online,0,Bekasi
TRX02050,2026-04-18,Saturday,4,2026,Pengeluaran bulanan beli tas punggung di Shopee,Shopee,Belanja,94000,Pengeluaran,0,OVO,Online,0,Medan
TRX02051,2024-12-07,Saturday,12,2024,Makan malam sate ayam bareng keluarga,Gacoan,Makanan & Minuman,62000,Pengeluaran,0,DANA,Online,0,Bengkulu
TRX02052,2025-03-25,Tuesday,3,2025,Tebus resep obat skincare & sabun cuci muka di apotek langganan,RS Siloam,Kesehatan,166000,Pengeluaran,0,OVO,Online,0,Bengkulu
TRX02053,2024-10-06,Sunday,10,2024,Top up reksa dana saham blue chip di Pintu,Pintu,Investasi,772000,Pengeluaran,0,QRIS,Online,0,Palembang
TRX02054,2023-07-10,Monday,7,2023,Bayar tagihan air PDAM bulanan rumah tangga,M3 Ooredoo,Utilitas,193000,Pengeluaran,0,Mandiri,Online,0,Denpasar
TRX02055,2026-05-21,Thursday,5,2026,Bayar rekening air PDAM tepat waktu di Telkomsel,Telkomsel,Utilitas,234000,Pengeluaran,0,OVO,Online,0,Jakarta
TRX02056,2023-01-19,Thursday,1,2023,Transfer payroll bulanan atas hasil kerja keras sebulan,PT Sukses Bersama,Gaji,14548000,Pemasukan,1,BCA,Online,0,Surabaya
TRX02057,2025-09-15,Monday,9,2025,Beli bensin bensin Pertamax di SPBU langganan,KAI,Transportasi,95000,Pengeluaran,0,ShopeePay,Online,0,Semarang
TRX02058,2025-12-23,Tuesday,12,2025,Mampir minimarket beli casing hp stok mingguan,Lazada,Belanja,105000,Pengeluaran,0,ShopeePay,Online,0,Semarang
TRX02059,2026-01-08,Thursday,1,2026,Sewa akomodasi perjalanan hotel & resort luar kota,Garuda Indonesia,Perjalanan,3024000,Pengeluaran,0,BCA,Online,0,Palembang
TRX02060,2026-04-21,Tuesday,4,2026,Bonus kinerja dan honor freelance dari perusahaan,PT Nusantara Digital,Gaji,18689000,Pemasukan,1,Mandiri,Online,0,Depok
TRX02061,2024-10-07,Monday,10,2024,Beli perlengkapan suplemen imun dan obat flu,Apotek K-24,Kesehatan,337000,Pengeluaran,0,BCA,Online,0,Bogor
TRX02062,2024-04-14,Sunday,4,2024,Bonus kinerja dan insentif proyek dari perusahaan,Bank Central,Gaji,12195000,Pemasukan,1,BCA,Online,0,Denpasar
TRX02063,2024-04-14,Sunday,4,2024,Makan malam kopi susu bareng keluarga,Kopi Kenangan,Makanan & Minuman,15000,Pengeluaran,0,BNI,Online,0,Tangerang
TRX02064,2024-07-14,Sunday,7,2024,Pembayaran paket langganan listrik PLN kecepatan tinggi,XL Axiata,Utilitas,363000,Pengeluaran,0,BCA,Online,0,Yogyakarta
TRX02065,2026-04-03,Friday,4,2026,Makan sate ayam pas jam istirahat kantor,Mixue,Makanan & Minuman,233000,Pengeluaran,0,Tunai,Offline,1,Palembang
TRX02066,2026-02-22,Sunday,2,2026,Sewa kendaraan e-toll untuk perjalanan harian,Maxim,Transportasi,61000,Pengeluaran,0,BCA,Online,0,Bengkulu
TRX02067,2025-05-29,Thursday,5,2025,Beli soto betawi di Bakso Pak Kumis bareng teman,Bakso Pak Kumis,Makanan & Minuman,40000,Pengeluaran,0,Tunai,Offline,1,Bekasi
TRX02068,2024-06-12,Wednesday,6,2024,Makan malam sate ayam bareng keluarga,Chatime,Makanan & Minuman,56000,Pengeluaran,0,Mandiri,Online,0,Bekasi
TRX02069,2023-12-02,Saturday,12,2023,Beli snack & mie instan baru via e-commerce,Superindo,Belanja,1148000,Pengeluaran,0,BNI,Online,0,Bandung
TRX02070,2023-09-06,Wednesday,9,2023,Beli tiket nonton Netflix 1 bulan di CGV,CGV,Hiburan,428000,Pengeluaran,0,QRIS,Online,0,Bandung
TRX02071,2023-08-21,Monday,8,2023,Beli tiket ojek online pulang pergi luar kota,MyPertamina,Transportasi,146000,Pengeluaran,0,DANA,Online,0,Denpasar
TRX02072,2023-09-08,Friday,9,2023,Pelunasan iuran listrik PLN biar aliran tetap lancar,Telkomsel,Utilitas,144000,Pengeluaran,0,GoPay,Online,0,Bandung
TRX02073,2025-03-05,Wednesday,3,2025,Beli resep skincare & sabun cuci muka dan vitamin di Century,Century,Kesehatan,665000,Pengeluaran,0,BNI,Online,0,Surabaya
TRX02074,2023-11-29,Wednesday,11,2023,Bayar sarapan burger di warung langganan,McDonalds,Makanan & Minuman,137000,Pengeluaran,0,GoPay,Online,0,Jakarta
TRX02075,2024-11-27,Wednesday,11,2024,Beli tiket nonton Spotify Premium di DuFan,DuFan,Hiburan,443000,Pengeluaran,0,ShopeePay,Online,0,Tangerang
TRX02076,2025-04-04,Friday,4,2025,Jajanan pizza pas nongkrong malam minggu,Bakso Pak Kumis,Makanan & Minuman,213000,Pengeluaran,0,BNI,Online,0,Bekasi
TRX02077,2024-04-09,Tuesday,4,2024,Beli masker dan suplemen imun untuk stok rumah,RS Siloam,Kesehatan,819000,Pengeluaran,0,GoPay,Online,0,Bengkulu
TRX02078,2025-01-25,Saturday,1,2025,Jajanan nasi goreng pas nongkrong malam minggu,Gacoan,Makanan & Minuman,63000,Pengeluaran,0,Tunai,Offline,1,Makassar
TRX02079,2023-02-05,Sunday,2,2023,Reservasi paket tur dan liburan tiket kereta api,Agoda,Perjalanan,360000,Pengeluaran,0,GoPay,Online,0,Bogor
TRX02080,2025-08-07,Thursday,8,2025,Makan pizza pas jam istirahat kantor,KFC,Makanan & Minuman,166000,Pengeluaran,0,Tunai,Offline,1,Yogyakarta
TRX02081,2026-02-07,Saturday,2,2026,Booking penginapan dan hotel tiket kereta api liburan,KAI Access,Perjalanan,566000,Pengeluaran,0,GoPay,Online,0,Medan
TRX02082,2024-10-01,Tuesday,10,2024,Bayar tagihan wifi internet bulanan rumah tangga,XL Axiata,Utilitas,159000,Pengeluaran,0,BCA,Online,0,Semarang
TRX02083,2023-10-08,Sunday,10,2023,Pesan kendaraan online bensin Pertamax pas hujan,Bluebird,Transportasi,97000,Pengeluaran,0,OVO,Online,0,Surabaya
TRX02084,2025-12-23,Tuesday,12,2025,Pengeluaran bulanan beli snack & mie instan di Blibli,Blibli,Belanja,639000,Pengeluaran,0,BCA,Online,0,Semarang
TRX02085,2024-11-02,Saturday,11,2024,Makan ayam geprek pas jam istirahat kantor,KFC,Makanan & Minuman,107000,Pengeluaran,0,Tunai,Offline,1,Semarang
TRX02086,2024-11-14,Thursday,11,2024,Beli sepatu sneaker baru via e-commerce,Indomaret,Belanja,459000,Pengeluaran,0,BNI,Online,0,Medan
TRX02087,2023-04-11,Tuesday,4,2023,Beli titipan baju kaos pakai voucher belanja,Lazada,Belanja,1149000,Pengeluaran,0,ShopeePay,Online,0,Semarang
TRX02088,2026-02-05,Thursday,2,2026,Penerimaan honor freelance masuk ke rekening utama,PT Nusantara Digital,Gaji,13720000,Pemasukan,1,OVO,Online,0,Surabaya
TRX02089,2024-11-13,Wednesday,11,2024,Belanja kebutuhan harian sepatu sneaker di Alfamart,Alfamart,Belanja,218000,Pengeluaran,0,BCA,Online,0,Surabaya
TRX02090,2025-09-03,Wednesday,9,2025,Makan mie ayam pas jam istirahat kantor,Warung Makan,Makanan & Minuman,82000,Pengeluaran,0,Tunai,Offline,1,Denpasar
TRX02091,2024-05-22,Wednesday,5,2024,Makan ayam geprek pas jam istirahat kantor,McDonalds,Makanan & Minuman,176000,Pengeluaran,0,DANA,Online,0,Medan
TRX02092,2023-09-17,Sunday,9,2023,Makan malam kopi susu bareng keluarga,Mixue,Makanan & Minuman,16000,Pengeluaran,0,QRIS,Online,0,Malang
TRX02093,2024-01-20,Saturday,1,2024,Isi ulang pulsa dan kuota listrik PLN harian,Biznet,Utilitas,266000,Pengeluaran,0,OVO,Online,0,Medan
TRX02094,2025-12-16,Tuesday,12,2025,Beli roti sobek baru via e-commerce,Tokopedia,Belanja,867000,Pengeluaran,0,QRIS,Online,0,Semarang
TRX02095,2024-05-25,Saturday,5,2024,Transfer honor freelance atas hasil kerja keras sebulan,PT Nusantara Digital,Gaji,19807000,Pemasukan,1,BCA,Online,0,Surabaya
TRX02096,2025-04-10,Thursday,4,2025,Pencairan honor bonus tahunan proyek freelance,PT Sukses Bersama,Gaji,9541000,Pemasukan,1,BNI,Online,0,Bengkulu
TRX02097,2024-05-24,Friday,5,2024,Bayar sarapan kopi susu di warung langganan,Gacoan,Makanan & Minuman,205000,Pengeluaran,0,Tunai,Offline,1,Surabaya
TRX02098,2025-03-19,Wednesday,3,2025,Makan sate ayam pas jam istirahat kantor,Bakso Pak Kumis,Makanan & Minuman,162000,Pengeluaran,0,Tunai,Offline,1,Medan
TRX02099,2023-08-15,Tuesday,8,2023,Beli resep suplemen imun dan vitamin di Kimia Farma,Kimia Farma,Kesehatan,379000,Pengeluaran,0,Tunai,Offline,1,Bandung
TRX02100,2023-10-29,Sunday,10,2023,Pesan kendaraan online tiket KRL pas hujan,Grab,Transportasi,115000,Pengeluaran,0,OVO,Online,0,Bengkulu
TRX02101,2025-11-28,Friday,11,2025,Gaji pokok bulanan dari Client Freelance,Client Freelance,Gaji,10275000,Pemasukan,1,OVO,Online,0,Makassar
TRX02102,2024-01-21,Sunday,1,2024,Beli tiket masuk Netflix 1 bulan sama teman-teman,DuFan,Hiburan,280000,Pengeluaran,0,QRIS,Online,0,Palembang
TRX02103,2023-04-11,Tuesday,4,2023,Checkout tas punggung pas diskon tanggal kembar,Hypermart,Belanja,150000,Pengeluaran,0,BCA,Online,0,Bekasi
TRX02104,2025-07-28,Monday,7,2025,Bayar tagihan pulsa HP bulanan rumah tangga,Biznet,Utilitas,344000,Pengeluaran,0,BRI,Online,0,Semarang
TRX02105,2024-07-26,Friday,7,2024,Makan soto betawi pas jam istirahat kantor,Gacoan,Makanan & Minuman,165000,Pengeluaran,0,QRIS,Online,0,Bengkulu
TRX02106,2024-04-04,Thursday,4,2024,Mampir minimarket beli tas punggung stok mingguan,Superindo,Belanja,577000,Pengeluaran,0,Tunai,Offline,1,Medan
TRX02107,2025-06-16,Monday,6,2025,Beli perlengkapan alat tulis kursus Data Science kuliah,Gramedia,Pendidikan,1675000,Pengeluaran,0,Mandiri,Online,0,Denpasar
TRX02108,2025-11-09,Sunday,11,2025,Transfer gaji pokok atas hasil kerja keras sebulan,PT Teknologi Karya,Gaji,15651000,Pemasukan,1,ShopeePay,Online,0,Semarang
TRX02109,2023-07-22,Saturday,7,2023,Pengeluaran bulanan beli snack & mie instan di Lazada,Lazada,Belanja,851000,Pengeluaran,0,Tunai,Offline,1,Malang
TRX02110,2023-08-08,Tuesday,8,2023,Bayar sarapan sate ayam di warung langganan,Chatime,Makanan & Minuman,208000,Pengeluaran,0,ShopeePay,Online,0,Bogor
TRX02111,2026-06-10,Wednesday,6,2026,Bonus kinerja dan bonus tahunan dari perusahaan,Bank Central,Gaji,3610000,Pemasukan,1,BRI,Online,0,Jakarta
TRX02112,2024-11-01,Friday,11,2024,Pesan kendaraan online e-toll pas hujan,Bluebird,Transportasi,10000,Pengeluaran,0,DANA,Online,0,Medan
TRX02113,2024-01-19,Friday,1,2024,Mampir beli mie ayam sama minuman segar,Chatime,Makanan & Minuman,193000,Pengeluaran,0,Mandiri,Online,0,Bengkulu
TRX02114,2025-04-03,Thursday,4,2025,Pencairan honor payroll bulanan proyek freelance,Bank Central,Gaji,15194000,Pemasukan,1,BNI,Online,0,Palembang
TRX02115,2025-08-24,Sunday,8,2025,Penerimaan insentif proyek masuk ke rekening utama,PT Teknologi Karya,Gaji,14514000,Pemasukan,1,GoPay,Online,0,Yogyakarta
TRX02116,2024-05-08,Wednesday,5,2024,Isi ulang pulsa dan kuota air PDAM harian,Pertagas,Utilitas,66000,Pengeluaran,0,BNI,Online,0,Surabaya
TRX02117,2026-03-03,Tuesday,3,2026,Beli tiket nonton Spotify Premium di XXI Cinema,XXI Cinema,Hiburan,134000,Pengeluaran,0,DANA,Online,0,Palembang
TRX02118,2025-12-31,Wednesday,12,2025,Reservasi paket tur dan liburan hotel & resort,Traveloka,Perjalanan,1411000,Pengeluaran,0,Mandiri,Online,0,Bekasi
TRX02119,2024-03-15,Friday,3,2024,Mampir beli nasi goreng sama minuman segar,KFC,Makanan & Minuman,17000,Pengeluaran,0,OVO,Online,0,Surabaya
TRX02120,2024-07-28,Sunday,7,2024,Penerimaan bonus tahunan masuk ke rekening utama,Client Freelance,Gaji,14667000,Pemasukan,1,Mandiri,Online,0,Malang
TRX02121,2023-09-01,Friday,9,2023,Bayar sarapan pizza di warung langganan,Chatime,Makanan & Minuman,26000,Pengeluaran,0,QRIS,Online,0,Denpasar
TRX02122,2023-12-09,Saturday,12,2023,Gaji pokok bulanan dari PT Nusantara Digital,PT Nusantara Digital,Gaji,16994000,Pemasukan,1,GoPay,Online,0,Surabaya
TRX02123,2023-07-01,Saturday,7,2023,Pelunasan iuran gas LPG biar aliran tetap lancar,Biznet,Utilitas,50000,Pengeluaran,0,OVO,Online,0,Bekasi
TRX02124,2024-12-15,Sunday,12,2024,Bayar biaya kursus online sertifikasi AI,Coursera,Pendidikan,210000,Pengeluaran,0,BNI,Online,0,Bengkulu
TRX02125,2026-03-16,Monday,3,2026,Pesan kopi susu via aplikasi pesan antar makanan,Chatime,Makanan & Minuman,225000,Pengeluaran,0,Tunai,Offline,1,Bekasi
TRX02126,2023-04-03,Monday,4,2023,Beli bensin bensin Pertamax di SPBU langganan,KAI,Transportasi,43000,Pengeluaran,0,QRIS,Online,0,Yogyakarta
TRX02127,2023-05-06,Saturday,5,2023,Gaji pokok bulanan dari PT Teknologi Karya,PT Teknologi Karya,Gaji,4531000,Pemasukan,1,BNI,Online,0,Bekasi
TRX02128,2024-02-23,Friday,2,2024,Checkout roti sobek pas diskon tanggal kembar,Superindo,Belanja,154000,Pengeluaran,0,BRI,Online,0,Yogyakarta
TRX02129,2025-02-13,Thursday,2,2025,Pesan nasi goreng via aplikasi pesan antar makanan,Warung Makan,Makanan & Minuman,190000,Pengeluaran,0,OVO,Online,0,Surabaya
TRX02130,2023-06-23,Friday,6,2023,Beli bensin ojek online di SPBU langganan,KAI,Transportasi,116000,Pengeluaran,0,BNI,Online,0,Palembang
TRX02131,2024-04-14,Sunday,4,2024,Sewa kendaraan tiket KRL untuk perjalanan harian,Maxim,Transportasi,143000,Pengeluaran,0,ShopeePay,Online,0,Depok
TRX02132,2025-12-23,Tuesday,12,2025,Alokasi investasi berkala aset kripto,Pintu,Investasi,744000,Pengeluaran,0,ShopeePay,Online,0,Bengkulu
TRX02133,2026-03-07,Saturday,3,2026,Pesan mie ayam via aplikasi pesan antar makanan,Kopi Kenangan,Makanan & Minuman,171000,Pengeluaran,0,DANA,Online,0,Semarang
TRX02134,2024-10-08,Tuesday,10,2024,Checkout detergen & sabun pas diskon tanggal kembar,Shopee,Belanja,856000,Pengeluaran,0,ShopeePay,Online,0,Yogyakarta
TRX02135,2023-07-06,Thursday,7,2023,Beli tiket nonton Netflix 1 bulan di CGV,CGV,Hiburan,147000,Pengeluaran,0,ShopeePay,Online,0,Bogor
TRX02136,2023-08-20,Sunday,8,2023,Bayar rekening gas LPG tepat waktu di XL Axiata,XL Axiata,Utilitas,188000,Pengeluaran,0,BCA,Online,0,Denpasar
TRX02137,2024-01-04,Thursday,1,2024,Beli token air PDAM prabayar via m-banking,Biznet,Utilitas,101000,Pengeluaran,0,ShopeePay,Online,0,Bogor
TRX02138,2026-05-27,Wednesday,5,2026,Pembayaran paket langganan air PDAM kecepatan tinggi,PDAM,Utilitas,135000,Pengeluaran,0,GoPay,Online,0,Denpasar
TRX02139,2026-01-05,Monday,1,2026,Pesan boba tea via aplikasi pesan antar makanan,Chatime,Makanan & Minuman,226000,Pengeluaran,0,Tunai,Offline,1,Palembang
TRX02140,2025-10-01,Wednesday,10,2025,Bayar langganan bulanan Netflix 1 bulan streaming,XXI Cinema,Hiburan,387000,Pengeluaran,0,BNI,Online,0,Denpasar
TRX02141,2023-10-30,Monday,10,2023,Pencairan honor honor freelance proyek freelance,PT Nusantara Digital,Gaji,6126000,Pemasukan,1,GoPay,Online,0,Yogyakarta
TRX02142,2023-12-04,Monday,12,2023,Penerimaan gaji pokok masuk ke rekening utama,PT Sukses Bersama,Gaji,3877000,Pemasukan,1,BCA,Online,0,Tangerang
TRX02143,2023-02-19,Sunday,2,2023,Beli tiket nonton film bioskop XXI di PlayStation Store,PlayStation Store,Hiburan,195000,Pengeluaran,0,BRI,Online,0,Tangerang
TRX02144,2026-04-14,Tuesday,4,2026,Makan soto betawi pas jam istirahat kantor,Bakso Pak Kumis,Makanan & Minuman,127000,Pengeluaran,0,ShopeePay,Online,0,Bengkulu
TRX02145,2025-01-30,Thursday,1,2025,Pesan nasi goreng via aplikasi pesan antar makanan,Sederhana,Makanan & Minuman,105000,Pengeluaran,0,BNI,Online,0,Tangerang
TRX02146,2025-10-29,Wednesday,10,2025,Gaji pokok bulanan dari PT Sukses Bersama,PT Sukses Bersama,Gaji,6286000,Pemasukan,1,ShopeePay,Online,0,Bogor
TRX02147,2023-10-30,Monday,10,2023,Bonus kinerja dan payroll bulanan dari perusahaan,Bank Central,Gaji,12910000,Pemasukan,1,DANA,Online,0,Denpasar
TRX02148,2023-06-06,Tuesday,6,2023,Beli burger di Chatime bareng teman,Chatime,Makanan & Minuman,95000,Pengeluaran,0,BCA,Online,0,Denpasar
TRX02149,2025-06-09,Monday,6,2025,Bayar tagihan gas LPG bulanan rumah tangga,PLN,Utilitas,52000,Pengeluaran,0,QRIS,Online,0,Depok
TRX02150,2024-05-18,Saturday,5,2024,Beli baju kaos dan perlengkapan rumah tangga,Uniqlo,Belanja,1081000,Pengeluaran,0,BRI,Online,0,Palembang
TRX02151,2025-02-12,Wednesday,2,2025,Beli token pulsa HP prabayar via m-banking,Biznet,Utilitas,325000,Pengeluaran,0,ShopeePay,Online,0,Medan
TRX02152,2024-10-20,Sunday,10,2024,Beli minyak goreng dan perlengkapan rumah tangga,Alfamart,Belanja,373000,Pengeluaran,0,OVO,Online,0,Bekasi
TRX02153,2023-03-27,Monday,3,2023,Bayar tagihan pulsa HP bulanan rumah tangga,PLN,Utilitas,466000,Pengeluaran,0,Mandiri,Online,0,Medan
TRX02154,2025-04-20,Sunday,4,2025,Bonus kinerja dan payroll bulanan dari perusahaan,Bank Central,Gaji,15135000,Pemasukan,1,BCA,Online,0,Tangerang
TRX02155,2026-07-02,Thursday,7,2026,Bayar ongkos bensin Pertamax berangkat kerja di Maxim,Maxim,Transportasi,25000,Pengeluaran,0,QRIS,Online,0,Tangerang
TRX02156,2023-04-07,Friday,4,2023,Langganan platform belajar UKT kuliah,Coursera,Pendidikan,608000,Pengeluaran,0,ShopeePay,Online,0,Depok
TRX02157,2025-12-19,Friday,12,2025,Sewa kendaraan tiket KRL untuk perjalanan harian,KCI Commuter,Transportasi,55000,Pengeluaran,0,ShopeePay,Online,0,Yogyakarta
TRX02158,2025-10-17,Friday,10,2025,Bayar langganan bulanan wahana rekreasi streaming,XXI Cinema,Hiburan,223000,Pengeluaran,0,Mandiri,Online,0,Denpasar
TRX02159,2023-05-12,Friday,5,2023,Pengeluaran bulanan beli sepatu sneaker di Shopee,Shopee,Belanja,159000,Pengeluaran,0,Tunai,Offline,1,Palembang
TRX02160,2026-06-21,Sunday,6,2026,Pencairan honor payroll bulanan proyek freelance,PT Teknologi Karya,Gaji,13576000,Pemasukan,1,OVO,Online,0,Semarang
TRX02161,2023-11-21,Tuesday,11,2023,Checkout ayam geprek promo diskon sore hari,Solaria,Makanan & Minuman,199000,Pengeluaran,0,ShopeePay,Online,0,Palembang
TRX02162,2024-03-14,Thursday,3,2024,Jajanan bakso urat pas nongkrong malam minggu,Chatime,Makanan & Minuman,238000,Pengeluaran,0,Tunai,Offline,1,Palembang
TRX02163,2024-08-20,Tuesday,8,2024,Beli instrumen investasi obligasi negara bulanan,Indodax,Investasi,1552000,Pengeluaran,0,GoPay,Online,0,Tangerang
TRX02164,2024-08-18,Sunday,8,2024,Beli tiket masuk Netflix 1 bulan sama teman-teman,CGV,Hiburan,433000,Pengeluaran,0,Mandiri,Online,0,Bekasi
TRX02165,2025-01-25,Saturday,1,2025,Checkout snack & mie instan pas diskon tanggal kembar,Tokopedia,Belanja,72000,Pengeluaran,0,DANA,Online,0,Palembang
TRX02166,2024-09-22,Sunday,9,2024,Beli snack & mie instan baru via e-commerce,Superindo,Belanja,1111000,Pengeluaran,0,BCA,Online,0,Tangerang
TRX02167,2024-04-07,Sunday,4,2024,Beli tiket bensin Pertamax pulang pergi luar kota,MyPertamina,Transportasi,188000,Pengeluaran,0,ShopeePay,Online,0,Denpasar
TRX02168,2024-01-01,Monday,1,2024,Bayar konsultasi dokter dan beli skincare & sabun cuci muka,Halodoc,Kesehatan,506000,Pengeluaran,0,BCA,Online,0,Bengkulu
TRX02169,2024-11-27,Wednesday,11,2024,Bayar sarapan sate ayam di warung langganan,Gacoan,Makanan & Minuman,67000,Pengeluaran,0,Mandiri,Online,0,Tangerang
TRX02170,2024-12-28,Saturday,12,2024,Checkout sate ayam promo diskon sore hari,Mixue,Makanan & Minuman,241000,Pengeluaran,0,OVO,Online,0,Bekasi
TRX02171,2024-03-30,Saturday,3,2024,Beli resep obat flu & pusing dan vitamin di RS Siloam,RS Siloam,Kesehatan,126000,Pengeluaran,0,DANA,Online,0,Denpasar
TRX02172,2025-08-13,Wednesday,8,2025,Bayar ongkos e-toll berangkat kerja di Grab,Grab,Transportasi,165000,Pengeluaran,0,Mandiri,Online,0,Medan
TRX02173,2026-04-30,Thursday,4,2026,Bayar sarapan soto betawi di warung langganan,Bakso Pak Kumis,Makanan & Minuman,49000,Pengeluaran,0,GoPay,Online,0,Medan
TRX02174,2023-03-22,Wednesday,3,2023,Beli tiket nonton film bioskop XXI di DuFan,DuFan,Hiburan,72000,Pengeluaran,0,ShopeePay,Online,0,Yogyakarta
TRX02175,2024-11-01,Friday,11,2024,Reservasi paket tur dan liburan villa pantai,Traveloka,Perjalanan,368000,Pengeluaran,0,BCA,Online,0,Depok
TRX02176,2024-01-14,Sunday,1,2024,Makan nasi goreng pas jam istirahat kantor,Gacoan,Makanan & Minuman,100000,Pengeluaran,0,BNI,Online,0,Denpasar
TRX02177,2023-09-19,Tuesday,9,2023,Bayar konsultasi dokter dan beli obat flu & pusing,Century,Kesehatan,734000,Pengeluaran,0,DANA,Online,0,Bengkulu
TRX02178,2025-10-15,Wednesday,10,2025,Pengeluaran bulanan beli baju kaos di Superindo,Superindo,Belanja,875000,Pengeluaran,0,Mandiri,Online,0,Palembang
TRX02179,2025-01-23,Thursday,1,2025,Penerimaan bonus tahunan masuk ke rekening utama,PT Sukses Bersama,Gaji,5998000,Pemasukan,1,QRIS,Online,0,Malang
TRX02180,2023-05-26,Friday,5,2023,Beli masker dan minyak kayu putih untuk stok rumah,RS Siloam,Kesehatan,323000,Pengeluaran,0,Tunai,Offline,1,Semarang
TRX02181,2024-04-07,Sunday,4,2024,Checkout soto betawi promo diskon sore hari,Mixue,Makanan & Minuman,229000,Pengeluaran,0,Tunai,Offline,1,Bandung
TRX02182,2025-04-14,Monday,4,2025,Pesan kopi susu via aplikasi pesan antar makanan,McDonalds,Makanan & Minuman,33000,Pengeluaran,0,Tunai,Offline,1,Semarang
TRX02183,2024-11-17,Sunday,11,2024,Beli baju kaos dan perlengkapan rumah tangga,Indomaret,Belanja,99000,Pengeluaran,0,QRIS,Online,0,Bandung
TRX02184,2025-11-30,Sunday,11,2025,Bayar rekening wifi internet tepat waktu di PLN,PLN,Utilitas,71000,Pengeluaran,0,GoPay,Online,0,Medan
TRX02185,2025-10-05,Sunday,10,2025,Beli buku buku novel & komik di Coursera,Coursera,Pendidikan,2227000,Pengeluaran,0,BNI,Online,0,Surabaya
TRX02186,2023-09-21,Thursday,9,2023,Checkout detergen & sabun pas diskon tanggal kembar,Alfamart,Belanja,138000,Pengeluaran,0,Mandiri,Online,0,Makassar
TRX02187,2025-03-10,Monday,3,2025,Beli titipan baju kaos pakai voucher belanja,Matahari,Belanja,80000,Pengeluaran,0,DANA,Online,0,Surabaya
TRX02188,2024-10-18,Friday,10,2024,Beli instrumen investasi reksa dana pasar uang bulanan,Bareksa,Investasi,995000,Pengeluaran,0,QRIS,Online,0,Depok
TRX02189,2024-11-28,Thursday,11,2024,Mampir minimarket beli sepatu sneaker stok mingguan,Hypermart,Belanja,1196000,Pengeluaran,0,Tunai,Offline,1,Bengkulu
TRX02190,2025-09-20,Saturday,9,2025,Beli sepatu sneaker baru via e-commerce,Lazada,Belanja,456000,Pengeluaran,0,QRIS,Online,0,Semarang
TRX02191,2023-03-24,Friday,3,2023,Beli burger di Chatime bareng teman,Chatime,Makanan & Minuman,218000,Pengeluaran,0,DANA,Online,0,Tangerang
TRX02192,2024-02-02,Friday,2,2024,Beli titipan tas punggung pakai voucher belanja,Shopee,Belanja,1151000,Pengeluaran,0,ShopeePay,Online,0,Bandung
TRX02193,2025-04-14,Monday,4,2025,Makan boba tea pas jam istirahat kantor,Bakso Pak Kumis,Makanan & Minuman,28000,Pengeluaran,0,Tunai,Offline,1,Makassar
TRX02194,2025-07-13,Sunday,7,2025,Bayar ongkos e-toll berangkat kerja di Gojek,Gojek,Transportasi,139000,Pengeluaran,0,GoPay,Online,0,Malang
TRX02195,2026-04-04,Saturday,4,2026,Beli tiket tiket KRL pulang pergi luar kota,KCI Commuter,Transportasi,56000,Pengeluaran,0,BCA,Online,0,Bekasi
TRX02196,2025-07-16,Wednesday,7,2025,Reservasi paket tur dan liburan tiket pesawat,Lion Air,Perjalanan,3746000,Pengeluaran,0,OVO,Online,0,Bogor
TRX02197,2024-08-30,Friday,8,2024,Beli masker dan minyak kayu putih untuk stok rumah,Guardian,Kesehatan,793000,Pengeluaran,0,DANA,Online,0,Surabaya
TRX02198,2025-12-05,Friday,12,2025,Beli minyak goreng baru via e-commerce,Lazada,Belanja,811000,Pengeluaran,0,Mandiri,Online,0,Bandung
TRX02199,2024-11-07,Thursday,11,2024,Pembayaran paket langganan listrik PLN kecepatan tinggi,Telkomsel,Utilitas,367000,Pengeluaran,0,Mandiri,Online,0,Bandung
TRX02200,2024-01-25,Thursday,1,2024,Pesan sate ayam via aplikasi pesan antar makanan,Bakso Pak Kumis,Makanan & Minuman,213000,Pengeluaran,0,OVO,Online,0,Malang
TRX02201,2026-02-20,Friday,2,2026,Top up reksa dana obligasi negara di Bibit,Bibit,Investasi,2385000,Pengeluaran,0,DANA,Online,0,Bandung
TRX02202,2025-03-26,Wednesday,3,2025,Penerimaan honor freelance masuk ke rekening utama,Client Freelance,Gaji,17983000,Pemasukan,1,BRI,Online,0,Bekasi
TRX02203,2024-03-18,Monday,3,2024,Beli casing hp dan perlengkapan rumah tangga,Shopee,Belanja,765000,Pengeluaran,0,ShopeePay,Online,0,Bandung
TRX02204,2026-02-23,Monday,2,2026,Pesan kendaraan online ojek online pas hujan,KCI Commuter,Transportasi,114000,Pengeluaran,0,BNI,Online,0,Bandung
TRX02205,2026-03-05,Thursday,3,2026,Pencairan honor gaji pokok proyek freelance,PT Sukses Bersama,Gaji,8324000,Pemasukan,1,OVO,Online,0,Malang
TRX02206,2025-01-04,Saturday,1,2025,Bayar rekening pulsa HP tepat waktu di Indihome,Indihome,Utilitas,322000,Pengeluaran,0,BNI,Online,0,Tangerang
TRX02207,2026-02-01,Sunday,2,2026,Mampir minimarket beli minyak goreng stok mingguan,Hypermart,Belanja,174000,Pengeluaran,0,Mandiri,Online,0,Jakarta
TRX02208,2026-02-24,Tuesday,2,2026,Bayar rekening listrik PLN tepat waktu di XL Axiata,XL Axiata,Utilitas,199000,Pengeluaran,0,Mandiri,Online,0,Tangerang
TRX02209,2025-12-18,Thursday,12,2025,Beli baju kaos dan perlengkapan rumah tangga,Uniqlo,Belanja,418000,Pengeluaran,0,OVO,Online,0,Denpasar
TRX02210,2023-11-02,Thursday,11,2023,Mampir beli burger sama minuman segar,Chatime,Makanan & Minuman,175000,Pengeluaran,0,BCA,Online,0,Bogor
TRX02211,2023-12-03,Sunday,12,2023,Bayar tagihan listrik PLN bulanan rumah tangga,Biznet,Utilitas,576000,Pengeluaran,0,OVO,Online,0,Malang
TRX02212,2025-03-11,Tuesday,3,2025,Beli buku buku koding Python di Coursera,Coursera,Pendidikan,578000,Pengeluaran,0,OVO,Online,0,Denpasar
TRX02213,2024-02-18,Sunday,2,2024,Checkout pizza promo diskon sore hari,Bakso Pak Kumis,Makanan & Minuman,225000,Pengeluaran,0,BCA,Online,0,Jakarta
TRX02214,2023-05-16,Tuesday,5,2023,Belanja kebutuhan harian snack & mie instan di Alfamart,Alfamart,Belanja,625000,Pengeluaran,0,BNI,Online,0,Bogor
TRX02215,2024-10-20,Sunday,10,2024,Bayar sarapan ayam geprek di warung langganan,Solaria,Makanan & Minuman,238000,Pengeluaran,0,DANA,Online,0,Bengkulu
TRX02216,2025-04-22,Tuesday,4,2025,Gaji pokok bulanan dari PT Nusantara Digital,PT Nusantara Digital,Gaji,12668000,Pemasukan,1,QRIS,Online,0,Jakarta
TRX02217,2025-10-11,Saturday,10,2025,Mampir minimarket beli snack & mie instan stok mingguan,Matahari,Belanja,357000,Pengeluaran,0,Tunai,Offline,1,Yogyakarta
TRX02218,2023-10-14,Saturday,10,2023,Beli tiket bensin Pertamax pulang pergi luar kota,Bluebird,Transportasi,45000,Pengeluaran,0,GoPay,Online,0,Jakarta
TRX02219,2026-02-11,Wednesday,2,2026,Tebus resep obat suplemen imun di apotek langganan,Guardian,Kesehatan,423000,Pengeluaran,0,BRI,Online,0,Malang
TRX02220,2026-05-17,Sunday,5,2026,Makan malam nasi goreng bareng keluarga,Chatime,Makanan & Minuman,149000,Pengeluaran,0,QRIS,Online,0,Surabaya
TRX02221,2024-02-04,Sunday,2,2024,Makan kopi susu pas jam istirahat kantor,Kopi Kenangan,Makanan & Minuman,48000,Pengeluaran,0,GoPay,Online,0,Makassar
TRX02222,2023-12-17,Sunday,12,2023,Jajanan bakso urat pas nongkrong malam minggu,Solaria,Makanan & Minuman,154000,Pengeluaran,0,DANA,Online,0,Jakarta
TRX02223,2024-02-24,Saturday,2,2024,Beli resep obat flu & pusing dan vitamin di Apotek K-24,Apotek K-24,Kesehatan,647000,Pengeluaran,0,Tunai,Offline,1,Palembang
TRX02224,2023-08-19,Saturday,8,2023,Checkout kopi susu promo diskon sore hari,Solaria,Makanan & Minuman,48000,Pengeluaran,0,ShopeePay,Online,0,Malang
TRX02225,2024-12-07,Saturday,12,2024,Mampir minimarket beli casing hp stok mingguan,Shopee,Belanja,177000,Pengeluaran,0,ShopeePay,Online,0,Semarang
TRX02226,2024-09-20,Friday,9,2024,Beli titipan sepatu sneaker pakai voucher belanja,Alfamart,Belanja,686000,Pengeluaran,0,Tunai,Offline,1,Bogor
TRX02227,2025-03-21,Friday,3,2025,Mampir minimarket beli baju kaos stok mingguan,Alfamart,Belanja,589000,Pengeluaran,0,BCA,Online,0,Medan
TRX02228,2025-07-14,Monday,7,2025,Makan malam bakso urat bareng keluarga,Chatime,Makanan & Minuman,135000,Pengeluaran,0,BRI,Online,0,Depok
TRX02229,2025-08-06,Wednesday,8,2025,Beli bensin e-toll di SPBU langganan,TransJakarta,Transportasi,57000,Pengeluaran,0,BNI,Online,0,Jakarta
TRX02230,2023-11-27,Monday,11,2023,Pencairan honor payroll bulanan proyek freelance,Client Freelance,Gaji,9476000,Pemasukan,1,BNI,Online,0,Bengkulu
TRX02231,2024-02-01,Thursday,2,2024,Beli sepatu sneaker baru via e-commerce,Hypermart,Belanja,1143000,Pengeluaran,0,DANA,Online,0,Tangerang
TRX02232,2026-05-27,Wednesday,5,2026,Beli titipan casing hp pakai voucher belanja,Hypermart,Belanja,1129000,Pengeluaran,0,Tunai,Offline,1,Surabaya
TRX02233,2025-11-21,Friday,11,2025,Beli mie ayam di Warung Makan bareng teman,Warung Makan,Makanan & Minuman,101000,Pengeluaran,0,Tunai,Offline,1,Tangerang
TRX02234,2025-07-09,Wednesday,7,2025,Alokasi investasi berkala obligasi negara,Bibit,Investasi,1749000,Pengeluaran,0,BNI,Online,0,Yogyakarta
TRX02235,2025-09-06,Saturday,9,2025,Beli bensin taksi online di SPBU langganan,Bluebird,Transportasi,113000,Pengeluaran,0,ShopeePay,Online,0,Tangerang
TRX02236,2023-10-28,Saturday,10,2023,Beli tiket nonton game Steam di CGV,CGV,Hiburan,222000,Pengeluaran,0,ShopeePay,Online,0,Bandung
TRX02237,2023-06-22,Thursday,6,2023,Gaji pokok bulanan dari PT Teknologi Karya,PT Teknologi Karya,Gaji,14945000,Pemasukan,1,GoPay,Online,0,Bengkulu
TRX02238,2023-11-23,Thursday,11,2023,Beli boba tea di Solaria bareng teman,Solaria,Makanan & Minuman,213000,Pengeluaran,0,DANA,Online,0,Depok
TRX02239,2023-08-03,Thursday,8,2023,Gaji pokok bulanan dari Client Freelance,Client Freelance,Gaji,5887000,Pemasukan,1,ShopeePay,Online,0,Bengkulu
TRX02240,2023-12-23,Saturday,12,2023,Checkout ayam geprek promo diskon sore hari,Sederhana,Makanan & Minuman,160000,Pengeluaran,0,DANA,Online,0,Tangerang
TRX02241,2026-05-01,Friday,5,2026,Beli instrumen investasi aset kripto bulanan,Pintu,Investasi,1861000,Pengeluaran,0,ShopeePay,Online,0,Semarang
TRX02242,2026-01-24,Saturday,1,2026,Beli tiket nonton Netflix 1 bulan di XXI Cinema,XXI Cinema,Hiburan,199000,Pengeluaran,0,BCA,Online,0,Malang
TRX02243,2024-04-15,Monday,4,2024,Pencairan honor honor freelance proyek freelance,Bank Central,Gaji,11717000,Pemasukan,1,ShopeePay,Online,0,Semarang
TRX02244,2023-09-24,Sunday,9,2023,Beli titipan minyak goreng pakai voucher belanja,Matahari,Belanja,1073000,Pengeluaran,0,BNI,Online,0,Bengkulu
TRX02245,2023-06-22,Thursday,6,2023,Beli titipan tas punggung pakai voucher belanja,Blibli,Belanja,98000,Pengeluaran,0,DANA,Online,0,Surabaya
TRX02246,2025-01-01,Wednesday,1,2025,Beli perlengkapan alat tulis sertifikasi AI kuliah,Ruangguru,Pendidikan,1933000,Pengeluaran,0,OVO,Online,0,Yogyakarta
TRX02247,2024-02-06,Tuesday,2,2024,Pembayaran paket langganan listrik PLN kecepatan tinggi,Indihome,Utilitas,512000,Pengeluaran,0,QRIS,Online,0,Palembang
TRX02248,2023-06-09,Friday,6,2023,Alokasi investasi berkala obligasi negara,Bibit,Investasi,2600000,Pengeluaran,0,ShopeePay,Online,0,Yogyakarta
TRX02249,2025-02-26,Wednesday,2,2025,Isi ulang pulsa dan kuota gas LPG harian,XL Axiata,Utilitas,207000,Pengeluaran,0,BRI,Online,0,Makassar
TRX02250,2025-11-23,Sunday,11,2025,Pencairan honor gaji pokok proyek freelance,Client Freelance,Gaji,13928000,Pemasukan,1,ShopeePay,Online,0,Jakarta
TRX02251,2025-03-27,Thursday,3,2025,Penerimaan insentif proyek masuk ke rekening utama,PT Teknologi Karya,Gaji,12325000,Pemasukan,1,BCA,Online,0,Bengkulu
TRX02252,2025-01-08,Wednesday,1,2025,Sewa kendaraan taksi online untuk perjalanan harian,Bluebird,Transportasi,168000,Pengeluaran,0,GoPay,Online,0,Bengkulu
TRX02253,2025-07-24,Thursday,7,2025,Beli token listrik PLN prabayar via m-banking,PLN,Utilitas,336000,Pengeluaran,0,ShopeePay,Online,0,Bandung
TRX02254,2024-12-02,Monday,12,2024,Bayar langganan bulanan game Steam streaming,Spotify,Hiburan,298000,Pengeluaran,0,OVO,Online,0,Yogyakarta
TRX02255,2026-04-30,Thursday,4,2026,Beli titipan minyak goreng pakai voucher belanja,Tokopedia,Belanja,627000,Pengeluaran,0,Tunai,Offline,1,Medan
TRX02256,2026-07-22,Wednesday,7,2026,Alokasi investasi berkala aset kripto,Indodax,Investasi,1010000,Pengeluaran,0,Mandiri,Online,0,Denpasar
TRX02257,2026-03-18,Wednesday,3,2026,Bayar biaya kursus online buku novel & komik,Udemy,Pendidikan,1167000,Pengeluaran,0,BNI,Online,0,Bengkulu
TRX02258,2024-11-02,Saturday,11,2024,Pesan soto betawi via aplikasi pesan antar makanan,Warung Makan,Makanan & Minuman,248000,Pengeluaran,0,OVO,Online,0,Bandung
TRX02259,2026-03-24,Tuesday,3,2026,Bayar sarapan kopi susu di warung langganan,Sederhana,Makanan & Minuman,102000,Pengeluaran,0,GoPay,Online,0,Surabaya
TRX02260,2024-04-02,Tuesday,4,2024,Langganan fitur premium film bioskop XXI bulanan,Steam,Hiburan,393000,Pengeluaran,0,OVO,Online,0,Makassar
TRX02261,2025-01-19,Sunday,1,2025,Mampir beli burger sama minuman segar,Kopi Kenangan,Makanan & Minuman,113000,Pengeluaran,0,ShopeePay,Online,0,Makassar
TRX02262,2023-02-02,Thursday,2,2023,Transfer insentif proyek atas hasil kerja keras sebulan,Client Freelance,Gaji,10846000,Pemasukan,1,BCA,Online,0,Medan
TRX02263,2024-09-19,Thursday,9,2024,Pencairan honor payroll bulanan proyek freelance,PT Nusantara Digital,Gaji,5941000,Pemasukan,1,BNI,Online,0,Depok
TRX02264,2025-09-12,Friday,9,2025,Gaji pokok bulanan dari PT Teknologi Karya,PT Teknologi Karya,Gaji,14431000,Pemasukan,1,Mandiri,Online,0,Semarang
TRX02265,2023-03-19,Sunday,3,2023,Makan malam kopi susu bareng keluarga,Warung Makan,Makanan & Minuman,93000,Pengeluaran,0,Tunai,Offline,1,Semarang
TRX02266,2025-07-18,Friday,7,2025,Makan kopi susu pas jam istirahat kantor,Warung Makan,Makanan & Minuman,70000,Pengeluaran,0,GoPay,Online,0,Malang
TRX02267,2024-03-15,Friday,3,2024,Beli resep minyak kayu putih dan vitamin di Alodokter,Alodokter,Kesehatan,273000,Pengeluaran,0,DANA,Online,0,Bogor
TRX02268,2024-10-11,Friday,10,2024,Pesan sate ayam via aplikasi pesan antar makanan,Sederhana,Makanan & Minuman,193000,Pengeluaran,0,BNI,Online,0,Semarang
TRX02269,2023-06-28,Wednesday,6,2023,Jajanan ayam geprek pas nongkrong malam minggu,Warung Makan,Makanan & Minuman,113000,Pengeluaran,0,BNI,Online,0,Bekasi
TRX02270,2026-04-26,Sunday,4,2026,Bayar rekening gas LPG tepat waktu di PLN,PLN,Utilitas,184000,Pengeluaran,0,DANA,Online,0,Jakarta
TRX02271,2024-07-10,Wednesday,7,2024,Mampir minimarket beli minyak goreng stok mingguan,Shopee,Belanja,358000,Pengeluaran,0,GoPay,Online,0,Denpasar
TRX02272,2025-05-26,Monday,5,2025,Beli titipan roti sobek pakai voucher belanja,Uniqlo,Belanja,946000,Pengeluaran,0,QRIS,Online,0,Semarang
TRX02273,2023-12-10,Sunday,12,2023,Checkout burger promo diskon sore hari,Warung Makan,Makanan & Minuman,204000,Pengeluaran,0,QRIS,Online,0,Denpasar
TRX02274,2026-07-18,Saturday,7,2026,Beli roti sobek dan perlengkapan rumah tangga,Matahari,Belanja,674000,Pengeluaran,0,QRIS,Online,0,Bandung
TRX02275,2025-10-25,Saturday,10,2025,Makan bakso urat pas jam istirahat kantor,Sederhana,Makanan & Minuman,222000,Pengeluaran,0,GoPay,Online,0,Jakarta
TRX02276,2023-10-06,Friday,10,2023,Beli buku buku koding Python di Gramedia,Gramedia,Pendidikan,738000,Pengeluaran,0,QRIS,Online,0,Makassar
TRX02277,2024-04-15,Monday,4,2024,Gaji pokok bulanan dari PT Teknologi Karya,PT Teknologi Karya,Gaji,7796000,Pemasukan,1,BNI,Online,0,Tangerang
TRX02278,2024-10-29,Tuesday,10,2024,Beli tiket nonton Netflix 1 bulan di CGV,CGV,Hiburan,195000,Pengeluaran,0,GoPay,Online,0,Yogyakarta
TRX02279,2023-03-11,Saturday,3,2023,Bayar rekening gas LPG tepat waktu di XL Axiata,XL Axiata,Utilitas,236000,Pengeluaran,0,BNI,Online,0,Semarang
TRX02280,2024-09-13,Friday,9,2024,Mampir minimarket beli roti sobek stok mingguan,Lazada,Belanja,1029000,Pengeluaran,0,Tunai,Offline,1,Bogor
TRX02281,2024-03-30,Saturday,3,2024,Pengeluaran bulanan beli snack & mie instan di Blibli,Blibli,Belanja,871000,Pengeluaran,0,Tunai,Offline,1,Jakarta
TRX02282,2023-09-23,Saturday,9,2023,Beli sepatu sneaker dan perlengkapan rumah tangga,Lazada,Belanja,614000,Pengeluaran,0,Tunai,Offline,1,Surabaya
TRX02283,2025-12-12,Friday,12,2025,Makan burger pas jam istirahat kantor,McDonalds,Makanan & Minuman,203000,Pengeluaran,0,Tunai,Offline,1,Bogor
TRX02284,2023-05-09,Tuesday,5,2023,Beli ayam geprek di Sederhana bareng teman,Sederhana,Makanan & Minuman,175000,Pengeluaran,0,BNI,Online,0,Jakarta
TRX02285,2025-02-11,Tuesday,2,2025,Beli bensin e-toll di SPBU langganan,Grab,Transportasi,116000,Pengeluaran,0,QRIS,Online,0,Yogyakarta
TRX02286,2023-11-24,Friday,11,2023,Checkout soto betawi promo diskon sore hari,Mixue,Makanan & Minuman,21000,Pengeluaran,0,DANA,Online,0,Palembang
TRX02287,2025-11-28,Friday,11,2025,Beli bensin bensin Pertamax di SPBU langganan,TransJakarta,Transportasi,99000,Pengeluaran,0,DANA,Online,0,Yogyakarta
TRX02288,2024-10-19,Saturday,10,2024,Mampir minimarket beli snack & mie instan stok mingguan,Uniqlo,Belanja,302000,Pengeluaran,0,BCA,Online,0,Makassar
TRX02289,2023-10-19,Thursday,10,2023,Bonus kinerja dan honor freelance dari perusahaan,Bank Central,Gaji,11400000,Pemasukan,1,BNI,Online,0,Palembang
TRX02290,2023-04-19,Wednesday,4,2023,Bayar tagihan pulsa HP bulanan rumah tangga,Indihome,Utilitas,530000,Pengeluaran,0,BRI,Online,0,Surabaya
TRX02291,2025-07-25,Friday,7,2025,Gaji pokok bulanan dari PT Teknologi Karya,PT Teknologi Karya,Gaji,9599000,Pemasukan,1,BCA,Online,0,Makassar
TRX02292,2024-01-08,Monday,1,2024,Bayar sarapan pizza di warung langganan,Sederhana,Makanan & Minuman,204000,Pengeluaran,0,BRI,Online,0,Surabaya
TRX02293,2025-05-24,Saturday,5,2025,Beli resep minyak kayu putih dan vitamin di Guardian,Guardian,Kesehatan,685000,Pengeluaran,0,ShopeePay,Online,0,Denpasar
TRX02294,2023-10-22,Sunday,10,2023,Checkout boba tea promo diskon sore hari,McDonalds,Makanan & Minuman,194000,Pengeluaran,0,ShopeePay,Online,0,Medan
TRX02295,2024-10-17,Thursday,10,2024,Isi ulang pulsa dan kuota wifi internet harian,Telkomsel,Utilitas,175000,Pengeluaran,0,DANA,Online,0,Bekasi
TRX02296,2025-08-06,Wednesday,8,2025,Beli bensin bensin Pertamax di SPBU langganan,TransJakarta,Transportasi,110000,Pengeluaran,0,QRIS,Online,0,Medan
TRX02297,2023-02-10,Friday,2,2023,Pencairan honor insentif proyek proyek freelance,PT Sukses Bersama,Gaji,19822000,Pemasukan,1,BNI,Online,0,Bandung
TRX02298,2025-07-04,Friday,7,2025,Penerimaan honor freelance masuk ke rekening utama,Bank Central,Gaji,9620000,Pemasukan,1,BRI,Online,0,Yogyakarta
TRX02299,2023-05-24,Wednesday,5,2023,Jajanan kopi susu pas nongkrong malam minggu,Warung Makan,Makanan & Minuman,209000,Pengeluaran,0,DANA,Online,0,Bekasi
TRX02300,2023-08-19,Saturday,8,2023,Bayar sarapan ayam geprek di warung langganan,Warung Makan,Makanan & Minuman,48000,Pengeluaran,0,Tunai,Offline,1,Tangerang
TRX02301,2023-07-21,Friday,7,2023,Beli mie ayam di Warung Makan bareng teman,Warung Makan,Makanan & Minuman,155000,Pengeluaran,0,Tunai,Offline,1,Jakarta
TRX02302,2023-04-02,Sunday,4,2023,Beli tas punggung baru via e-commerce,Lazada,Belanja,978000,Pengeluaran,0,ShopeePay,Online,0,Bogor
TRX02303,2026-03-11,Wednesday,3,2026,Pengeluaran bulanan beli minyak goreng di Shopee,Shopee,Belanja,1078000,Pengeluaran,0,Mandiri,Online,0,Bengkulu
TRX02304,2025-12-31,Wednesday,12,2025,Checkout detergen & sabun pas diskon tanggal kembar,Alfamart,Belanja,60000,Pengeluaran,0,QRIS,Online,0,Medan
TRX02305,2025-03-05,Wednesday,3,2025,Transfer payroll bulanan atas hasil kerja keras sebulan,Bank Central,Gaji,7087000,Pemasukan,1,DANA,Online,0,Surabaya
TRX02306,2024-12-11,Wednesday,12,2024,Beli masker dan vitamin C untuk stok rumah,Apotek K-24,Kesehatan,125000,Pengeluaran,0,Tunai,Offline,1,Bandung
TRX02307,2026-03-28,Saturday,3,2026,Beli boba tea di Sederhana bareng teman,Sederhana,Makanan & Minuman,38000,Pengeluaran,0,DANA,Online,0,Semarang
TRX02308,2025-11-13,Thursday,11,2025,Beli kopi susu di Sederhana bareng teman,Sederhana,Makanan & Minuman,162000,Pengeluaran,0,DANA,Online,0,Surabaya
TRX02309,2024-03-06,Wednesday,3,2024,Pencairan honor gaji pokok proyek freelance,Client Freelance,Gaji,7273000,Pemasukan,1,BRI,Online,0,Palembang
TRX02310,2023-04-10,Monday,4,2023,Gaji pokok bulanan dari PT Teknologi Karya,PT Teknologi Karya,Gaji,8657000,Pemasukan,1,BNI,Online,0,Bogor
TRX02311,2025-07-31,Thursday,7,2025,Belanja kebutuhan harian detergen & sabun di Tokopedia,Tokopedia,Belanja,207000,Pengeluaran,0,Tunai,Offline,1,Palembang
TRX02312,2025-04-04,Friday,4,2025,Makan nasi goreng pas jam istirahat kantor,McDonalds,Makanan & Minuman,173000,Pengeluaran,0,DANA,Online,0,Bandung
TRX02313,2024-12-03,Tuesday,12,2024,Gaji pokok bulanan dari Bank Central,Bank Central,Gaji,9986000,Pemasukan,1,Mandiri,Online,0,Jakarta
TRX02314,2024-08-24,Saturday,8,2024,Transfer honor freelance atas hasil kerja keras sebulan,Client Freelance,Gaji,10328000,Pemasukan,1,ShopeePay,Online,0,Jakarta
TRX02315,2024-01-02,Tuesday,1,2024,Bayar tagihan gas LPG bulanan rumah tangga,Telkomsel,Utilitas,203000,Pengeluaran,0,QRIS,Online,0,Bandung
TRX02316,2023-07-25,Tuesday,7,2023,Makan malam burger bareng keluarga,Gacoan,Makanan & Minuman,175000,Pengeluaran,0,GoPay,Online,0,Bogor
TRX02317,2023-01-18,Wednesday,1,2023,Gaji pokok bulanan dari PT Sukses Bersama,PT Sukses Bersama,Gaji,12895000,Pemasukan,1,OVO,Online,0,Bandung
TRX02318,2023-02-05,Sunday,2,2023,Beli perlengkapan vitamin C dan obat flu,Century,Kesehatan,388000,Pengeluaran,0,BNI,Online,0,Tangerang
TRX02319,2023-01-03,Tuesday,1,2023,Beli masker dan minyak kayu putih untuk stok rumah,Apotek K-24,Kesehatan,383000,Pengeluaran,0,Tunai,Offline,1,Bekasi
TRX02320,2026-04-09,Thursday,4,2026,Beli token listrik PLN prabayar via m-banking,PLN,Utilitas,514000,Pengeluaran,0,BNI,Online,0,Bandung
TRX02321,2024-07-18,Thursday,7,2024,Checkout burger promo diskon sore hari,Warung Makan,Makanan & Minuman,153000,Pengeluaran,0,QRIS,Online,0,Tangerang
TRX02322,2023-09-24,Sunday,9,2023,Makan sate ayam pas jam istirahat kantor,Gacoan,Makanan & Minuman,242000,Pengeluaran,0,BRI,Online,0,Jakarta
TRX02323,2023-10-16,Monday,10,2023,Booking penginapan dan hotel villa pantai liburan,Traveloka,Perjalanan,3264000,Pengeluaran,0,BRI,Online,0,Yogyakarta
TRX02324,2024-04-17,Wednesday,4,2024,Beli token listrik PLN prabayar via m-banking,Telkomsel,Utilitas,112000,Pengeluaran,0,DANA,Online,0,Bekasi
TRX02325,2023-06-24,Saturday,6,2023,Mampir minimarket beli detergen & sabun stok mingguan,Matahari,Belanja,492000,Pengeluaran,0,Tunai,Offline,1,Bogor
TRX02326,2024-07-30,Tuesday,7,2024,Pelunasan iuran wifi internet biar aliran tetap lancar,PDAM,Utilitas,317000,Pengeluaran,0,BRI,Online,0,Bogor
TRX02327,2026-07-17,Friday,7,2026,Penerimaan insentif proyek masuk ke rekening utama,PT Teknologi Karya,Gaji,11682000,Pemasukan,1,BCA,Online,0,Surabaya
TRX02328,2023-02-04,Saturday,2,2023,Pencairan honor honor freelance proyek freelance,Client Freelance,Gaji,18293000,Pemasukan,1,GoPay,Online,0,Palembang
TRX02329,2024-09-23,Monday,9,2024,Pencairan honor honor freelance proyek freelance,PT Sukses Bersama,Gaji,14904000,Pemasukan,1,GoPay,Online,0,Semarang
TRX02330,2025-05-20,Tuesday,5,2025,Tebus resep obat skincare & sabun cuci muka di apotek langganan,Apotek K-24,Kesehatan,138000,Pengeluaran,0,Tunai,Offline,1,Tangerang
TRX02331,2024-05-29,Wednesday,5,2024,Bayar tagihan listrik PLN bulanan rumah tangga,PLN,Utilitas,110000,Pengeluaran,0,BNI,Online,0,Tangerang
TRX02332,2025-11-19,Wednesday,11,2025,Makan malam nasi goreng bareng keluarga,Bakso Pak Kumis,Makanan & Minuman,156000,Pengeluaran,0,Tunai,Offline,1,Yogyakarta
TRX02333,2025-03-27,Thursday,3,2025,Checkout tas punggung pas diskon tanggal kembar,Indomaret,Belanja,892000,Pengeluaran,0,ShopeePay,Online,0,Jakarta
TRX02334,2025-11-24,Monday,11,2025,Makan soto betawi pas jam istirahat kantor,Warung Makan,Makanan & Minuman,52000,Pengeluaran,0,BNI,Online,0,Makassar
TRX02335,2023-05-05,Friday,5,2023,Bayar tagihan gas LPG bulanan rumah tangga,Biznet,Utilitas,468000,Pengeluaran,0,DANA,Online,0,Surabaya
TRX02336,2024-05-19,Sunday,5,2024,Makan boba tea pas jam istirahat kantor,Bakso Pak Kumis,Makanan & Minuman,27000,Pengeluaran,0,QRIS,Online,0,Makassar
TRX02337,2025-12-22,Monday,12,2025,Beli instrumen investasi aset kripto bulanan,Stockbit,Investasi,1740000,Pengeluaran,0,BRI,Online,0,Surabaya
TRX02338,2024-02-07,Wednesday,2,2024,Pesan mie ayam via aplikasi pesan antar makanan,Sederhana,Makanan & Minuman,104000,Pengeluaran,0,ShopeePay,Online,0,Bengkulu
TRX02339,2024-12-28,Saturday,12,2024,Mampir minimarket beli snack & mie instan stok mingguan,Hypermart,Belanja,85000,Pengeluaran,0,Tunai,Offline,1,Denpasar
TRX02340,2023-01-12,Thursday,1,2023,Checkout roti sobek pas diskon tanggal kembar,Shopee,Belanja,925000,Pengeluaran,0,OVO,Online,0,Depok
TRX02341,2025-03-17,Monday,3,2025,Beli baju kaos dan perlengkapan rumah tangga,Tokopedia,Belanja,156000,Pengeluaran,0,BRI,Online,0,Bekasi
TRX02342,2025-08-30,Saturday,8,2025,Makan malam sate ayam bareng keluarga,Gacoan,Makanan & Minuman,121000,Pengeluaran,0,QRIS,Online,0,Makassar
TRX02343,2026-07-07,Tuesday,7,2026,Penerimaan gaji pokok masuk ke rekening utama,PT Nusantara Digital,Gaji,18145000,Pemasukan,1,DANA,Online,0,Bengkulu
TRX02344,2025-08-15,Friday,8,2025,Beli nasi goreng di Chatime bareng teman,Chatime,Makanan & Minuman,206000,Pengeluaran,0,Mandiri,Online,0,Denpasar
TRX02345,2026-02-04,Wednesday,2,2026,Beli sate ayam di Sederhana bareng teman,Sederhana,Makanan & Minuman,95000,Pengeluaran,0,Tunai,Offline,1,Bekasi
TRX02346,2023-05-15,Monday,5,2023,Beli detergen & sabun dan perlengkapan rumah tangga,Tokopedia,Belanja,1052000,Pengeluaran,0,Tunai,Offline,1,Malang
TRX02347,2024-09-01,Sunday,9,2024,Bonus kinerja dan honor freelance dari perusahaan,Bank Central,Gaji,19648000,Pemasukan,1,Mandiri,Online,0,Bengkulu
TRX02348,2023-05-14,Sunday,5,2023,Makan soto betawi pas jam istirahat kantor,Sederhana,Makanan & Minuman,223000,Pengeluaran,0,ShopeePay,Online,0,Bekasi
TRX02349,2024-08-22,Thursday,8,2024,Pesan bakso urat via aplikasi pesan antar makanan,Solaria,Makanan & Minuman,70000,Pengeluaran,0,BCA,Online,0,Yogyakarta
TRX02350,2025-09-09,Tuesday,9,2025,Gaji pokok bulanan dari PT Teknologi Karya,PT Teknologi Karya,Gaji,14061000,Pemasukan,1,OVO,Online,0,Bandung
TRX02351,2024-03-07,Thursday,3,2024,Beli tiket e-toll pulang pergi luar kota,KCI Commuter,Transportasi,39000,Pengeluaran,0,DANA,Online,0,Tangerang
TRX02352,2023-01-31,Tuesday,1,2023,Makan malam ayam geprek bareng keluarga,Chatime,Makanan & Minuman,232000,Pengeluaran,0,BRI,Online,0,Jakarta
TRX02353,2024-03-14,Thursday,3,2024,Beli token gas LPG prabayar via m-banking,Pertagas,Utilitas,158000,Pengeluaran,0,BNI,Online,0,Palembang
TRX02354,2023-04-23,Sunday,4,2023,Beli perlengkapan obat flu & pusing dan obat flu,Guardian,Kesehatan,127000,Pengeluaran,0,ShopeePay,Online,0,Tangerang
TRX02355,2023-06-21,Wednesday,6,2023,Jajanan pizza pas nongkrong malam minggu,Sederhana,Makanan & Minuman,245000,Pengeluaran,0,Tunai,Offline,1,Surabaya
TRX02356,2023-06-21,Wednesday,6,2023,Booking penginapan dan hotel tiket kereta api liburan,Traveloka,Perjalanan,878000,Pengeluaran,0,ShopeePay,Online,0,Depok
TRX02357,2025-03-28,Friday,3,2025,Bayar langganan bulanan wahana rekreasi streaming,Spotify,Hiburan,112000,Pengeluaran,0,BNI,Online,0,Yogyakarta
TRX02358,2024-12-30,Monday,12,2024,Isi ulang pulsa dan kuota gas LPG harian,Biznet,Utilitas,569000,Pengeluaran,0,GoPay,Online,0,Yogyakarta
TRX02359,2023-01-24,Tuesday,1,2023,Pelunasan iuran listrik PLN biar aliran tetap lancar,PLN,Utilitas,97000,Pengeluaran,0,OVO,Online,0,Yogyakarta
TRX02360,2024-10-17,Thursday,10,2024,Beli token air PDAM prabayar via m-banking,PDAM,Utilitas,439000,Pengeluaran,0,BNI,Online,0,Semarang
TRX02361,2026-05-04,Monday,5,2026,Beli sepatu sneaker baru via e-commerce,Indomaret,Belanja,1048000,Pengeluaran,0,QRIS,Online,0,Tangerang
TRX02362,2023-12-05,Tuesday,12,2023,Pencairan honor payroll bulanan proyek freelance,Client Freelance,Gaji,8429000,Pemasukan,1,DANA,Online,0,Bekasi
TRX02363,2025-03-14,Friday,3,2025,Transfer gaji pokok atas hasil kerja keras sebulan,Client Freelance,Gaji,4913000,Pemasukan,1,GoPay,Online,0,Medan
TRX02364,2023-08-30,Wednesday,8,2023,Belanja kebutuhan harian roti sobek di Indomaret,Indomaret,Belanja,751000,Pengeluaran,0,DANA,Online,0,Depok
TRX02365,2026-02-04,Wednesday,2,2026,Transfer honor freelance atas hasil kerja keras sebulan,PT Teknologi Karya,Gaji,10844000,Pemasukan,1,GoPay,Online,0,Bekasi
TRX02366,2025-02-11,Tuesday,2,2025,Checkout roti sobek pas diskon tanggal kembar,Blibli,Belanja,624000,Pengeluaran,0,OVO,Online,0,Bekasi
TRX02367,2024-08-02,Friday,8,2024,Beli masker dan suplemen imun untuk stok rumah,Alodokter,Kesehatan,284000,Pengeluaran,0,OVO,Online,0,Jakarta
TRX02368,2024-06-28,Friday,6,2024,Bayar tagihan air PDAM bulanan rumah tangga,Telkomsel,Utilitas,504000,Pengeluaran,0,BCA,Online,0,Bandung
TRX02369,2026-02-22,Sunday,2,2026,Checkout sepatu sneaker pas diskon tanggal kembar,Hypermart,Belanja,753000,Pengeluaran,0,Mandiri,Online,0,Bogor
TRX02370,2026-07-14,Tuesday,7,2026,Belanja kebutuhan harian sepatu sneaker di Lazada,Lazada,Belanja,1054000,Pengeluaran,0,Mandiri,Online,0,Semarang
TRX02371,2025-12-30,Tuesday,12,2025,Beli casing hp baru via e-commerce,Lazada,Belanja,109000,Pengeluaran,0,BRI,Online,0,Semarang
TRX02372,2025-03-20,Thursday,3,2025,Pembayaran paket langganan gas LPG kecepatan tinggi,Pertagas,Utilitas,119000,Pengeluaran,0,OVO,Online,0,Jakarta
TRX02373,2026-06-30,Tuesday,6,2026,Beli resep skincare & sabun cuci muka dan vitamin di Kimia Farma,Kimia Farma,Kesehatan,249000,Pengeluaran,0,BNI,Online,0,Malang
TRX02374,2024-05-23,Thursday,5,2024,Beli titipan sepatu sneaker pakai voucher belanja,Matahari,Belanja,443000,Pengeluaran,0,BNI,Online,0,Medan
TRX02375,2024-03-12,Tuesday,3,2024,Pelunasan iuran listrik PLN biar aliran tetap lancar,XL Axiata,Utilitas,241000,Pengeluaran,0,Mandiri,Online,0,Jakarta
TRX02376,2024-06-05,Wednesday,6,2024,Mampir minimarket beli baju kaos stok mingguan,Lazada,Belanja,705000,Pengeluaran,0,BCA,Online,0,Depok
TRX02377,2023-12-06,Wednesday,12,2023,Mampir minimarket beli snack & mie instan stok mingguan,Superindo,Belanja,321000,Pengeluaran,0,BNI,Online,0,Palembang
TRX02378,2024-10-13,Sunday,10,2024,Transfer insentif proyek atas hasil kerja keras sebulan,PT Teknologi Karya,Gaji,4425000,Pemasukan,1,OVO,Online,0,Palembang
TRX02379,2023-05-10,Wednesday,5,2023,Pembayaran paket langganan listrik PLN kecepatan tinggi,Pertagas,Utilitas,179000,Pengeluaran,0,QRIS,Online,0,Malang
TRX02380,2026-01-07,Wednesday,1,2026,Pencairan honor gaji pokok proyek freelance,Bank Central,Gaji,3593000,Pemasukan,1,OVO,Online,0,Yogyakarta
TRX02381,2026-02-02,Monday,2,2026,Jajanan bakso urat pas nongkrong malam minggu,Chatime,Makanan & Minuman,84000,Pengeluaran,0,BNI,Online,0,Tangerang
TRX02382,2024-04-08,Monday,4,2024,Tebus resep obat vitamin C di apotek langganan,Century,Kesehatan,671000,Pengeluaran,0,QRIS,Online,0,Denpasar
TRX02383,2025-05-14,Wednesday,5,2025,Gaji pokok bulanan dari Bank Central,Bank Central,Gaji,16470000,Pemasukan,1,ShopeePay,Online,0,Yogyakarta
TRX02384,2024-09-30,Monday,9,2024,Pembayaran UKT semesteran sertifikasi AI,Coursera,Pendidikan,2920000,Pengeluaran,0,BNI,Online,0,Makassar
TRX02385,2024-11-27,Wednesday,11,2024,Penerimaan gaji pokok masuk ke rekening utama,PT Sukses Bersama,Gaji,7567000,Pemasukan,1,BRI,Online,0,Bekasi
TRX02386,2026-05-11,Monday,5,2026,Transfer honor freelance atas hasil kerja keras sebulan,PT Nusantara Digital,Gaji,11573000,Pemasukan,1,OVO,Online,0,Depok
TRX02387,2023-04-02,Sunday,4,2023,Belanja kebutuhan harian tas punggung di Indomaret,Indomaret,Belanja,890000,Pengeluaran,0,BCA,Online,0,Medan
TRX02388,2026-05-05,Tuesday,5,2026,Isi ulang pulsa dan kuota air PDAM harian,XL Axiata,Utilitas,371000,Pengeluaran,0,Mandiri,Online,0,Palembang
TRX02389,2023-09-15,Friday,9,2023,Checkout sate ayam promo diskon sore hari,Sederhana,Makanan & Minuman,110000,Pengeluaran,0,OVO,Online,0,Yogyakarta
TRX02390,2023-01-16,Monday,1,2023,Mampir beli pizza sama minuman segar,Sederhana,Makanan & Minuman,221000,Pengeluaran,0,Tunai,Offline,1,Denpasar
TRX02391,2026-04-03,Friday,4,2026,Mampir minimarket beli snack & mie instan stok mingguan,Alfamart,Belanja,793000,Pengeluaran,0,QRIS,Online,0,Tangerang
TRX02392,2026-02-14,Saturday,2,2026,Bonus kinerja dan honor freelance dari perusahaan,Client Freelance,Gaji,5138000,Pemasukan,1,GoPay,Online,0,Tangerang
TRX02393,2025-06-11,Wednesday,6,2025,Beli snack & mie instan dan perlengkapan rumah tangga,Alfamart,Belanja,892000,Pengeluaran,0,DANA,Online,0,Tangerang
TRX02394,2025-06-26,Thursday,6,2025,Beli titipan tas punggung pakai voucher belanja,Alfamart,Belanja,656000,Pengeluaran,0,Mandiri,Online,0,Medan
TRX02395,2025-11-03,Monday,11,2025,Bayar konsultasi dokter dan beli suplemen imun,Kimia Farma,Kesehatan,278000,Pengeluaran,0,GoPay,Online,0,Semarang
TRX02396,2025-04-08,Tuesday,4,2025,Bayar langganan bulanan Netflix 1 bulan streaming,DuFan,Hiburan,424000,Pengeluaran,0,OVO,Online,0,Makassar
TRX02397,2024-08-15,Thursday,8,2024,Checkout boba tea promo diskon sore hari,Solaria,Makanan & Minuman,73000,Pengeluaran,0,BCA,Online,0,Bekasi
TRX02398,2025-05-21,Wednesday,5,2025,Pesan bakso urat via aplikasi pesan antar makanan,McDonalds,Makanan & Minuman,53000,Pengeluaran,0,DANA,Online,0,Palembang
TRX02399,2025-09-06,Saturday,9,2025,Top up saldo kartu e-money untuk tiket KRL,TransJakarta,Transportasi,44000,Pengeluaran,0,GoPay,Online,0,Malang
TRX02400,2023-05-18,Thursday,5,2023,Checkout baju kaos pas diskon tanggal kembar,Indomaret,Belanja,600000,Pengeluaran,0,BNI,Online,0,Surabaya
TRX02401,2025-02-01,Saturday,2,2025,Langganan platform belajar UKT kuliah,Kampus Universitas,Pendidikan,3364000,Pengeluaran,0,ShopeePay,Online,0,Bengkulu
TRX02402,2025-03-06,Thursday,3,2025,Booking penginapan dan hotel hotel & resort liburan,Traveloka,Perjalanan,4187000,Pengeluaran,0,ShopeePay,Online,0,Palembang
TRX02403,2025-09-12,Friday,9,2025,Bayar ongkos bensin Pertamax berangkat kerja di Maxim,Maxim,Transportasi,54000,Pengeluaran,0,GoPay,Online,0,Yogyakarta
TRX02404,2023-01-28,Saturday,1,2023,Bayar biaya kursus online buku novel & komik,Udemy,Pendidikan,3042000,Pengeluaran,0,OVO,Online,0,Tangerang
TRX02405,2024-06-22,Saturday,6,2024,Beli tiket nonton Spotify Premium di PlayStation Store,PlayStation Store,Hiburan,105000,Pengeluaran,0,BNI,Online,0,Depok
TRX02406,2023-12-04,Monday,12,2023,Bayar sarapan sate ayam di warung langganan,Mixue,Makanan & Minuman,203000,Pengeluaran,0,DANA,Online,0,Makassar
TRX02407,2024-04-11,Thursday,4,2024,Beli titipan roti sobek pakai voucher belanja,Matahari,Belanja,1115000,Pengeluaran,0,Tunai,Offline,1,Denpasar
TRX02408,2024-12-18,Wednesday,12,2024,Sewa akomodasi perjalanan tiket pesawat luar kota,KAI Access,Perjalanan,2468000,Pengeluaran,0,ShopeePay,Online,0,Bandung
TRX02409,2024-09-26,Thursday,9,2024,Checkout kopi susu promo diskon sore hari,Mixue,Makanan & Minuman,239000,Pengeluaran,0,QRIS,Online,0,Jakarta
TRX02410,2023-03-06,Monday,3,2023,Transfer insentif proyek atas hasil kerja keras sebulan,Client Freelance,Gaji,15539000,Pemasukan,1,QRIS,Online,0,Bengkulu
TRX02411,2025-08-14,Thursday,8,2025,Beli titipan casing hp pakai voucher belanja,Tokopedia,Belanja,182000,Pengeluaran,0,Tunai,Offline,1,Medan
TRX02412,2023-11-12,Sunday,11,2023,Langganan platform belajar UKT kuliah,Coursera,Pendidikan,2618000,Pengeluaran,0,DANA,Online,0,Bengkulu
TRX02413,2026-06-25,Thursday,6,2026,Top up saldo kartu e-money untuk taksi online,Grab,Transportasi,111000,Pengeluaran,0,Mandiri,Online,0,Medan
TRX02414,2024-08-24,Saturday,8,2024,Gaji pokok bulanan dari PT Teknologi Karya,PT Teknologi Karya,Gaji,4506000,Pemasukan,1,Mandiri,Online,0,Bogor
TRX02415,2026-02-10,Tuesday,2,2026,Isi ulang pulsa dan kuota listrik PLN harian,Indihome,Utilitas,412000,Pengeluaran,0,BCA,Online,0,Bengkulu
TRX02416,2026-01-16,Friday,1,2026,Makan malam pizza bareng keluarga,KFC,Makanan & Minuman,78000,Pengeluaran,0,QRIS,Online,0,Makassar
TRX02417,2026-07-25,Saturday,7,2026,Bayar sarapan pizza di warung langganan,Solaria,Makanan & Minuman,98000,Pengeluaran,0,ShopeePay,Online,0,Bogor
TRX02418,2023-10-24,Tuesday,10,2023,Beli titipan minyak goreng pakai voucher belanja,Shopee,Belanja,495000,Pengeluaran,0,BCA,Online,0,Jakarta
TRX02419,2026-07-23,Thursday,7,2026,Top up saldo kartu e-money untuk taksi online,Grab,Transportasi,131000,Pengeluaran,0,ShopeePay,Online,0,Semarang
TRX02420,2025-11-19,Wednesday,11,2025,Bayar biaya kursus online UKT kuliah,Coursera,Pendidikan,1242000,Pengeluaran,0,QRIS,Online,0,Semarang
TRX02421,2025-01-06,Monday,1,2025,Beli titipan detergen & sabun pakai voucher belanja,Hypermart,Belanja,1113000,Pengeluaran,0,Tunai,Offline,1,Denpasar
TRX02422,2025-01-10,Friday,1,2025,Pencairan honor payroll bulanan proyek freelance,Client Freelance,Gaji,10625000,Pemasukan,1,DANA,Online,0,Bekasi
TRX02423,2026-02-05,Thursday,2,2026,Makan kopi susu pas jam istirahat kantor,Warung Makan,Makanan & Minuman,52000,Pengeluaran,0,ShopeePay,Online,0,Denpasar
TRX02424,2024-06-07,Friday,6,2024,Langganan fitur premium Spotify Premium bulanan,PlayStation Store,Hiburan,320000,Pengeluaran,0,OVO,Online,0,Malang
TRX02425,2025-12-16,Tuesday,12,2025,Bayar tagihan gas LPG bulanan rumah tangga,Indihome,Utilitas,363000,Pengeluaran,0,GoPay,Online,0,Yogyakarta
TRX02426,2026-03-31,Tuesday,3,2026,Pesan kendaraan online ojek online pas hujan,TransJakarta,Transportasi,125000,Pengeluaran,0,BRI,Online,0,Semarang
TRX02427,2025-02-10,Monday,2,2025,Makan malam pizza bareng keluarga,KFC,Makanan & Minuman,196000,Pengeluaran,0,QRIS,Online,0,Bandung
TRX02428,2024-02-22,Thursday,2,2024,Beli masker dan vitamin C untuk stok rumah,Guardian,Kesehatan,490000,Pengeluaran,0,Tunai,Offline,1,Medan
TRX02429,2024-05-02,Thursday,5,2024,Bayar tagihan air PDAM bulanan rumah tangga,PDAM,Utilitas,561000,Pengeluaran,0,BCA,Online,0,Palembang
TRX02430,2023-11-18,Saturday,11,2023,Beli instrumen investasi saham blue chip bulanan,Pintu,Investasi,2217000,Pengeluaran,0,ShopeePay,Online,0,Depok
TRX02431,2023-04-12,Wednesday,4,2023,Beli bensin bensin Pertamax di SPBU langganan,KAI,Transportasi,41000,Pengeluaran,0,BCA,Online,0,Bogor
TRX02432,2023-08-28,Monday,8,2023,Beli ayam geprek di Bakso Pak Kumis bareng teman,Bakso Pak Kumis,Makanan & Minuman,19000,Pengeluaran,0,Tunai,Offline,1,Denpasar
TRX02433,2025-03-01,Saturday,3,2025,Bayar tagihan listrik PLN bulanan rumah tangga,XL Axiata,Utilitas,80000,Pengeluaran,0,ShopeePay,Online,0,Bogor
TRX02434,2026-07-17,Friday,7,2026,Bonus kinerja dan honor freelance dari perusahaan,Bank Central,Gaji,7487000,Pemasukan,1,BCA,Online,0,Denpasar
TRX02435,2023-06-21,Wednesday,6,2023,Tebus resep obat skincare & sabun cuci muka di apotek langganan,Apotek K-24,Kesehatan,845000,Pengeluaran,0,Tunai,Offline,1,Jakarta
TRX02436,2024-04-26,Friday,4,2024,Bayar langganan bulanan game Steam streaming,Spotify,Hiburan,358000,Pengeluaran,0,BNI,Online,0,Malang
TRX02437,2025-11-11,Tuesday,11,2025,Top up saldo kartu e-money untuk tiket KRL,TransJakarta,Transportasi,150000,Pengeluaran,0,BRI,Online,0,Medan
TRX02438,2024-10-06,Sunday,10,2024,Beli titipan minyak goreng pakai voucher belanja,Matahari,Belanja,225000,Pengeluaran,0,Tunai,Offline,1,Medan
TRX02439,2023-02-04,Saturday,2,2023,Bayar tagihan air PDAM bulanan rumah tangga,XL Axiata,Utilitas,428000,Pengeluaran,0,QRIS,Online,0,Makassar
TRX02440,2026-04-19,Sunday,4,2026,Belanja kebutuhan harian minyak goreng di Indomaret,Indomaret,Belanja,119000,Pengeluaran,0,OVO,Online,0,Palembang
TRX02441,2024-07-04,Thursday,7,2024,Checkout mie ayam promo diskon sore hari,Gacoan,Makanan & Minuman,91000,Pengeluaran,0,BNI,Online,0,Bekasi
TRX02442,2024-04-05,Friday,4,2024,Sewa akomodasi perjalanan villa pantai luar kota,Traveloka,Perjalanan,1123000,Pengeluaran,0,OVO,Online,0,Malang
TRX02443,2026-04-26,Sunday,4,2026,Belanja kebutuhan harian tas punggung di Matahari,Matahari,Belanja,1095000,Pengeluaran,0,GoPay,Online,0,Tangerang
TRX02444,2026-02-24,Tuesday,2,2026,Beli tiket taksi online pulang pergi luar kota,Bluebird,Transportasi,61000,Pengeluaran,0,QRIS,Online,0,Denpasar
TRX02445,2023-10-16,Monday,10,2023,Checkout roti sobek pas diskon tanggal kembar,Matahari,Belanja,820000,Pengeluaran,0,BCA,Online,0,Denpasar
TRX02446,2024-04-24,Wednesday,4,2024,Pembayaran paket langganan pulsa HP kecepatan tinggi,PDAM,Utilitas,546000,Pengeluaran,0,BNI,Online,0,Makassar
TRX02447,2023-03-04,Saturday,3,2023,Checkout roti sobek pas diskon tanggal kembar,Matahari,Belanja,768000,Pengeluaran,0,BNI,Online,0,Malang
TRX02448,2025-07-19,Saturday,7,2025,Bayar langganan bulanan wahana rekreasi streaming,CGV,Hiburan,94000,Pengeluaran,0,BCA,Online,0,Surabaya
TRX02449,2023-09-29,Friday,9,2023,Beli titipan tas punggung pakai voucher belanja,Uniqlo,Belanja,1094000,Pengeluaran,0,BRI,Online,0,Palembang
TRX02450,2023-01-31,Tuesday,1,2023,Beli titipan detergen & sabun pakai voucher belanja,Indomaret,Belanja,1195000,Pengeluaran,0,BRI,Online,0,Surabaya
TRX02451,2025-08-02,Saturday,8,2025,Belanja kebutuhan harian minyak goreng di Lazada,Lazada,Belanja,968000,Pengeluaran,0,QRIS,Online,0,Bekasi
TRX02452,2023-07-04,Tuesday,7,2023,Transfer honor freelance atas hasil kerja keras sebulan,PT Teknologi Karya,Gaji,16118000,Pemasukan,1,BRI,Online,0,Tangerang
TRX02453,2023-06-02,Friday,6,2023,Mampir beli ayam geprek sama minuman segar,Mixue,Makanan & Minuman,38000,Pengeluaran,0,OVO,Online,0,Bandung
TRX02454,2025-06-11,Wednesday,6,2025,Beli sepatu sneaker baru via e-commerce,Tokopedia,Belanja,1002000,Pengeluaran,0,BNI,Online,0,Yogyakarta
TRX02455,2023-04-20,Thursday,4,2023,Beli perlengkapan skincare & sabun cuci muka dan obat flu,Halodoc,Kesehatan,165000,Pengeluaran,0,Tunai,Offline,1,Denpasar
TRX02456,2024-12-10,Tuesday,12,2024,Penerimaan honor freelance masuk ke rekening utama,PT Sukses Bersama,Gaji,13951000,Pemasukan,1,OVO,Online,0,Tangerang
TRX02457,2025-11-01,Saturday,11,2025,Pesan ayam geprek via aplikasi pesan antar makanan,Sederhana,Makanan & Minuman,231000,Pengeluaran,0,DANA,Online,0,Bogor
TRX02458,2023-01-01,Sunday,1,2023,Bayar ongkos ojek online berangkat kerja di Gojek,Gojek,Transportasi,171000,Pengeluaran,0,OVO,Online,0,Medan
TRX02459,2024-12-01,Sunday,12,2024,Checkout tas punggung pas diskon tanggal kembar,Alfamart,Belanja,457000,Pengeluaran,0,QRIS,Online,0,Bogor
TRX02460,2025-08-20,Wednesday,8,2025,Sewa akomodasi perjalanan tiket pesawat luar kota,Lion Air,Perjalanan,2593000,Pengeluaran,0,BCA,Online,0,Jakarta
TRX02461,2023-07-02,Sunday,7,2023,Bayar rekening air PDAM tepat waktu di Indihome,Indihome,Utilitas,318000,Pengeluaran,0,DANA,Online,0,Medan
TRX02462,2023-07-04,Tuesday,7,2023,Makan malam bakso urat bareng keluarga,Solaria,Makanan & Minuman,153000,Pengeluaran,0,GoPay,Online,0,Jakarta
TRX02463,2025-09-13,Saturday,9,2025,Beli burger di Warung Makan bareng teman,Warung Makan,Makanan & Minuman,38000,Pengeluaran,0,Tunai,Offline,1,Makassar
TRX02464,2023-01-03,Tuesday,1,2023,Penerimaan gaji pokok masuk ke rekening utama,Client Freelance,Gaji,13821000,Pemasukan,1,BRI,Online,0,Palembang
TRX02465,2023-06-15,Thursday,6,2023,Beli bensin tiket KRL di SPBU langganan,Gojek,Transportasi,122000,Pengeluaran,0,BCA,Online,0,Bogor
TRX02466,2026-03-12,Thursday,3,2026,Jajanan nasi goreng pas nongkrong malam minggu,Gacoan,Makanan & Minuman,33000,Pengeluaran,0,GoPay,Online,0,Bengkulu
TRX02467,2023-01-31,Tuesday,1,2023,Makan sate ayam pas jam istirahat kantor,Kopi Kenangan,Makanan & Minuman,239000,Pengeluaran,0,QRIS,Online,0,Denpasar
TRX02468,2024-11-01,Friday,11,2024,Beli tiket bensin Pertamax pulang pergi luar kota,KAI,Transportasi,143000,Pengeluaran,0,DANA,Online,0,Palembang
TRX02469,2026-04-29,Wednesday,4,2026,Pelunasan iuran pulsa HP biar aliran tetap lancar,Biznet,Utilitas,184000,Pengeluaran,0,QRIS,Online,0,Semarang
TRX02470,2025-08-25,Monday,8,2025,Beli tiket ojek online pulang pergi luar kota,Bluebird,Transportasi,194000,Pengeluaran,0,ShopeePay,Online,0,Depok
TRX02471,2023-10-17,Tuesday,10,2023,Booking penginapan dan hotel tiket kereta api liburan,Tiket.com,Perjalanan,2046000,Pengeluaran,0,BNI,Online,0,Jakarta
TRX02472,2024-06-12,Wednesday,6,2024,Beli titipan minyak goreng pakai voucher belanja,Tokopedia,Belanja,1174000,Pengeluaran,0,OVO,Online,0,Medan
TRX02473,2024-01-11,Thursday,1,2024,Checkout kopi susu promo diskon sore hari,Chatime,Makanan & Minuman,127000,Pengeluaran,0,Mandiri,Online,0,Makassar
TRX02474,2023-11-07,Tuesday,11,2023,Beli titipan roti sobek pakai voucher belanja,Alfamart,Belanja,584000,Pengeluaran,0,OVO,Online,0,Jakarta
TRX02475,2025-05-29,Thursday,5,2025,Pengeluaran bulanan beli casing hp di Matahari,Matahari,Belanja,539000,Pengeluaran,0,ShopeePay,Online,0,Denpasar
TRX02476,2024-02-04,Sunday,2,2024,Beli token wifi internet prabayar via m-banking,Indihome,Utilitas,441000,Pengeluaran,0,QRIS,Online,0,Palembang
TRX02477,2023-10-10,Tuesday,10,2023,Bayar tagihan wifi internet bulanan rumah tangga,M3 Ooredoo,Utilitas,506000,Pengeluaran,0,DANA,Online,0,Depok
TRX02478,2024-07-20,Saturday,7,2024,Top up saldo kartu e-money untuk tiket KRL,Bluebird,Transportasi,168000,Pengeluaran,0,GoPay,Online,0,Makassar
TRX02479,2023-06-13,Tuesday,6,2023,Checkout sepatu sneaker pas diskon tanggal kembar,Hypermart,Belanja,1181000,Pengeluaran,0,Tunai,Offline,1,Bogor
TRX02480,2023-01-20,Friday,1,2023,Transfer insentif proyek atas hasil kerja keras sebulan,Bank Central,Gaji,7010000,Pemasukan,1,BCA,Online,0,Yogyakarta
TRX02481,2026-07-12,Sunday,7,2026,Bayar ongkos e-toll berangkat kerja di Gojek,Gojek,Transportasi,69000,Pengeluaran,0,BNI,Online,0,Surabaya
TRX02482,2023-07-25,Tuesday,7,2023,Pembayaran paket langganan listrik PLN kecepatan tinggi,XL Axiata,Utilitas,69000,Pengeluaran,0,BRI,Online,0,Makassar
TRX02483,2024-08-27,Tuesday,8,2024,Bayar ongkos taksi online berangkat kerja di TransJakarta,TransJakarta,Transportasi,185000,Pengeluaran,0,BRI,Online,0,Bandung
TRX02484,2026-07-22,Wednesday,7,2026,Bayar sarapan boba tea di warung langganan,Sederhana,Makanan & Minuman,95000,Pengeluaran,0,QRIS,Online,0,Bekasi
TRX02485,2023-06-20,Tuesday,6,2023,Gaji pokok bulanan dari PT Nusantara Digital,PT Nusantara Digital,Gaji,9471000,Pemasukan,1,DANA,Online,0,Depok
TRX02486,2024-10-04,Friday,10,2024,Beli resep skincare & sabun cuci muka dan vitamin di Century,Century,Kesehatan,40000,Pengeluaran,0,Tunai,Offline,1,Palembang
TRX02487,2023-04-14,Friday,4,2023,Bayar sarapan boba tea di warung langganan,KFC,Makanan & Minuman,235000,Pengeluaran,0,BRI,Online,0,Depok
TRX02488,2024-12-11,Wednesday,12,2024,Alokasi investasi berkala aset kripto,Indodax,Investasi,2695000,Pengeluaran,0,GoPay,Online,0,Jakarta
TRX02489,2025-06-16,Monday,6,2025,Beli titipan baju kaos pakai voucher belanja,Blibli,Belanja,932000,Pengeluaran,0,BRI,Online,0,Yogyakarta
TRX02490,2026-05-03,Sunday,5,2026,Bayar rekening gas LPG tepat waktu di M3 Ooredoo,M3 Ooredoo,Utilitas,424000,Pengeluaran,0,BCA,Online,0,Depok
TRX02491,2024-04-17,Wednesday,4,2024,Penerimaan gaji pokok masuk ke rekening utama,PT Nusantara Digital,Gaji,16367000,Pemasukan,1,QRIS,Online,0,Bengkulu
TRX02492,2026-06-27,Saturday,6,2026,Bayar sarapan nasi goreng di warung langganan,Chatime,Makanan & Minuman,191000,Pengeluaran,0,BNI,Online,0,Jakarta
TRX02493,2024-07-22,Monday,7,2024,Mampir minimarket beli casing hp stok mingguan,Alfamart,Belanja,118000,Pengeluaran,0,QRIS,Online,0,Surabaya
TRX02494,2023-05-28,Sunday,5,2023,Bayar rekening air PDAM tepat waktu di PDAM,PDAM,Utilitas,394000,Pengeluaran,0,BRI,Online,0,Denpasar
TRX02495,2025-01-05,Sunday,1,2025,Pengeluaran bulanan beli minyak goreng di Shopee,Shopee,Belanja,1186000,Pengeluaran,0,BCA,Online,0,Makassar
TRX02496,2025-03-05,Wednesday,3,2025,Jajanan mie ayam pas nongkrong malam minggu,Gacoan,Makanan & Minuman,160000,Pengeluaran,0,BCA,Online,0,Bengkulu
TRX02497,2023-02-09,Thursday,2,2023,Belanja kebutuhan harian detergen & sabun di Hypermart,Hypermart,Belanja,1144000,Pengeluaran,0,DANA,Online,0,Yogyakarta
TRX02498,2024-06-22,Saturday,6,2024,Mampir beli soto betawi sama minuman segar,Bakso Pak Kumis,Makanan & Minuman,192000,Pengeluaran,0,Mandiri,Online,0,Bengkulu
TRX02499,2024-02-01,Thursday,2,2024,Pencairan honor insentif proyek proyek freelance,PT Sukses Bersama,Gaji,15786000,Pemasukan,1,Mandiri,Online,0,Jakarta
TRX02500,2023-01-06,Friday,1,2023,Beli titipan roti sobek pakai voucher belanja,Blibli,Belanja,346000,Pengeluaran,0,BCA,Online,0,Medan
TRX02501,2023-11-26,Sunday,11,2023,Bonus kinerja dan gaji pokok dari perusahaan,PT Nusantara Digital,Gaji,10463000,Pemasukan,1,OVO,Online,0,Makassar
TRX02502,2024-06-06,Thursday,6,2024,Mampir beli ayam geprek sama minuman segar,Solaria,Makanan & Minuman,42000,Pengeluaran,0,QRIS,Online,0,Bandung
TRX02503,2026-04-07,Tuesday,4,2026,Pesan pizza via aplikasi pesan antar makanan,McDonalds,Makanan & Minuman,71000,Pengeluaran,0,QRIS,Online,0,Makassar
TRX02504,2023-07-15,Saturday,7,2023,Beli pizza di Gacoan bareng teman,Gacoan,Makanan & Minuman,179000,Pengeluaran,0,OVO,Online,0,Bogor
TRX02505,2023-04-06,Thursday,4,2023,Beli roti sobek baru via e-commerce,Alfamart,Belanja,543000,Pengeluaran,0,Tunai,Offline,1,Bandung
TRX02506,2023-08-27,Sunday,8,2023,Bayar sarapan soto betawi di warung langganan,Solaria,Makanan & Minuman,218000,Pengeluaran,0,Tunai,Offline,1,Depok
TRX02507,2023-01-14,Saturday,1,2023,Beli tas punggung dan perlengkapan rumah tangga,Uniqlo,Belanja,1177000,Pengeluaran,0,ShopeePay,Online,0,Yogyakarta
TRX02508,2024-10-24,Thursday,10,2024,Beli tiket nonton Netflix 1 bulan di DuFan,DuFan,Hiburan,117000,Pengeluaran,0,OVO,Online,0,Semarang
TRX02509,2023-12-10,Sunday,12,2023,Mampir minimarket beli casing hp stok mingguan,Shopee,Belanja,391000,Pengeluaran,0,BRI,Online,0,Yogyakarta
TRX02510,2025-01-27,Monday,1,2025,Beli baju kaos dan perlengkapan rumah tangga,Tokopedia,Belanja,971000,Pengeluaran,0,BCA,Online,0,Bekasi
TRX02511,2026-05-05,Tuesday,5,2026,Makan bakso urat pas jam istirahat kantor,Kopi Kenangan,Makanan & Minuman,220000,Pengeluaran,0,BRI,Online,0,Medan
TRX02512,2026-02-01,Sunday,2,2026,Pesan mie ayam via aplikasi pesan antar makanan,Bakso Pak Kumis,Makanan & Minuman,40000,Pengeluaran,0,BRI,Online,0,Surabaya
TRX02513,2024-12-23,Monday,12,2024,Langganan platform belajar buku koding Python,Kampus Universitas,Pendidikan,2446000,Pengeluaran,0,DANA,Online,0,Bekasi
TRX02514,2023-01-09,Monday,1,2023,Bonus kinerja dan gaji pokok dari perusahaan,Bank Central,Gaji,6987000,Pemasukan,1,BNI,Online,0,Denpasar
TRX02515,2025-06-13,Friday,6,2025,Makan boba tea pas jam istirahat kantor,Warung Makan,Makanan & Minuman,201000,Pengeluaran,0,GoPay,Online,0,Malang
TRX02516,2025-08-07,Thursday,8,2025,Sewa kendaraan bensin Pertamax untuk perjalanan harian,TransJakarta,Transportasi,186000,Pengeluaran,0,BNI,Online,0,Palembang
TRX02517,2026-02-12,Thursday,2,2026,Beli token wifi internet prabayar via m-banking,PLN,Utilitas,540000,Pengeluaran,0,ShopeePay,Online,0,Tangerang
TRX02518,2026-05-21,Thursday,5,2026,Beli tiket masuk wahana rekreasi sama teman-teman,CGV,Hiburan,341000,Pengeluaran,0,BRI,Online,0,Denpasar
TRX02519,2026-04-06,Monday,4,2026,Pelunasan iuran gas LPG biar aliran tetap lancar,Indihome,Utilitas,389000,Pengeluaran,0,QRIS,Online,0,Bogor
TRX02520,2023-04-20,Thursday,4,2023,Gaji pokok bulanan dari Bank Central,Bank Central,Gaji,19122000,Pemasukan,1,BRI,Online,0,Jakarta
TRX02521,2023-04-21,Friday,4,2023,Mampir beli pizza sama minuman segar,Bakso Pak Kumis,Makanan & Minuman,152000,Pengeluaran,0,Tunai,Offline,1,Depok
TRX02522,2024-04-13,Saturday,4,2024,Mampir beli nasi goreng sama minuman segar,McDonalds,Makanan & Minuman,37000,Pengeluaran,0,DANA,Online,0,Semarang
TRX02523,2024-03-08,Friday,3,2024,Top up saldo kartu e-money untuk ojek online,Grab,Transportasi,102000,Pengeluaran,0,Mandiri,Online,0,Bekasi
TRX02524,2023-01-21,Saturday,1,2023,Penerimaan bonus tahunan masuk ke rekening utama,PT Nusantara Digital,Gaji,10311000,Pemasukan,1,BCA,Online,0,Semarang
TRX02525,2023-11-02,Thursday,11,2023,Jajanan ayam geprek pas nongkrong malam minggu,McDonalds,Makanan & Minuman,142000,Pengeluaran,0,BRI,Online,0,Bekasi
TRX02526,2023-07-31,Monday,7,2023,Pesan nasi goreng via aplikasi pesan antar makanan,Bakso Pak Kumis,Makanan & Minuman,143000,Pengeluaran,0,Tunai,Offline,1,Makassar
TRX02527,2023-04-07,Friday,4,2023,Belanja kebutuhan harian casing hp di Hypermart,Hypermart,Belanja,142000,Pengeluaran,0,Mandiri,Online,0,Depok
TRX02528,2025-06-20,Friday,6,2025,Pembayaran paket langganan pulsa HP kecepatan tinggi,M3 Ooredoo,Utilitas,148000,Pengeluaran,0,ShopeePay,Online,0,Medan
TRX02529,2023-09-28,Thursday,9,2023,Beli tiket bensin Pertamax pulang pergi luar kota,Gojek,Transportasi,32000,Pengeluaran,0,OVO,Online,0,Bengkulu
TRX02530,2023-06-01,Thursday,6,2023,Bayar tagihan gas LPG bulanan rumah tangga,XL Axiata,Utilitas,212000,Pengeluaran,0,ShopeePay,Online,0,Medan
TRX02531,2023-09-02,Saturday,9,2023,Beli instrumen investasi aset kripto bulanan,Bibit,Investasi,2316000,Pengeluaran,0,QRIS,Online,0,Surabaya
TRX02532,2026-06-23,Tuesday,6,2026,Beli sepatu sneaker baru via e-commerce,Tokopedia,Belanja,191000,Pengeluaran,0,Mandiri,Online,0,Surabaya
TRX02533,2025-05-09,Friday,5,2025,Isi ulang pulsa dan kuota wifi internet harian,PLN,Utilitas,427000,Pengeluaran,0,OVO,Online,0,Bogor
TRX02534,2025-03-16,Sunday,3,2025,Beli token pulsa HP prabayar via m-banking,PLN,Utilitas,453000,Pengeluaran,0,BRI,Online,0,Surabaya
TRX02535,2026-03-14,Saturday,3,2026,Pelunasan iuran wifi internet biar aliran tetap lancar,XL Axiata,Utilitas,111000,Pengeluaran,0,QRIS,Online,0,Malang
TRX02536,2024-08-10,Saturday,8,2024,Sewa kendaraan tiket KRL untuk perjalanan harian,KCI Commuter,Transportasi,19000,Pengeluaran,0,DANA,Online,0,Palembang
TRX02537,2025-03-12,Wednesday,3,2025,Beli tiket pesawat tiket kereta api di KAI Access,KAI Access,Perjalanan,2140000,Pengeluaran,0,OVO,Online,0,Makassar
TRX02538,2023-01-18,Wednesday,1,2023,Checkout roti sobek pas diskon tanggal kembar,Matahari,Belanja,954000,Pengeluaran,0,Tunai,Offline,1,Bogor
TRX02539,2023-12-12,Tuesday,12,2023,Belanja kebutuhan harian baju kaos di Hypermart,Hypermart,Belanja,630000,Pengeluaran,0,QRIS,Online,0,Medan
TRX02540,2025-04-21,Monday,4,2025,Transfer payroll bulanan atas hasil kerja keras sebulan,PT Sukses Bersama,Gaji,12234000,Pemasukan,1,BRI,Online,0,Surabaya
TRX02541,2025-11-20,Thursday,11,2025,Langganan fitur premium film bioskop XXI bulanan,PlayStation Store,Hiburan,406000,Pengeluaran,0,DANA,Online,0,Malang
TRX02542,2026-06-19,Friday,6,2026,Pesan mie ayam via aplikasi pesan antar makanan,Sederhana,Makanan & Minuman,178000,Pengeluaran,0,Tunai,Offline,1,Semarang
TRX02543,2023-06-23,Friday,6,2023,Transfer honor freelance atas hasil kerja keras sebulan,Bank Central,Gaji,10728000,Pemasukan,1,Mandiri,Online,0,Denpasar
TRX02544,2024-11-24,Sunday,11,2024,Tebus resep obat skincare & sabun cuci muka di apotek langganan,Apotek K-24,Kesehatan,221000,Pengeluaran,0,BCA,Online,0,Makassar
TRX02545,2025-12-24,Wednesday,12,2025,Bayar sarapan sate ayam di warung langganan,Bakso Pak Kumis,Makanan & Minuman,223000,Pengeluaran,0,Tunai,Offline,1,Bekasi
TRX02546,2024-05-08,Wednesday,5,2024,Jajanan burger pas nongkrong malam minggu,Warung Makan,Makanan & Minuman,118000,Pengeluaran,0,Tunai,Offline,1,Bekasi
TRX02547,2024-06-30,Sunday,6,2024,Pengeluaran bulanan beli roti sobek di Blibli,Blibli,Belanja,1179000,Pengeluaran,0,DANA,Online,0,Makassar
TRX02548,2025-07-17,Thursday,7,2025,Checkout minyak goreng pas diskon tanggal kembar,Superindo,Belanja,763000,Pengeluaran,0,OVO,Online,0,Makassar
TRX02549,2026-03-01,Sunday,3,2026,Isi ulang pulsa dan kuota pulsa HP harian,Telkomsel,Utilitas,564000,Pengeluaran,0,OVO,Online,0,Tangerang
TRX02550,2023-05-11,Thursday,5,2023,Belanja kebutuhan harian sepatu sneaker di Superindo,Superindo,Belanja,387000,Pengeluaran,0,GoPay,Online,0,Jakarta
TRX02551,2026-01-01,Thursday,1,2026,Pesan kendaraan online e-toll pas hujan,Gojek,Transportasi,168000,Pengeluaran,0,QRIS,Online,0,Denpasar
TRX02552,2023-06-29,Thursday,6,2023,Beli masker dan suplemen imun untuk stok rumah,Apotek K-24,Kesehatan,176000,Pengeluaran,0,GoPay,Online,0,Malang
TRX02553,2025-02-19,Wednesday,2,2025,Belanja kebutuhan harian sepatu sneaker di Blibli,Blibli,Belanja,515000,Pengeluaran,0,Tunai,Offline,1,Bogor
TRX02554,2024-07-19,Friday,7,2024,Makan pizza pas jam istirahat kantor,Warung Makan,Makanan & Minuman,83000,Pengeluaran,0,Tunai,Offline,1,Surabaya
TRX02555,2024-08-08,Thursday,8,2024,Bayar sarapan burger di warung langganan,Chatime,Makanan & Minuman,78000,Pengeluaran,0,BRI,Online,0,Palembang
TRX02556,2023-08-27,Sunday,8,2023,Checkout snack & mie instan pas diskon tanggal kembar,Uniqlo,Belanja,139000,Pengeluaran,0,OVO,Online,0,Medan
TRX02557,2025-07-26,Saturday,7,2025,Makan nasi goreng pas jam istirahat kantor,Gacoan,Makanan & Minuman,141000,Pengeluaran,0,GoPay,Online,0,Depok
TRX02558,2023-12-09,Saturday,12,2023,Checkout bakso urat promo diskon sore hari,KFC,Makanan & Minuman,201000,Pengeluaran,0,BNI,Online,0,Depok
TRX02559,2026-02-14,Saturday,2,2026,Beli casing hp dan perlengkapan rumah tangga,Tokopedia,Belanja,597000,Pengeluaran,0,BRI,Online,0,Palembang
TRX02560,2025-11-01,Saturday,11,2025,Tebus resep obat skincare & sabun cuci muka di apotek langganan,Halodoc,Kesehatan,79000,Pengeluaran,0,Tunai,Offline,1,Medan
TRX02561,2023-12-02,Saturday,12,2023,Langganan fitur premium film bioskop XXI bulanan,DuFan,Hiburan,240000,Pengeluaran,0,GoPay,Online,0,Depok
TRX02562,2023-10-30,Monday,10,2023,Jajanan soto betawi pas nongkrong malam minggu,Kopi Kenangan,Makanan & Minuman,48000,Pengeluaran,0,OVO,Online,0,Bengkulu
TRX02563,2024-10-25,Friday,10,2024,Belanja kebutuhan harian tas punggung di Shopee,Shopee,Belanja,253000,Pengeluaran,0,BCA,Online,0,Bengkulu
TRX02564,2023-04-06,Thursday,4,2023,Bayar biaya kursus online UKT kuliah,Penerbit Erlangga,Pendidikan,3432000,Pengeluaran,0,DANA,Online,0,Depok
TRX02565,2026-01-04,Sunday,1,2026,Beli boba tea di Warung Makan bareng teman,Warung Makan,Makanan & Minuman,24000,Pengeluaran,0,Tunai,Offline,1,Bandung
TRX02566,2025-09-17,Wednesday,9,2025,Beli tiket nonton Netflix 1 bulan di XXI Cinema,XXI Cinema,Hiburan,188000,Pengeluaran,0,BRI,Online,0,Makassar
TRX02567,2025-08-06,Wednesday,8,2025,Bonus kinerja dan gaji pokok dari perusahaan,PT Teknologi Karya,Gaji,4367000,Pemasukan,1,QRIS,Online,0,Medan
TRX02568,2026-03-20,Friday,3,2026,Top up saldo kartu e-money untuk bensin Pertamax,Grab,Transportasi,145000,Pengeluaran,0,BNI,Online,0,Yogyakarta
TRX02569,2023-12-03,Sunday,12,2023,Bayar biaya kursus online buku koding Python,Ruangguru,Pendidikan,1648000,Pengeluaran,0,GoPay,Online,0,Makassar
TRX02570,2023-11-12,Sunday,11,2023,Bayar rekening air PDAM tepat waktu di XL Axiata,XL Axiata,Utilitas,77000,Pengeluaran,0,BRI,Online,0,Malang
TRX02571,2026-07-16,Thursday,7,2026,Top up voucher game Netflix 1 bulan pas akhir pekan,DuFan,Hiburan,95000,Pengeluaran,0,GoPay,Online,0,Malang
TRX02572,2024-12-22,Sunday,12,2024,Bayar konsultasi dokter dan beli vitamin C,RS Siloam,Kesehatan,181000,Pengeluaran,0,Tunai,Offline,1,Bengkulu
TRX02573,2025-06-25,Wednesday,6,2025,Pesan kopi susu via aplikasi pesan antar makanan,Sederhana,Makanan & Minuman,15000,Pengeluaran,0,DANA,Online,0,Bekasi
TRX02574,2024-03-30,Saturday,3,2024,Bayar konsultasi dokter dan beli vitamin C,Apotek K-24,Kesehatan,463000,Pengeluaran,0,ShopeePay,Online,0,Makassar
TRX02575,2023-03-13,Monday,3,2023,Pembayaran paket langganan listrik PLN kecepatan tinggi,PDAM,Utilitas,520000,Pengeluaran,0,BCA,Online,0,Denpasar
TRX02576,2024-01-19,Friday,1,2024,Beli titipan baju kaos pakai voucher belanja,Blibli,Belanja,1060000,Pengeluaran,0,Mandiri,Online,0,Palembang
TRX02577,2023-03-21,Tuesday,3,2023,Pesan bakso urat via aplikasi pesan antar makanan,Kopi Kenangan,Makanan & Minuman,116000,Pengeluaran,0,Tunai,Offline,1,Bengkulu
TRX02578,2026-02-07,Saturday,2,2026,Pesan burger via aplikasi pesan antar makanan,Mixue,Makanan & Minuman,195000,Pengeluaran,0,Tunai,Offline,1,Bogor
TRX02579,2025-10-06,Monday,10,2025,Pencairan honor insentif proyek proyek freelance,Client Freelance,Gaji,11963000,Pemasukan,1,OVO,Online,0,Yogyakarta
TRX02580,2024-02-15,Thursday,2,2024,Checkout sepatu sneaker pas diskon tanggal kembar,Superindo,Belanja,454000,Pengeluaran,0,Mandiri,Online,0,Bekasi
TRX02581,2023-11-09,Thursday,11,2023,Beli burger di McDonalds bareng teman,McDonalds,Makanan & Minuman,177000,Pengeluaran,0,Tunai,Offline,1,Malang
TRX02582,2024-08-21,Wednesday,8,2024,Beli minyak goreng baru via e-commerce,Tokopedia,Belanja,1184000,Pengeluaran,0,Tunai,Offline,1,Bogor
TRX02583,2026-07-16,Thursday,7,2026,Beli tiket masuk game Steam sama teman-teman,XXI Cinema,Hiburan,59000,Pengeluaran,0,OVO,Online,0,Bandung
TRX02584,2026-06-19,Friday,6,2026,Sewa akomodasi perjalanan tiket pesawat luar kota,Agoda,Perjalanan,703000,Pengeluaran,0,OVO,Online,0,Medan
TRX02585,2026-07-25,Saturday,7,2026,Beli resep vitamin C dan vitamin di Alodokter,Alodokter,Kesehatan,693000,Pengeluaran,0,Tunai,Offline,1,Jakarta
TRX02586,2024-07-10,Wednesday,7,2024,Belanja kebutuhan harian snack & mie instan di Blibli,Blibli,Belanja,508000,Pengeluaran,0,Tunai,Offline,1,Bengkulu
TRX02587,2024-10-07,Monday,10,2024,Makan sate ayam pas jam istirahat kantor,Mixue,Makanan & Minuman,182000,Pengeluaran,0,BRI,Online,0,Jakarta
TRX02588,2023-05-27,Saturday,5,2023,Makan malam ayam geprek bareng keluarga,Solaria,Makanan & Minuman,184000,Pengeluaran,0,Tunai,Offline,1,Tangerang
TRX02589,2024-08-10,Saturday,8,2024,Bonus kinerja dan payroll bulanan dari perusahaan,PT Teknologi Karya,Gaji,15472000,Pemasukan,1,OVO,Online,0,Surabaya
TRX02590,2024-10-04,Friday,10,2024,Pesan kendaraan online ojek online pas hujan,TransJakarta,Transportasi,91000,Pengeluaran,0,QRIS,Online,0,Malang
TRX02591,2023-05-29,Monday,5,2023,Beli perlengkapan obat flu & pusing dan obat flu,Guardian,Kesehatan,118000,Pengeluaran,0,QRIS,Online,0,Surabaya
TRX02592,2023-06-08,Thursday,6,2023,Isi ulang pulsa dan kuota wifi internet harian,M3 Ooredoo,Utilitas,328000,Pengeluaran,0,BCA,Online,0,Malang
TRX02593,2023-07-07,Friday,7,2023,Gaji pokok bulanan dari Client Freelance,Client Freelance,Gaji,14019000,Pemasukan,1,DANA,Online,0,Denpasar
TRX02594,2025-10-14,Tuesday,10,2025,Mampir minimarket beli detergen & sabun stok mingguan,Tokopedia,Belanja,26000,Pengeluaran,0,BCA,Online,0,Semarang
TRX02595,2023-12-12,Tuesday,12,2023,Belanja kebutuhan harian detergen & sabun di Tokopedia,Tokopedia,Belanja,1041000,Pengeluaran,0,Tunai,Offline,1,Bekasi
TRX02596,2023-07-03,Monday,7,2023,Bayar sarapan kopi susu di warung langganan,KFC,Makanan & Minuman,207000,Pengeluaran,0,OVO,Online,0,Yogyakarta
TRX02597,2025-12-25,Thursday,12,2025,Bayar tagihan pulsa HP bulanan rumah tangga,Pertagas,Utilitas,585000,Pengeluaran,0,DANA,Online,0,Medan
TRX02598,2023-06-01,Thursday,6,2023,Bayar sarapan soto betawi di warung langganan,Kopi Kenangan,Makanan & Minuman,35000,Pengeluaran,0,BRI,Online,0,Bandung
TRX02599,2025-06-15,Sunday,6,2025,Transfer honor freelance atas hasil kerja keras sebulan,PT Nusantara Digital,Gaji,19069000,Pemasukan,1,ShopeePay,Online,0,Palembang
TRX02600,2024-12-22,Sunday,12,2024,Mampir beli pizza sama minuman segar,Bakso Pak Kumis,Makanan & Minuman,66000,Pengeluaran,0,Tunai,Offline,1,Surabaya
TRX02601,2026-07-14,Tuesday,7,2026,Beli bensin tiket KRL di SPBU langganan,MyPertamina,Transportasi,17000,Pengeluaran,0,ShopeePay,Online,0,Bengkulu
TRX02602,2026-03-30,Monday,3,2026,Penerimaan bonus tahunan masuk ke rekening utama,PT Teknologi Karya,Gaji,8242000,Pemasukan,1,BCA,Online,0,Bandung
TRX02603,2023-09-05,Tuesday,9,2023,Transfer gaji pokok atas hasil kerja keras sebulan,PT Sukses Bersama,Gaji,19434000,Pemasukan,1,OVO,Online,0,Semarang
TRX02604,2024-08-02,Friday,8,2024,Isi ulang pulsa dan kuota wifi internet harian,Pertagas,Utilitas,57000,Pengeluaran,0,BCA,Online,0,Jakarta
TRX02605,2023-10-15,Sunday,10,2023,Mampir minimarket beli tas punggung stok mingguan,Lazada,Belanja,652000,Pengeluaran,0,OVO,Online,0,Yogyakarta
TRX02606,2025-04-01,Tuesday,4,2025,Beli tas punggung dan perlengkapan rumah tangga,Blibli,Belanja,207000,Pengeluaran,0,Mandiri,Online,0,Palembang
TRX02607,2024-12-12,Thursday,12,2024,Beli titipan snack & mie instan pakai voucher belanja,Alfamart,Belanja,702000,Pengeluaran,0,Tunai,Offline,1,Palembang
TRX02608,2024-05-15,Wednesday,5,2024,Checkout tas punggung pas diskon tanggal kembar,Shopee,Belanja,102000,Pengeluaran,0,OVO,Online,0,Semarang
TRX02609,2026-03-03,Tuesday,3,2026,Mampir minimarket beli tas punggung stok mingguan,Tokopedia,Belanja,186000,Pengeluaran,0,Tunai,Offline,1,Bengkulu
TRX02610,2026-03-04,Wednesday,3,2026,Bonus kinerja dan payroll bulanan dari perusahaan,PT Teknologi Karya,Gaji,10798000,Pemasukan,1,GoPay,Online,0,Medan
TRX02611,2023-04-12,Wednesday,4,2023,Beli bensin ojek online di SPBU langganan,TransJakarta,Transportasi,104000,Pengeluaran,0,GoPay,Online,0,Surabaya
TRX02612,2023-11-27,Monday,11,2023,Bayar rekening pulsa HP tepat waktu di Pertagas,Pertagas,Utilitas,261000,Pengeluaran,0,OVO,Online,0,Semarang
TRX02613,2024-04-25,Thursday,4,2024,Sewa akomodasi perjalanan tiket kereta api luar kota,Agoda,Perjalanan,3523000,Pengeluaran,0,GoPay,Online,0,Depok
TRX02614,2024-07-30,Tuesday,7,2024,Beli casing hp dan perlengkapan rumah tangga,Hypermart,Belanja,701000,Pengeluaran,0,QRIS,Online,0,Bekasi
TRX02615,2024-03-29,Friday,3,2024,Beli titipan baju kaos pakai voucher belanja,Superindo,Belanja,650000,Pengeluaran,0,OVO,Online,0,Malang
TRX02616,2026-05-20,Wednesday,5,2026,Transfer bonus tahunan atas hasil kerja keras sebulan,Bank Central,Gaji,12537000,Pemasukan,1,DANA,Online,0,Semarang
TRX02617,2024-04-08,Monday,4,2024,Transfer honor freelance atas hasil kerja keras sebulan,PT Sukses Bersama,Gaji,4062000,Pemasukan,1,ShopeePay,Online,0,Tangerang
TRX02618,2026-02-23,Monday,2,2026,Checkout nasi goreng promo diskon sore hari,Bakso Pak Kumis,Makanan & Minuman,143000,Pengeluaran,0,DANA,Online,0,Bekasi
TRX02619,2024-03-23,Saturday,3,2024,Booking penginapan dan hotel tiket kereta api liburan,KAI Access,Perjalanan,2341000,Pengeluaran,0,BRI,Online,0,Surabaya
TRX02620,2023-01-17,Tuesday,1,2023,Beli tiket pesawat villa pantai di Lion Air,Lion Air,Perjalanan,801000,Pengeluaran,0,BRI,Online,0,Surabaya
TRX02621,2025-09-07,Sunday,9,2025,Pesan kendaraan online tiket KRL pas hujan,TransJakarta,Transportasi,142000,Pengeluaran,0,GoPay,Online,0,Medan
TRX02622,2024-08-10,Saturday,8,2024,Transfer insentif proyek atas hasil kerja keras sebulan,Client Freelance,Gaji,18986000,Pemasukan,1,BRI,Online,0,Bogor
TRX02623,2023-09-15,Friday,9,2023,Mampir beli nasi goreng sama minuman segar,Gacoan,Makanan & Minuman,86000,Pengeluaran,0,QRIS,Online,0,Palembang
TRX02624,2023-05-12,Friday,5,2023,Beli kopi susu di Sederhana bareng teman,Sederhana,Makanan & Minuman,225000,Pengeluaran,0,Tunai,Offline,1,Depok
TRX02625,2024-12-29,Sunday,12,2024,Jajanan kopi susu pas nongkrong malam minggu,KFC,Makanan & Minuman,100000,Pengeluaran,0,GoPay,Online,0,Denpasar
TRX02626,2026-05-03,Sunday,5,2026,Pengeluaran bulanan beli minyak goreng di Uniqlo,Uniqlo,Belanja,990000,Pengeluaran,0,ShopeePay,Online,0,Palembang
TRX02627,2023-06-11,Sunday,6,2023,Beli buku kursus Data Science di Kampus Universitas,Kampus Universitas,Pendidikan,1169000,Pengeluaran,0,GoPay,Online,0,Denpasar
TRX02628,2024-09-03,Tuesday,9,2024,Makan malam mie ayam bareng keluarga,Warung Makan,Makanan & Minuman,71000,Pengeluaran,0,Tunai,Offline,1,Medan
TRX02629,2026-01-15,Thursday,1,2026,Pelunasan iuran air PDAM biar aliran tetap lancar,PLN,Utilitas,237000,Pengeluaran,0,Mandiri,Online,0,Bogor
TRX02630,2025-04-14,Monday,4,2025,Bayar sarapan nasi goreng di warung langganan,McDonalds,Makanan & Minuman,64000,Pengeluaran,0,QRIS,Online,0,Bandung
TRX02631,2024-06-26,Wednesday,6,2024,Beli detergen & sabun dan perlengkapan rumah tangga,Indomaret,Belanja,500000,Pengeluaran,0,OVO,Online,0,Denpasar
TRX02632,2025-03-22,Saturday,3,2025,Beli resep obat flu & pusing dan vitamin di Century,Century,Kesehatan,595000,Pengeluaran,0,GoPay,Online,0,Bekasi
TRX02633,2023-10-16,Monday,10,2023,Pembayaran paket langganan pulsa HP kecepatan tinggi,Telkomsel,Utilitas,101000,Pengeluaran,0,BRI,Online,0,Depok
TRX02634,2023-07-03,Monday,7,2023,Transfer honor freelance atas hasil kerja keras sebulan,Client Freelance,Gaji,5610000,Pemasukan,1,DANA,Online,0,Semarang
TRX02635,2024-01-21,Sunday,1,2024,Sewa akomodasi perjalanan tiket pesawat luar kota,Agoda,Perjalanan,778000,Pengeluaran,0,BRI,Online,0,Medan
TRX02636,2026-01-03,Saturday,1,2026,Beli resep skincare & sabun cuci muka dan vitamin di RS Siloam,RS Siloam,Kesehatan,197000,Pengeluaran,0,Tunai,Offline,1,Denpasar
TRX02637,2026-06-02,Tuesday,6,2026,Pembelian aset obligasi negara untuk tabungan masa depan,Stockbit,Investasi,842000,Pengeluaran,0,DANA,Online,0,Tangerang
TRX02638,2024-11-20,Wednesday,11,2024,Beli bensin bensin Pertamax di SPBU langganan,Maxim,Transportasi,44000,Pengeluaran,0,ShopeePay,Online,0,Bandung
TRX02639,2026-07-01,Wednesday,7,2026,Beli resep vitamin C dan vitamin di Kimia Farma,Kimia Farma,Kesehatan,167000,Pengeluaran,0,BNI,Online,0,Medan
TRX02640,2024-02-23,Friday,2,2024,Bayar langganan bulanan film bioskop XXI streaming,XXI Cinema,Hiburan,131000,Pengeluaran,0,QRIS,Online,0,Palembang
TRX02641,2025-08-17,Sunday,8,2025,Beli titipan roti sobek pakai voucher belanja,Indomaret,Belanja,959000,Pengeluaran,0,BCA,Online,0,Yogyakarta
TRX02642,2025-05-24,Saturday,5,2025,Checkout pizza promo diskon sore hari,Kopi Kenangan,Makanan & Minuman,207000,Pengeluaran,0,Mandiri,Online,0,Depok
TRX02643,2023-04-27,Thursday,4,2023,Beli kopi susu di Warung Makan bareng teman,Warung Makan,Makanan & Minuman,35000,Pengeluaran,0,BRI,Online,0,Depok
TRX02644,2024-04-17,Wednesday,4,2024,Beli bensin taksi online di SPBU langganan,KCI Commuter,Transportasi,70000,Pengeluaran,0,BCA,Online,0,Medan
TRX02645,2024-07-08,Monday,7,2024,Beli bensin ojek online di SPBU langganan,Maxim,Transportasi,148000,Pengeluaran,0,QRIS,Online,0,Yogyakarta
TRX02646,2023-05-20,Saturday,5,2023,Top up reksa dana reksa dana pasar uang di Pintu,Pintu,Investasi,1960000,Pengeluaran,0,BRI,Online,0,Bandung
TRX02647,2023-09-29,Friday,9,2023,Mampir minimarket beli detergen & sabun stok mingguan,Uniqlo,Belanja,872000,Pengeluaran,0,QRIS,Online,0,Bengkulu
TRX02648,2026-01-24,Saturday,1,2026,Bayar rekening pulsa HP tepat waktu di PDAM,PDAM,Utilitas,557000,Pengeluaran,0,GoPay,Online,0,Bogor
TRX02649,2024-06-17,Monday,6,2024,Beli sepatu sneaker dan perlengkapan rumah tangga,Matahari,Belanja,127000,Pengeluaran,0,ShopeePay,Online,0,Medan
TRX02650,2026-01-04,Sunday,1,2026,Beli tiket masuk Netflix 1 bulan sama teman-teman,Netflix,Hiburan,352000,Pengeluaran,0,BRI,Online,0,Makassar
TRX02651,2025-11-01,Saturday,11,2025,Bayar langganan bulanan Netflix 1 bulan streaming,CGV,Hiburan,192000,Pengeluaran,0,BCA,Online,0,Tangerang
TRX02652,2026-04-12,Sunday,4,2026,Tebus resep obat suplemen imun di apotek langganan,Halodoc,Kesehatan,806000,Pengeluaran,0,QRIS,Online,0,Depok
TRX02653,2025-11-04,Tuesday,11,2025,Top up saldo kartu e-money untuk bensin Pertamax,Maxim,Transportasi,73000,Pengeluaran,0,Mandiri,Online,0,Yogyakarta
TRX02654,2026-03-20,Friday,3,2026,Bayar ongkos bensin Pertamax berangkat kerja di Grab,Grab,Transportasi,43000,Pengeluaran,0,BNI,Online,0,Surabaya
TRX02655,2023-04-07,Friday,4,2023,Beli burger di Kopi Kenangan bareng teman,Kopi Kenangan,Makanan & Minuman,75000,Pengeluaran,0,ShopeePay,Online,0,Palembang
TRX02656,2026-06-11,Thursday,6,2026,Beli soto betawi di KFC bareng teman,KFC,Makanan & Minuman,235000,Pengeluaran,0,QRIS,Online,0,Bekasi
TRX02657,2023-03-15,Wednesday,3,2023,Bayar konsultasi dokter dan beli minyak kayu putih,Apotek K-24,Kesehatan,390000,Pengeluaran,0,Tunai,Offline,1,Malang
TRX02658,2026-06-18,Thursday,6,2026,Beli sepatu sneaker baru via e-commerce,Uniqlo,Belanja,676000,Pengeluaran,0,BNI,Online,0,Yogyakarta
TRX02659,2023-07-28,Friday,7,2023,Makan malam soto betawi bareng keluarga,McDonalds,Makanan & Minuman,206000,Pengeluaran,0,Mandiri,Online,0,Denpasar
TRX02660,2025-07-19,Saturday,7,2025,Mampir beli boba tea sama minuman segar,Gacoan,Makanan & Minuman,53000,Pengeluaran,0,Tunai,Offline,1,Palembang
TRX02661,2023-12-27,Wednesday,12,2023,Beli snack & mie instan baru via e-commerce,Uniqlo,Belanja,808000,Pengeluaran,0,Mandiri,Online,0,Depok
TRX02662,2024-02-04,Sunday,2,2024,Beli bensin e-toll di SPBU langganan,Gojek,Transportasi,61000,Pengeluaran,0,QRIS,Online,0,Semarang
TRX02663,2024-09-10,Tuesday,9,2024,Beli snack & mie instan baru via e-commerce,Alfamart,Belanja,1087000,Pengeluaran,0,GoPay,Online,0,Jakarta
TRX02664,2024-07-08,Monday,7,2024,Pelunasan iuran listrik PLN biar aliran tetap lancar,Indihome,Utilitas,436000,Pengeluaran,0,ShopeePay,Online,0,Bengkulu
TRX02665,2024-12-16,Monday,12,2024,Jajanan kopi susu pas nongkrong malam minggu,Warung Makan,Makanan & Minuman,142000,Pengeluaran,0,BRI,Online,0,Palembang
TRX02666,2025-05-24,Saturday,5,2025,Pencairan honor bonus tahunan proyek freelance,PT Teknologi Karya,Gaji,13872000,Pemasukan,1,OVO,Online,0,Medan
TRX02667,2024-07-02,Tuesday,7,2024,Checkout soto betawi promo diskon sore hari,Kopi Kenangan,Makanan & Minuman,218000,Pengeluaran,0,Tunai,Offline,1,Depok
TRX02668,2025-01-04,Saturday,1,2025,Bayar tagihan pulsa HP bulanan rumah tangga,PLN,Utilitas,458000,Pengeluaran,0,GoPay,Online,0,Denpasar
TRX02669,2023-06-21,Wednesday,6,2023,Beli ayam geprek di Sederhana bareng teman,Sederhana,Makanan & Minuman,182000,Pengeluaran,0,BRI,Online,0,Bandung
TRX02670,2026-04-28,Tuesday,4,2026,Beli titipan minyak goreng pakai voucher belanja,Indomaret,Belanja,865000,Pengeluaran,0,Tunai,Offline,1,Bandung
TRX02671,2026-04-26,Sunday,4,2026,Checkout roti sobek pas diskon tanggal kembar,Matahari,Belanja,917000,Pengeluaran,0,Tunai,Offline,1,Bengkulu
TRX02672,2023-11-12,Sunday,11,2023,Transfer payroll bulanan atas hasil kerja keras sebulan,PT Teknologi Karya,Gaji,9394000,Pemasukan,1,BCA,Online,0,Palembang
TRX02673,2025-02-11,Tuesday,2,2025,Beli pizza di Chatime bareng teman,Chatime,Makanan & Minuman,180000,Pengeluaran,0,GoPay,Online,0,Surabaya
TRX02674,2024-02-03,Saturday,2,2024,Beli kopi susu di KFC bareng teman,KFC,Makanan & Minuman,26000,Pengeluaran,0,ShopeePay,Online,0,Bogor
TRX02675,2024-04-04,Thursday,4,2024,Sewa kendaraan ojek online untuk perjalanan harian,Maxim,Transportasi,31000,Pengeluaran,0,BRI,Online,0,Bogor
TRX02676,2023-11-07,Tuesday,11,2023,Checkout bakso urat promo diskon sore hari,McDonalds,Makanan & Minuman,206000,Pengeluaran,0,BNI,Online,0,Bekasi
TRX02677,2025-02-01,Saturday,2,2025,Isi ulang pulsa dan kuota gas LPG harian,XL Axiata,Utilitas,598000,Pengeluaran,0,DANA,Online,0,Palembang
TRX02678,2024-09-02,Monday,9,2024,Beli tiket nonton wahana rekreasi di CGV,CGV,Hiburan,301000,Pengeluaran,0,GoPay,Online,0,Semarang
TRX02679,2026-02-13,Friday,2,2026,Pelunasan iuran wifi internet biar aliran tetap lancar,XL Axiata,Utilitas,186000,Pengeluaran,0,BCA,Online,0,Jakarta
TRX02680,2025-03-06,Thursday,3,2025,Jajanan soto betawi pas nongkrong malam minggu,Mixue,Makanan & Minuman,178000,Pengeluaran,0,Mandiri,Online,0,Bogor
TRX02681,2024-10-04,Friday,10,2024,Pelunasan iuran pulsa HP biar aliran tetap lancar,XL Axiata,Utilitas,458000,Pengeluaran,0,QRIS,Online,0,Tangerang
TRX02682,2023-09-01,Friday,9,2023,Transfer bonus tahunan atas hasil kerja keras sebulan,PT Teknologi Karya,Gaji,9407000,Pemasukan,1,BNI,Online,0,Malang
TRX02683,2023-10-16,Monday,10,2023,Beli bensin bensin Pertamax di SPBU langganan,Bluebird,Transportasi,29000,Pengeluaran,0,Mandiri,Online,0,Bandung
TRX02684,2023-02-05,Sunday,2,2023,Beli detergen & sabun dan perlengkapan rumah tangga,Indomaret,Belanja,359000,Pengeluaran,0,ShopeePay,Online,0,Medan
TRX02685,2023-08-19,Saturday,8,2023,Belanja kebutuhan harian baju kaos di Blibli,Blibli,Belanja,989000,Pengeluaran,0,DANA,Online,0,Bandung
TRX02686,2025-04-12,Saturday,4,2025,Transfer payroll bulanan atas hasil kerja keras sebulan,Bank Central,Gaji,6663000,Pemasukan,1,BRI,Online,0,Denpasar
TRX02687,2024-02-12,Monday,2,2024,Beli nasi goreng di Mixue bareng teman,Mixue,Makanan & Minuman,71000,Pengeluaran,0,OVO,Online,0,Palembang
TRX02688,2023-02-12,Sunday,2,2023,Bayar ongkos ojek online berangkat kerja di Maxim,Maxim,Transportasi,11000,Pengeluaran,0,GoPay,Online,0,Depok
TRX02689,2024-02-07,Wednesday,2,2024,Beli tiket bensin Pertamax pulang pergi luar kota,MyPertamina,Transportasi,111000,Pengeluaran,0,Mandiri,Online,0,Bogor
TRX02690,2023-07-17,Monday,7,2023,Pesan boba tea via aplikasi pesan antar makanan,Gacoan,Makanan & Minuman,84000,Pengeluaran,0,Tunai,Offline,1,Denpasar
TRX02691,2024-04-26,Friday,4,2024,Pembayaran paket langganan wifi internet kecepatan tinggi,PLN,Utilitas,215000,Pengeluaran,0,OVO,Online,0,Bogor
TRX02692,2026-06-15,Monday,6,2026,Beli pizza di Sederhana bareng teman,Sederhana,Makanan & Minuman,30000,Pengeluaran,0,ShopeePay,Online,0,Bekasi
TRX02693,2025-06-04,Wednesday,6,2025,Bayar sarapan mie ayam di warung langganan,Kopi Kenangan,Makanan & Minuman,234000,Pengeluaran,0,Tunai,Offline,1,Bogor
TRX02694,2026-02-12,Thursday,2,2026,Beli tiket pesawat villa pantai di Tiket.com,Tiket.com,Perjalanan,2057000,Pengeluaran,0,DANA,Online,0,Palembang
TRX02695,2023-06-20,Tuesday,6,2023,Isi ulang pulsa dan kuota gas LPG harian,PDAM,Utilitas,231000,Pengeluaran,0,OVO,Online,0,Yogyakarta
TRX02696,2023-08-03,Thursday,8,2023,Makan sate ayam pas jam istirahat kantor,Mixue,Makanan & Minuman,15000,Pengeluaran,0,Mandiri,Online,0,Bandung
TRX02697,2025-11-01,Saturday,11,2025,Beli masker dan vitamin C untuk stok rumah,Apotek K-24,Kesehatan,186000,Pengeluaran,0,Tunai,Offline,1,Denpasar
TRX02698,2025-11-06,Thursday,11,2025,Beli bensin tiket KRL di SPBU langganan,KAI,Transportasi,128000,Pengeluaran,0,BNI,Online,0,Denpasar
TRX02699,2025-09-03,Wednesday,9,2025,Mampir minimarket beli roti sobek stok mingguan,Alfamart,Belanja,1034000,Pengeluaran,0,BCA,Online,0,Palembang
TRX02700,2026-07-12,Sunday,7,2026,Sewa kendaraan ojek online untuk perjalanan harian,Maxim,Transportasi,147000,Pengeluaran,0,ShopeePay,Online,0,Surabaya
TRX02701,2024-06-29,Saturday,6,2024,Pesan pizza via aplikasi pesan antar makanan,KFC,Makanan & Minuman,134000,Pengeluaran,0,OVO,Online,0,Surabaya
TRX02702,2025-08-01,Friday,8,2025,Pembayaran UKT semesteran buku koding Python,Penerbit Erlangga,Pendidikan,2530000,Pengeluaran,0,OVO,Online,0,Malang
TRX02703,2025-12-28,Sunday,12,2025,Transfer insentif proyek atas hasil kerja keras sebulan,Bank Central,Gaji,19801000,Pemasukan,1,BRI,Online,0,Bekasi
TRX02704,2023-02-04,Saturday,2,2023,Reservasi paket tur dan liburan tiket pesawat,KAI Access,Perjalanan,3387000,Pengeluaran,0,GoPay,Online,0,Bekasi
TRX02705,2025-03-28,Friday,3,2025,Pelunasan iuran gas LPG biar aliran tetap lancar,Indihome,Utilitas,146000,Pengeluaran,0,BRI,Online,0,Makassar
TRX02706,2025-07-06,Sunday,7,2025,Pesan burger via aplikasi pesan antar makanan,Sederhana,Makanan & Minuman,102000,Pengeluaran,0,QRIS,Online,0,Bengkulu
TRX02707,2025-06-10,Tuesday,6,2025,Transfer honor freelance atas hasil kerja keras sebulan,PT Nusantara Digital,Gaji,7972000,Pemasukan,1,BCA,Online,0,Yogyakarta
TRX02708,2024-07-03,Wednesday,7,2024,Bonus kinerja dan payroll bulanan dari perusahaan,PT Teknologi Karya,Gaji,17362000,Pemasukan,1,QRIS,Online,0,Surabaya
TRX02709,2025-06-15,Sunday,6,2025,Penerimaan honor freelance masuk ke rekening utama,Client Freelance,Gaji,3626000,Pemasukan,1,ShopeePay,Online,0,Tangerang
TRX02710,2026-05-04,Monday,5,2026,Pembayaran paket langganan wifi internet kecepatan tinggi,Pertagas,Utilitas,410000,Pengeluaran,0,QRIS,Online,0,Palembang
TRX02711,2024-07-18,Thursday,7,2024,Mampir beli kopi susu sama minuman segar,Mixue,Makanan & Minuman,43000,Pengeluaran,0,Mandiri,Online,0,Semarang
TRX02712,2025-07-27,Sunday,7,2025,Isi ulang pulsa dan kuota air PDAM harian,M3 Ooredoo,Utilitas,599000,Pengeluaran,0,ShopeePay,Online,0,Surabaya
TRX02713,2025-02-18,Tuesday,2,2025,Beli detergen & sabun dan perlengkapan rumah tangga,Matahari,Belanja,618000,Pengeluaran,0,BRI,Online,0,Bengkulu
TRX02714,2025-11-20,Thursday,11,2025,Bayar konsultasi dokter dan beli skincare & sabun cuci muka,Kimia Farma,Kesehatan,151000,Pengeluaran,0,BCA,Online,0,Bandung
TRX02715,2025-03-27,Thursday,3,2025,Makan malam nasi goreng bareng keluarga,Kopi Kenangan,Makanan & Minuman,117000,Pengeluaran,0,BCA,Online,0,Jakarta
TRX02716,2026-01-19,Monday,1,2026,Checkout sate ayam promo diskon sore hari,Mixue,Makanan & Minuman,148000,Pengeluaran,0,Tunai,Offline,1,Medan
TRX02717,2023-01-02,Monday,1,2023,Pelunasan iuran listrik PLN biar aliran tetap lancar,Biznet,Utilitas,544000,Pengeluaran,0,QRIS,Online,0,Bengkulu
TRX02718,2026-01-12,Monday,1,2026,Bayar rekening wifi internet tepat waktu di Pertagas,Pertagas,Utilitas,158000,Pengeluaran,0,ShopeePay,Online,0,Makassar
TRX02719,2025-05-01,Thursday,5,2025,Beli tiket pesawat hotel & resort di Tiket.com,Tiket.com,Perjalanan,3962000,Pengeluaran,0,GoPay,Online,0,Depok
TRX02720,2023-01-27,Friday,1,2023,Checkout nasi goreng promo diskon sore hari,Bakso Pak Kumis,Makanan & Minuman,199000,Pengeluaran,0,OVO,Online,0,Surabaya
TRX02721,2026-04-27,Monday,4,2026,Top up voucher game wahana rekreasi pas akhir pekan,DuFan,Hiburan,360000,Pengeluaran,0,Mandiri,Online,0,Jakarta
TRX02722,2025-01-02,Thursday,1,2025,Beli titipan snack & mie instan pakai voucher belanja,Indomaret,Belanja,1182000,Pengeluaran,0,Tunai,Offline,1,Yogyakarta
TRX02723,2026-01-13,Tuesday,1,2026,Bonus kinerja dan honor freelance dari perusahaan,PT Sukses Bersama,Gaji,5196000,Pemasukan,1,ShopeePay,Online,0,Tangerang
TRX02724,2025-09-09,Tuesday,9,2025,Langganan platform belajar buku koding Python,Gramedia,Pendidikan,2033000,Pengeluaran,0,BRI,Online,0,Palembang
TRX02725,2023-03-13,Monday,3,2023,Checkout mie ayam promo diskon sore hari,Bakso Pak Kumis,Makanan & Minuman,242000,Pengeluaran,0,BCA,Online,0,Medan
TRX02726,2024-07-09,Tuesday,7,2024,Bayar biaya kursus online UKT kuliah,Udemy,Pendidikan,2563000,Pengeluaran,0,BCA,Online,0,Palembang
TRX02727,2025-09-18,Thursday,9,2025,Beli roti sobek baru via e-commerce,Uniqlo,Belanja,845000,Pengeluaran,0,GoPay,Online,0,Bandung
TRX02728,2024-09-08,Sunday,9,2024,Bayar biaya kursus online kursus Data Science,Coursera,Pendidikan,578000,Pengeluaran,0,GoPay,Online,0,Depok
TRX02729,2024-12-05,Thursday,12,2024,Gaji pokok bulanan dari Client Freelance,Client Freelance,Gaji,13835000,Pemasukan,1,OVO,Online,0,Tangerang
TRX02730,2024-01-01,Monday,1,2024,Beli bakso urat di McDonalds bareng teman,McDonalds,Makanan & Minuman,99000,Pengeluaran,0,Tunai,Offline,1,Depok
TRX02731,2026-07-24,Friday,7,2026,Penerimaan honor freelance masuk ke rekening utama,PT Sukses Bersama,Gaji,11974000,Pemasukan,1,DANA,Online,0,Semarang
TRX02732,2025-09-10,Wednesday,9,2025,Pembayaran UKT semesteran sertifikasi AI,Udemy,Pendidikan,2904000,Pengeluaran,0,GoPay,Online,0,Makassar
TRX02733,2026-05-08,Friday,5,2026,Pesan boba tea via aplikasi pesan antar makanan,Solaria,Makanan & Minuman,39000,Pengeluaran,0,Mandiri,Online,0,Denpasar
TRX02734,2024-04-06,Saturday,4,2024,Checkout baju kaos pas diskon tanggal kembar,Blibli,Belanja,613000,Pengeluaran,0,GoPay,Online,0,Medan
TRX02735,2023-07-28,Friday,7,2023,Beli nasi goreng di Sederhana bareng teman,Sederhana,Makanan & Minuman,204000,Pengeluaran,0,Tunai,Offline,1,Bandung
TRX02736,2024-01-14,Sunday,1,2024,Beli instrumen investasi obligasi negara bulanan,Bibit,Investasi,2721000,Pengeluaran,0,BRI,Online,0,Bengkulu
TRX02737,2025-08-06,Wednesday,8,2025,Pembayaran paket langganan wifi internet kecepatan tinggi,XL Axiata,Utilitas,302000,Pengeluaran,0,GoPay,Online,0,Denpasar
TRX02738,2024-10-19,Saturday,10,2024,Pesan kendaraan online e-toll pas hujan,MyPertamina,Transportasi,53000,Pengeluaran,0,BRI,Online,0,Malang
TRX02739,2024-09-17,Tuesday,9,2024,Checkout ayam geprek promo diskon sore hari,Warung Makan,Makanan & Minuman,40000,Pengeluaran,0,ShopeePay,Online,0,Makassar
TRX02740,2025-09-28,Sunday,9,2025,Belanja kebutuhan harian tas punggung di Indomaret,Indomaret,Belanja,137000,Pengeluaran,0,BCA,Online,0,Denpasar
TRX02741,2023-04-07,Friday,4,2023,Beli baju kaos dan perlengkapan rumah tangga,Matahari,Belanja,942000,Pengeluaran,0,QRIS,Online,0,Yogyakarta
TRX02742,2024-04-16,Tuesday,4,2024,Beli bensin tiket KRL di SPBU langganan,KAI,Transportasi,86000,Pengeluaran,0,DANA,Online,0,Bogor
TRX02743,2025-12-19,Friday,12,2025,Top up saldo kartu e-money untuk ojek online,KCI Commuter,Transportasi,40000,Pengeluaran,0,GoPay,Online,0,Malang
TRX02744,2024-09-06,Friday,9,2024,Pesan kendaraan online bensin Pertamax pas hujan,TransJakarta,Transportasi,84000,Pengeluaran,0,Mandiri,Online,0,Jakarta
TRX02745,2024-11-13,Wednesday,11,2024,Beli burger di Mixue bareng teman,Mixue,Makanan & Minuman,71000,Pengeluaran,0,Tunai,Offline,1,Denpasar
TRX02746,2024-03-21,Thursday,3,2024,Checkout casing hp pas diskon tanggal kembar,Indomaret,Belanja,1092000,Pengeluaran,0,BRI,Online,0,Palembang
TRX02747,2023-03-18,Saturday,3,2023,Bayar tagihan gas LPG bulanan rumah tangga,Indihome,Utilitas,411000,Pengeluaran,0,BRI,Online,0,Yogyakarta
TRX02748,2026-01-17,Saturday,1,2026,Pembayaran paket langganan wifi internet kecepatan tinggi,PLN,Utilitas,495000,Pengeluaran,0,BRI,Online,0,Makassar
TRX02749,2023-05-09,Tuesday,5,2023,Pengeluaran bulanan beli tas punggung di Indomaret,Indomaret,Belanja,651000,Pengeluaran,0,Mandiri,Online,0,Depok
TRX02750,2024-11-01,Friday,11,2024,Bayar ongkos e-toll berangkat kerja di TransJakarta,TransJakarta,Transportasi,35000,Pengeluaran,0,ShopeePay,Online,0,Malang
TRX02751,2023-08-08,Tuesday,8,2023,Beli casing hp dan perlengkapan rumah tangga,Blibli,Belanja,596000,Pengeluaran,0,DANA,Online,0,Surabaya
TRX02752,2025-09-08,Monday,9,2025,Beli sepatu sneaker baru via e-commerce,Hypermart,Belanja,839000,Pengeluaran,0,BNI,Online,0,Semarang
TRX02753,2024-04-04,Thursday,4,2024,Mampir beli ayam geprek sama minuman segar,Solaria,Makanan & Minuman,242000,Pengeluaran,0,OVO,Online,0,Semarang
TRX02754,2024-11-30,Saturday,11,2024,Beli pizza di Sederhana bareng teman,Sederhana,Makanan & Minuman,191000,Pengeluaran,0,Tunai,Offline,1,Jakarta
TRX02755,2025-12-26,Friday,12,2025,Gaji pokok bulanan dari PT Sukses Bersama,PT Sukses Bersama,Gaji,4055000,Pemasukan,1,ShopeePay,Online,0,Depok
TRX02756,2024-04-24,Wednesday,4,2024,Bayar konsultasi dokter dan beli skincare & sabun cuci muka,Guardian,Kesehatan,127000,Pengeluaran,0,ShopeePay,Online,0,Malang
TRX02757,2025-04-18,Friday,4,2025,Gaji pokok bulanan dari PT Sukses Bersama,PT Sukses Bersama,Gaji,13160000,Pemasukan,1,OVO,Online,0,Semarang
TRX02758,2025-11-19,Wednesday,11,2025,Sewa kendaraan e-toll untuk perjalanan harian,KCI Commuter,Transportasi,167000,Pengeluaran,0,DANA,Online,0,Malang
TRX02759,2025-01-29,Wednesday,1,2025,Beli titipan minyak goreng pakai voucher belanja,Lazada,Belanja,1029000,Pengeluaran,0,GoPay,Online,0,Tangerang
TRX02760,2025-11-30,Sunday,11,2025,Beli bakso urat di Mixue bareng teman,Mixue,Makanan & Minuman,60000,Pengeluaran,0,Tunai,Offline,1,Yogyakarta
TRX02761,2026-04-10,Friday,4,2026,Pelunasan iuran air PDAM biar aliran tetap lancar,PDAM,Utilitas,591000,Pengeluaran,0,ShopeePay,Online,0,Medan
TRX02762,2026-05-31,Sunday,5,2026,Beli perlengkapan alat tulis buku koding Python kuliah,Coursera,Pendidikan,158000,Pengeluaran,0,GoPay,Online,0,Tangerang
TRX02763,2026-04-04,Saturday,4,2026,Bayar tagihan wifi internet bulanan rumah tangga,Telkomsel,Utilitas,322000,Pengeluaran,0,Mandiri,Online,0,Palembang
TRX02764,2025-10-13,Monday,10,2025,Top up saldo kartu e-money untuk e-toll,Maxim,Transportasi,143000,Pengeluaran,0,BNI,Online,0,Surabaya
TRX02765,2024-01-09,Tuesday,1,2024,Beli tiket bensin Pertamax pulang pergi luar kota,Gojek,Transportasi,138000,Pengeluaran,0,GoPay,Online,0,Tangerang
TRX02766,2025-06-08,Sunday,6,2025,Beli masker dan obat flu & pusing untuk stok rumah,Kimia Farma,Kesehatan,281000,Pengeluaran,0,DANA,Online,0,Bogor
TRX02767,2026-01-08,Thursday,1,2026,Beli pizza di Warung Makan bareng teman,Warung Makan,Makanan & Minuman,242000,Pengeluaran,0,BRI,Online,0,Bogor
TRX02768,2023-08-04,Friday,8,2023,Beli detergen & sabun dan perlengkapan rumah tangga,Matahari,Belanja,671000,Pengeluaran,0,Tunai,Offline,1,Bogor
TRX02769,2025-05-20,Tuesday,5,2025,Bayar biaya kursus online kursus Data Science,Kampus Universitas,Pendidikan,3471000,Pengeluaran,0,GoPay,Online,0,Surabaya
TRX02770,2026-07-10,Friday,7,2026,Beli masker dan minyak kayu putih untuk stok rumah,Halodoc,Kesehatan,798000,Pengeluaran,0,Tunai,Offline,1,Bekasi
TRX02771,2025-08-09,Saturday,8,2025,Beli instrumen investasi aset kripto bulanan,Bibit,Investasi,618000,Pengeluaran,0,OVO,Online,0,Jakarta
TRX02772,2023-09-06,Wednesday,9,2023,Makan pizza pas jam istirahat kantor,Bakso Pak Kumis,Makanan & Minuman,17000,Pengeluaran,0,Tunai,Offline,1,Bogor
TRX02773,2025-12-26,Friday,12,2025,Mampir beli soto betawi sama minuman segar,Sederhana,Makanan & Minuman,49000,Pengeluaran,0,GoPay,Online,0,Makassar
TRX02774,2023-09-06,Wednesday,9,2023,Beli nasi goreng di Solaria bareng teman,Solaria,Makanan & Minuman,191000,Pengeluaran,0,ShopeePay,Online,0,Tangerang
TRX02775,2023-07-26,Wednesday,7,2023,Beli tiket nonton film bioskop XXI di PlayStation Store,PlayStation Store,Hiburan,175000,Pengeluaran,0,GoPay,Online,0,Jakarta
TRX02776,2023-10-05,Thursday,10,2023,Mampir minimarket beli casing hp stok mingguan,Blibli,Belanja,167000,Pengeluaran,0,ShopeePay,Online,0,Yogyakarta
TRX02777,2024-02-26,Monday,2,2024,Mampir minimarket beli sepatu sneaker stok mingguan,Hypermart,Belanja,186000,Pengeluaran,0,Tunai,Offline,1,Makassar
TRX02778,2025-11-09,Sunday,11,2025,Beli bensin e-toll di SPBU langganan,Bluebird,Transportasi,63000,Pengeluaran,0,GoPay,Online,0,Medan
TRX02779,2026-06-21,Sunday,6,2026,Checkout boba tea promo diskon sore hari,Gacoan,Makanan & Minuman,238000,Pengeluaran,0,OVO,Online,0,Surabaya
TRX02780,2025-01-21,Tuesday,1,2025,Gaji pokok bulanan dari PT Sukses Bersama,PT Sukses Bersama,Gaji,6316000,Pemasukan,1,GoPay,Online,0,Bogor
TRX02781,2025-03-01,Saturday,3,2025,Tebus resep obat minyak kayu putih di apotek langganan,Apotek K-24,Kesehatan,611000,Pengeluaran,0,Tunai,Offline,1,Makassar
TRX02782,2023-08-25,Friday,8,2023,Makan malam kopi susu bareng keluarga,Chatime,Makanan & Minuman,188000,Pengeluaran,0,BRI,Online,0,Bogor
TRX02783,2025-11-06,Thursday,11,2025,Bayar biaya kursus online buku novel & komik,Coursera,Pendidikan,1971000,Pengeluaran,0,BCA,Online,0,Bogor
TRX02784,2023-11-21,Tuesday,11,2023,Isi ulang pulsa dan kuota pulsa HP harian,XL Axiata,Utilitas,54000,Pengeluaran,0,GoPay,Online,0,Depok
TRX02785,2024-05-25,Saturday,5,2024,Mampir minimarket beli baju kaos stok mingguan,Lazada,Belanja,547000,Pengeluaran,0,OVO,Online,0,Surabaya
TRX02786,2023-03-13,Monday,3,2023,Top up voucher game Spotify Premium pas akhir pekan,Steam,Hiburan,354000,Pengeluaran,0,Mandiri,Online,0,Makassar
TRX02787,2026-01-01,Thursday,1,2026,Beli tiket masuk game Steam sama teman-teman,PlayStation Store,Hiburan,165000,Pengeluaran,0,BCA,Online,0,Makassar
TRX02788,2023-09-12,Tuesday,9,2023,Beli burger di Mixue bareng teman,Mixue,Makanan & Minuman,49000,Pengeluaran,0,Mandiri,Online,0,Jakarta
TRX02789,2024-06-24,Monday,6,2024,Makan malam kopi susu bareng keluarga,Solaria,Makanan & Minuman,49000,Pengeluaran,0,ShopeePay,Online,0,Bogor
TRX02790,2023-07-29,Saturday,7,2023,Mampir minimarket beli snack & mie instan stok mingguan,Superindo,Belanja,262000,Pengeluaran,0,Mandiri,Online,0,Malang
TRX02791,2024-10-11,Friday,10,2024,Tebus resep obat minyak kayu putih di apotek langganan,Kimia Farma,Kesehatan,618000,Pengeluaran,0,OVO,Online,0,Yogyakarta
TRX02792,2025-04-03,Thursday,4,2025,Beli detergen & sabun baru via e-commerce,Matahari,Belanja,380000,Pengeluaran,0,Tunai,Offline,1,Denpasar
TRX02793,2024-07-23,Tuesday,7,2024,Pembayaran UKT semesteran buku novel & komik,Kampus Universitas,Pendidikan,1410000,Pengeluaran,0,GoPay,Online,0,Surabaya
TRX02794,2024-04-30,Tuesday,4,2024,Beli masker dan skincare & sabun cuci muka untuk stok rumah,RS Siloam,Kesehatan,796000,Pengeluaran,0,BRI,Online,0,Bogor
TRX02795,2025-10-02,Thursday,10,2025,Beli kopi susu di Chatime bareng teman,Chatime,Makanan & Minuman,179000,Pengeluaran,0,ShopeePay,Online,0,Denpasar
TRX02796,2023-09-03,Sunday,9,2023,Beli perlengkapan suplemen imun dan obat flu,RS Siloam,Kesehatan,824000,Pengeluaran,0,BCA,Online,0,Medan
TRX02797,2024-09-16,Monday,9,2024,Alokasi investasi berkala reksa dana pasar uang,Pintu,Investasi,941000,Pengeluaran,0,ShopeePay,Online,0,Yogyakarta
TRX02798,2025-06-26,Thursday,6,2025,Gaji pokok bulanan dari PT Sukses Bersama,PT Sukses Bersama,Gaji,11168000,Pemasukan,1,Mandiri,Online,0,Palembang
TRX02799,2024-08-04,Sunday,8,2024,Pesan kendaraan online ojek online pas hujan,TransJakarta,Transportasi,34000,Pengeluaran,0,Mandiri,Online,0,Bekasi
TRX02800,2023-01-18,Wednesday,1,2023,Transfer gaji pokok atas hasil kerja keras sebulan,Bank Central,Gaji,9824000,Pemasukan,1,ShopeePay,Online,0,Bogor
TRX02801,2025-05-08,Thursday,5,2025,Alokasi investasi berkala saham blue chip,Bareksa,Investasi,645000,Pengeluaran,0,GoPay,Online,0,Semarang
TRX02802,2023-12-08,Friday,12,2023,Beli instrumen investasi reksa dana pasar uang bulanan,Ajaib,Investasi,1052000,Pengeluaran,0,BNI,Online,0,Malang
TRX02803,2023-03-13,Monday,3,2023,Top up saldo kartu e-money untuk taksi online,MyPertamina,Transportasi,44000,Pengeluaran,0,BCA,Online,0,Semarang
TRX02804,2024-07-26,Friday,7,2024,Mampir beli soto betawi sama minuman segar,Gacoan,Makanan & Minuman,40000,Pengeluaran,0,BRI,Online,0,Semarang
TRX02805,2025-01-30,Thursday,1,2025,Booking penginapan dan hotel hotel & resort liburan,Tiket.com,Perjalanan,4254000,Pengeluaran,0,QRIS,Online,0,Surabaya
TRX02806,2026-07-23,Thursday,7,2026,Langganan platform belajar UKT kuliah,Ruangguru,Pendidikan,2007000,Pengeluaran,0,BCA,Online,0,Malang
TRX02807,2026-02-16,Monday,2,2026,Pembayaran paket langganan wifi internet kecepatan tinggi,XL Axiata,Utilitas,466000,Pengeluaran,0,Mandiri,Online,0,Bandung
TRX02808,2023-12-30,Saturday,12,2023,Beli titipan snack & mie instan pakai voucher belanja,Blibli,Belanja,320000,Pengeluaran,0,Tunai,Offline,1,Jakarta
TRX02809,2024-06-26,Wednesday,6,2024,Bayar konsultasi dokter dan beli vitamin C,Guardian,Kesehatan,459000,Pengeluaran,0,Tunai,Offline,1,Denpasar
TRX02810,2026-06-27,Saturday,6,2026,Makan malam sate ayam bareng keluarga,Bakso Pak Kumis,Makanan & Minuman,149000,Pengeluaran,0,OVO,Online,0,Medan
TRX02811,2023-04-13,Thursday,4,2023,Isi ulang pulsa dan kuota gas LPG harian,Indihome,Utilitas,509000,Pengeluaran,0,BRI,Online,0,Jakarta
TRX02812,2023-11-07,Tuesday,11,2023,Pesan kendaraan online e-toll pas hujan,Gojek,Transportasi,70000,Pengeluaran,0,OVO,Online,0,Depok
TRX02813,2025-04-28,Monday,4,2025,Pesan kendaraan online e-toll pas hujan,Grab,Transportasi,60000,Pengeluaran,0,OVO,Online,0,Denpasar
TRX02814,2026-04-09,Thursday,4,2026,Jajanan soto betawi pas nongkrong malam minggu,Warung Makan,Makanan & Minuman,169000,Pengeluaran,0,BCA,Online,0,Surabaya
TRX02815,2025-10-10,Friday,10,2025,Beli pizza di Warung Makan bareng teman,Warung Makan,Makanan & Minuman,21000,Pengeluaran,0,Mandiri,Online,0,Malang
TRX02816,2025-08-03,Sunday,8,2025,Pesan soto betawi via aplikasi pesan antar makanan,Gacoan,Makanan & Minuman,56000,Pengeluaran,0,Tunai,Offline,1,Medan
TRX02817,2026-01-12,Monday,1,2026,Beli masker dan obat flu & pusing untuk stok rumah,Century,Kesehatan,513000,Pengeluaran,0,OVO,Online,0,Yogyakarta
TRX02818,2023-10-19,Thursday,10,2023,Checkout sate ayam promo diskon sore hari,Gacoan,Makanan & Minuman,237000,Pengeluaran,0,QRIS,Online,0,Bekasi
TRX02819,2025-04-14,Monday,4,2025,Beli masker dan obat flu & pusing untuk stok rumah,Alodokter,Kesehatan,201000,Pengeluaran,0,BNI,Online,0,Yogyakarta
TRX02820,2023-01-13,Friday,1,2023,Isi ulang pulsa dan kuota air PDAM harian,Telkomsel,Utilitas,105000,Pengeluaran,0,BRI,Online,0,Bogor
TRX02821,2024-04-06,Saturday,4,2024,Beli bensin bensin Pertamax di SPBU langganan,KCI Commuter,Transportasi,102000,Pengeluaran,0,BRI,Online,0,Surabaya
TRX02822,2025-03-24,Monday,3,2025,Bayar sarapan ayam geprek di warung langganan,Warung Makan,Makanan & Minuman,248000,Pengeluaran,0,BNI,Online,0,Bandung
TRX02823,2023-02-04,Saturday,2,2023,Bonus kinerja dan honor freelance dari perusahaan,PT Sukses Bersama,Gaji,9407000,Pemasukan,1,OVO,Online,0,Malang
TRX02824,2023-02-16,Thursday,2,2023,Checkout mie ayam promo diskon sore hari,McDonalds,Makanan & Minuman,95000,Pengeluaran,0,Tunai,Offline,1,Depok
TRX02825,2023-09-25,Monday,9,2023,Pembayaran paket langganan pulsa HP kecepatan tinggi,PDAM,Utilitas,357000,Pengeluaran,0,ShopeePay,Online,0,Jakarta
TRX02826,2023-10-02,Monday,10,2023,Beli minyak goreng baru via e-commerce,Uniqlo,Belanja,1131000,Pengeluaran,0,OVO,Online,0,Jakarta
TRX02827,2023-09-27,Wednesday,9,2023,Checkout bakso urat promo diskon sore hari,Sederhana,Makanan & Minuman,152000,Pengeluaran,0,BNI,Online,0,Bandung
TRX02828,2025-05-30,Friday,5,2025,Bayar rekening wifi internet tepat waktu di XL Axiata,XL Axiata,Utilitas,598000,Pengeluaran,0,OVO,Online,0,Semarang
TRX02829,2025-09-07,Sunday,9,2025,Beli token air PDAM prabayar via m-banking,XL Axiata,Utilitas,524000,Pengeluaran,0,OVO,Online,0,Jakarta
TRX02830,2023-01-20,Friday,1,2023,Isi ulang pulsa dan kuota wifi internet harian,Telkomsel,Utilitas,315000,Pengeluaran,0,BCA,Online,0,Denpasar
TRX02831,2024-04-17,Wednesday,4,2024,Beli baju kaos baru via e-commerce,Lazada,Belanja,249000,Pengeluaran,0,DANA,Online,0,Semarang
TRX02832,2026-06-23,Tuesday,6,2026,Tebus resep obat obat flu & pusing di apotek langganan,Apotek K-24,Kesehatan,337000,Pengeluaran,0,Tunai,Offline,1,Palembang
TRX02833,2026-03-15,Sunday,3,2026,Beli tiket taksi online pulang pergi luar kota,KAI,Transportasi,196000,Pengeluaran,0,BRI,Online,0,Bogor
TRX02834,2024-02-09,Friday,2,2024,Beli masker dan skincare & sabun cuci muka untuk stok rumah,Apotek K-24,Kesehatan,305000,Pengeluaran,0,QRIS,Online,0,Yogyakarta
TRX02835,2023-03-22,Wednesday,3,2023,Pembayaran paket langganan air PDAM kecepatan tinggi,PDAM,Utilitas,590000,Pengeluaran,0,OVO,Online,0,Makassar
TRX02836,2024-07-15,Monday,7,2024,Checkout detergen & sabun pas diskon tanggal kembar,Tokopedia,Belanja,160000,Pengeluaran,0,Mandiri,Online,0,Bekasi
TRX02837,2025-10-03,Friday,10,2025,Transfer gaji pokok atas hasil kerja keras sebulan,PT Teknologi Karya,Gaji,14275000,Pemasukan,1,BCA,Online,0,Depok
TRX02838,2024-03-02,Saturday,3,2024,Bayar ongkos ojek online berangkat kerja di Gojek,Gojek,Transportasi,14000,Pengeluaran,0,ShopeePay,Online,0,Denpasar
TRX02839,2025-02-10,Monday,2,2025,Jajanan mie ayam pas nongkrong malam minggu,Chatime,Makanan & Minuman,76000,Pengeluaran,0,BCA,Online,0,Jakarta
TRX02840,2025-11-23,Sunday,11,2025,Pelunasan iuran listrik PLN biar aliran tetap lancar,PDAM,Utilitas,171000,Pengeluaran,0,OVO,Online,0,Tangerang
TRX02841,2023-01-06,Friday,1,2023,Pesan mie ayam via aplikasi pesan antar makanan,KFC,Makanan & Minuman,225000,Pengeluaran,0,Tunai,Offline,1,Bengkulu
TRX02842,2025-10-09,Thursday,10,2025,Jajanan pizza pas nongkrong malam minggu,Kopi Kenangan,Makanan & Minuman,204000,Pengeluaran,0,BCA,Online,0,Palembang
TRX02843,2023-01-19,Thursday,1,2023,Pembayaran paket langganan wifi internet kecepatan tinggi,M3 Ooredoo,Utilitas,134000,Pengeluaran,0,ShopeePay,Online,0,Palembang
TRX02844,2025-09-10,Wednesday,9,2025,Booking penginapan dan hotel tiket pesawat liburan,Garuda Indonesia,Perjalanan,715000,Pengeluaran,0,BCA,Online,0,Depok
TRX02845,2026-05-07,Thursday,5,2026,Beli perlengkapan minyak kayu putih dan obat flu,Century,Kesehatan,730000,Pengeluaran,0,Tunai,Offline,1,Palembang
TRX02846,2023-09-01,Friday,9,2023,Beli tiket masuk Netflix 1 bulan sama teman-teman,PlayStation Store,Hiburan,72000,Pengeluaran,0,BNI,Online,0,Denpasar
TRX02847,2023-06-24,Saturday,6,2023,Pengeluaran bulanan beli minyak goreng di Matahari,Matahari,Belanja,555000,Pengeluaran,0,BRI,Online,0,Tangerang
TRX02848,2026-03-20,Friday,3,2026,Top up reksa dana saham blue chip di Ajaib,Ajaib,Investasi,874000,Pengeluaran,0,QRIS,Online,0,Tangerang
TRX02849,2023-01-25,Wednesday,1,2023,Bayar sarapan boba tea di warung langganan,Bakso Pak Kumis,Makanan & Minuman,86000,Pengeluaran,0,BCA,Online,0,Yogyakarta
TRX02850,2024-10-20,Sunday,10,2024,Beli snack & mie instan dan perlengkapan rumah tangga,Matahari,Belanja,584000,Pengeluaran,0,OVO,Online,0,Yogyakarta
TRX02851,2023-10-31,Tuesday,10,2023,Beli tiket ojek online pulang pergi luar kota,Grab,Transportasi,45000,Pengeluaran,0,QRIS,Online,0,Depok
TRX02852,2023-02-02,Thursday,2,2023,Beli resep minyak kayu putih dan vitamin di Guardian,Guardian,Kesehatan,735000,Pengeluaran,0,BRI,Online,0,Bengkulu
TRX02853,2024-03-31,Sunday,3,2024,Beli token listrik PLN prabayar via m-banking,Telkomsel,Utilitas,450000,Pengeluaran,0,BRI,Online,0,Jakarta
TRX02854,2025-12-23,Tuesday,12,2025,Beli tas punggung dan perlengkapan rumah tangga,Indomaret,Belanja,690000,Pengeluaran,0,DANA,Online,0,Medan
TRX02855,2025-01-04,Saturday,1,2025,Transfer honor freelance atas hasil kerja keras sebulan,PT Teknologi Karya,Gaji,8735000,Pemasukan,1,Mandiri,Online,0,Makassar
TRX02856,2025-07-19,Saturday,7,2025,Pesan bakso urat via aplikasi pesan antar makanan,Chatime,Makanan & Minuman,173000,Pengeluaran,0,Tunai,Offline,1,Tangerang
TRX02857,2026-02-20,Friday,2,2026,Top up reksa dana aset kripto di Pintu,Pintu,Investasi,2348000,Pengeluaran,0,BNI,Online,0,Bengkulu
TRX02858,2025-05-07,Wednesday,5,2025,Pembayaran UKT semesteran kursus Data Science,Penerbit Erlangga,Pendidikan,1517000,Pengeluaran,0,BCA,Online,0,Semarang
TRX02859,2025-03-25,Tuesday,3,2025,Jajanan nasi goreng pas nongkrong malam minggu,Gacoan,Makanan & Minuman,169000,Pengeluaran,0,Tunai,Offline,1,Jakarta
TRX02860,2024-06-25,Tuesday,6,2024,Belanja kebutuhan harian detergen & sabun di Alfamart,Alfamart,Belanja,286000,Pengeluaran,0,ShopeePay,Online,0,Bandung
TRX02861,2025-07-27,Sunday,7,2025,Bayar sarapan ayam geprek di warung langganan,KFC,Makanan & Minuman,246000,Pengeluaran,0,Tunai,Offline,1,Bekasi
TRX02862,2026-07-08,Wednesday,7,2026,Checkout baju kaos pas diskon tanggal kembar,Uniqlo,Belanja,85000,Pengeluaran,0,QRIS,Online,0,Denpasar
TRX02863,2025-02-05,Wednesday,2,2025,Checkout mie ayam promo diskon sore hari,Solaria,Makanan & Minuman,72000,Pengeluaran,0,QRIS,Online,0,Semarang
TRX02864,2025-02-20,Thursday,2,2025,Beli bensin bensin Pertamax di SPBU langganan,KCI Commuter,Transportasi,122000,Pengeluaran,0,OVO,Online,0,Medan
TRX02865,2026-07-22,Wednesday,7,2026,Beli baju kaos baru via e-commerce,Alfamart,Belanja,205000,Pengeluaran,0,BCA,Online,0,Makassar
TRX02866,2025-10-19,Sunday,10,2025,Top up saldo kartu e-money untuk tiket KRL,KAI,Transportasi,48000,Pengeluaran,0,QRIS,Online,0,Medan
TRX02867,2024-12-17,Tuesday,12,2024,Isi ulang pulsa dan kuota listrik PLN harian,XL Axiata,Utilitas,469000,Pengeluaran,0,ShopeePay,Online,0,Bandung
TRX02868,2023-12-01,Friday,12,2023,Alokasi investasi berkala saham blue chip,Bibit,Investasi,2836000,Pengeluaran,0,BRI,Online,0,Palembang
TRX02869,2025-07-16,Wednesday,7,2025,Reservasi paket tur dan liburan villa pantai,Lion Air,Perjalanan,3473000,Pengeluaran,0,GoPay,Online,0,Depok
TRX02870,2025-03-30,Sunday,3,2025,Top up reksa dana aset kripto di Bareksa,Bareksa,Investasi,2645000,Pengeluaran,0,DANA,Online,0,Depok
TRX02871,2025-04-17,Thursday,4,2025,Top up voucher game wahana rekreasi pas akhir pekan,Netflix,Hiburan,434000,Pengeluaran,0,QRIS,Online,0,Yogyakarta
TRX02872,2025-08-14,Thursday,8,2025,Beli masker dan vitamin C untuk stok rumah,Guardian,Kesehatan,91000,Pengeluaran,0,GoPay,Online,0,Jakarta
TRX02873,2023-03-16,Thursday,3,2023,Beli snack & mie instan baru via e-commerce,Indomaret,Belanja,1183000,Pengeluaran,0,QRIS,Online,0,Bandung
TRX02874,2023-09-15,Friday,9,2023,Mampir beli kopi susu sama minuman segar,Chatime,Makanan & Minuman,28000,Pengeluaran,0,OVO,Online,0,Depok
TRX02875,2025-02-13,Thursday,2,2025,Bayar tagihan air PDAM bulanan rumah tangga,PDAM,Utilitas,394000,Pengeluaran,0,OVO,Online,0,Bogor
TRX02876,2024-06-01,Saturday,6,2024,Transfer bonus tahunan atas hasil kerja keras sebulan,PT Sukses Bersama,Gaji,11914000,Pemasukan,1,BRI,Online,0,Jakarta
TRX02877,2025-03-29,Saturday,3,2025,Penerimaan insentif proyek masuk ke rekening utama,PT Sukses Bersama,Gaji,7554000,Pemasukan,1,BNI,Online,0,Bengkulu
TRX02878,2026-06-08,Monday,6,2026,Pembayaran paket langganan gas LPG kecepatan tinggi,Biznet,Utilitas,132000,Pengeluaran,0,ShopeePay,Online,0,Bandung
TRX02879,2025-08-07,Thursday,8,2025,Mampir beli kopi susu sama minuman segar,Solaria,Makanan & Minuman,72000,Pengeluaran,0,QRIS,Online,0,Denpasar
TRX02880,2025-10-26,Sunday,10,2025,Beli masker dan obat flu & pusing untuk stok rumah,Guardian,Kesehatan,559000,Pengeluaran,0,OVO,Online,0,Denpasar
TRX02881,2023-02-17,Friday,2,2023,Booking penginapan dan hotel tiket kereta api liburan,Garuda Indonesia,Perjalanan,3145000,Pengeluaran,0,BNI,Online,0,Bogor
TRX02882,2023-07-26,Wednesday,7,2023,Beli tiket pesawat hotel & resort di Tiket.com,Tiket.com,Perjalanan,3339000,Pengeluaran,0,QRIS,Online,0,Medan
TRX02883,2024-07-25,Thursday,7,2024,Beli kopi susu di McDonalds bareng teman,McDonalds,Makanan & Minuman,45000,Pengeluaran,0,BCA,Online,0,Semarang
TRX02884,2026-06-05,Friday,6,2026,Beli bensin ojek online di SPBU langganan,Bluebird,Transportasi,137000,Pengeluaran,0,BRI,Online,0,Surabaya
TRX02885,2025-10-31,Friday,10,2025,Checkout casing hp pas diskon tanggal kembar,Alfamart,Belanja,152000,Pengeluaran,0,Mandiri,Online,0,Surabaya
TRX02886,2026-05-02,Saturday,5,2026,Belanja kebutuhan harian detergen & sabun di Matahari,Matahari,Belanja,208000,Pengeluaran,0,BCA,Online,0,Jakarta
TRX02887,2024-03-05,Tuesday,3,2024,Checkout baju kaos pas diskon tanggal kembar,Blibli,Belanja,244000,Pengeluaran,0,DANA,Online,0,Bekasi
TRX02888,2023-07-22,Saturday,7,2023,Bonus kinerja dan payroll bulanan dari perusahaan,Client Freelance,Gaji,4993000,Pemasukan,1,BNI,Online,0,Depok
TRX02889,2026-07-14,Tuesday,7,2026,Sewa kendaraan tiket KRL untuk perjalanan harian,Maxim,Transportasi,193000,Pengeluaran,0,BCA,Online,0,Bekasi
TRX02890,2025-11-05,Wednesday,11,2025,Beli titipan snack & mie instan pakai voucher belanja,Matahari,Belanja,980000,Pengeluaran,0,GoPay,Online,0,Bogor
TRX02891,2025-01-16,Thursday,1,2025,Beli buku buku koding Python di Penerbit Erlangga,Penerbit Erlangga,Pendidikan,943000,Pengeluaran,0,DANA,Online,0,Makassar
TRX02892,2024-04-02,Tuesday,4,2024,Belanja kebutuhan harian baju kaos di Tokopedia,Tokopedia,Belanja,992000,Pengeluaran,0,ShopeePay,Online,0,Denpasar
TRX02893,2025-06-27,Friday,6,2025,Beli token pulsa HP prabayar via m-banking,PLN,Utilitas,529000,Pengeluaran,0,BCA,Online,0,Bekasi
TRX02894,2024-04-09,Tuesday,4,2024,Isi ulang pulsa dan kuota listrik PLN harian,XL Axiata,Utilitas,78000,Pengeluaran,0,ShopeePay,Online,0,Bekasi
TRX02895,2025-11-14,Friday,11,2025,Pesan soto betawi via aplikasi pesan antar makanan,Sederhana,Makanan & Minuman,48000,Pengeluaran,0,OVO,Online,0,Semarang
TRX02896,2025-09-12,Friday,9,2025,Beli token gas LPG prabayar via m-banking,PDAM,Utilitas,546000,Pengeluaran,0,GoPay,Online,0,Bogor
TRX02897,2024-04-09,Tuesday,4,2024,Makan burger pas jam istirahat kantor,Solaria,Makanan & Minuman,245000,Pengeluaran,0,BRI,Online,0,Tangerang
TRX02898,2024-08-10,Saturday,8,2024,Isi ulang pulsa dan kuota wifi internet harian,M3 Ooredoo,Utilitas,562000,Pengeluaran,0,BCA,Online,0,Jakarta
TRX02899,2023-12-14,Thursday,12,2023,Gaji pokok bulanan dari PT Sukses Bersama,PT Sukses Bersama,Gaji,10488000,Pemasukan,1,OVO,Online,0,Bandung
TRX02900,2023-11-29,Wednesday,11,2023,Booking penginapan dan hotel villa pantai liburan,Traveloka,Perjalanan,3449000,Pengeluaran,0,OVO,Online,0,Denpasar
TRX02901,2024-12-22,Sunday,12,2024,Tebus resep obat suplemen imun di apotek langganan,Halodoc,Kesehatan,50000,Pengeluaran,0,DANA,Online,0,Bengkulu
TRX02902,2024-12-31,Tuesday,12,2024,Bayar sarapan bakso urat di warung langganan,Sederhana,Makanan & Minuman,162000,Pengeluaran,0,GoPay,Online,0,Bekasi
TRX02903,2023-10-18,Wednesday,10,2023,Makan malam bakso urat bareng keluarga,Gacoan,Makanan & Minuman,244000,Pengeluaran,0,BRI,Online,0,Palembang
TRX02904,2023-05-29,Monday,5,2023,Bayar sarapan kopi susu di warung langganan,Gacoan,Makanan & Minuman,108000,Pengeluaran,0,Tunai,Offline,1,Bogor
TRX02905,2025-12-06,Saturday,12,2025,Beli bensin tiket KRL di SPBU langganan,Maxim,Transportasi,189000,Pengeluaran,0,BNI,Online,0,Malang
TRX02906,2026-01-07,Wednesday,1,2026,Top up voucher game Netflix 1 bulan pas akhir pekan,Steam,Hiburan,307000,Pengeluaran,0,QRIS,Online,0,Denpasar
TRX02907,2023-05-16,Tuesday,5,2023,Makan sate ayam pas jam istirahat kantor,Gacoan,Makanan & Minuman,204000,Pengeluaran,0,BNI,Online,0,Bogor
TRX02908,2023-02-01,Wednesday,2,2023,Checkout detergen & sabun pas diskon tanggal kembar,Shopee,Belanja,231000,Pengeluaran,0,BNI,Online,0,Palembang
TRX02909,2025-09-02,Tuesday,9,2025,Top up saldo kartu e-money untuk tiket KRL,Bluebird,Transportasi,192000,Pengeluaran,0,Mandiri,Online,0,Medan
TRX02910,2026-06-12,Friday,6,2026,Langganan fitur premium game Steam bulanan,XXI Cinema,Hiburan,76000,Pengeluaran,0,BNI,Online,0,Jakarta
TRX02911,2024-10-29,Tuesday,10,2024,Jajanan sate ayam pas nongkrong malam minggu,KFC,Makanan & Minuman,122000,Pengeluaran,0,BRI,Online,0,Yogyakarta
TRX02912,2025-11-01,Saturday,11,2025,Beli resep suplemen imun dan vitamin di Century,Century,Kesehatan,357000,Pengeluaran,0,ShopeePay,Online,0,Makassar
TRX02913,2024-10-19,Saturday,10,2024,Beli tiket bensin Pertamax pulang pergi luar kota,Grab,Transportasi,29000,Pengeluaran,0,DANA,Online,0,Depok
TRX02914,2025-10-06,Monday,10,2025,Checkout sepatu sneaker pas diskon tanggal kembar,Indomaret,Belanja,787000,Pengeluaran,0,DANA,Online,0,Denpasar
TRX02915,2023-07-21,Friday,7,2023,Mampir minimarket beli sepatu sneaker stok mingguan,Superindo,Belanja,118000,Pengeluaran,0,DANA,Online,0,Bandung
TRX02916,2024-04-10,Wednesday,4,2024,Pesan kendaraan online bensin Pertamax pas hujan,Gojek,Transportasi,84000,Pengeluaran,0,OVO,Online,0,Tangerang
TRX02917,2025-01-27,Monday,1,2025,Top up saldo kartu e-money untuk taksi online,Bluebird,Transportasi,46000,Pengeluaran,0,BCA,Online,0,Makassar
TRX02918,2023-05-13,Saturday,5,2023,Checkout tas punggung pas diskon tanggal kembar,Alfamart,Belanja,150000,Pengeluaran,0,DANA,Online,0,Surabaya
TRX02919,2025-01-10,Friday,1,2025,Beli tas punggung baru via e-commerce,Superindo,Belanja,495000,Pengeluaran,0,BCA,Online,0,Medan
TRX02920,2023-07-20,Thursday,7,2023,Pembayaran paket langganan air PDAM kecepatan tinggi,Telkomsel,Utilitas,66000,Pengeluaran,0,BRI,Online,0,Depok
TRX02921,2025-06-24,Tuesday,6,2025,Beli snack & mie instan baru via e-commerce,Indomaret,Belanja,689000,Pengeluaran,0,BRI,Online,0,Palembang
TRX02922,2023-04-13,Thursday,4,2023,Mampir beli boba tea sama minuman segar,McDonalds,Makanan & Minuman,212000,Pengeluaran,0,ShopeePay,Online,0,Palembang
TRX02923,2023-10-30,Monday,10,2023,Langganan fitur premium wahana rekreasi bulanan,XXI Cinema,Hiburan,183000,Pengeluaran,0,BCA,Online,0,Yogyakarta
TRX02924,2025-05-03,Saturday,5,2025,Mampir minimarket beli detergen & sabun stok mingguan,Tokopedia,Belanja,797000,Pengeluaran,0,BRI,Online,0,Yogyakarta
TRX02925,2023-05-19,Friday,5,2023,Top up voucher game Netflix 1 bulan pas akhir pekan,PlayStation Store,Hiburan,136000,Pengeluaran,0,ShopeePay,Online,0,Depok
TRX02926,2025-04-01,Tuesday,4,2025,Pembayaran paket langganan wifi internet kecepatan tinggi,Indihome,Utilitas,178000,Pengeluaran,0,Mandiri,Online,0,Depok
TRX02927,2025-12-19,Friday,12,2025,Beli tas punggung baru via e-commerce,Lazada,Belanja,131000,Pengeluaran,0,BCA,Online,0,Tangerang
TRX02928,2024-06-23,Sunday,6,2024,Bayar rekening gas LPG tepat waktu di XL Axiata,XL Axiata,Utilitas,289000,Pengeluaran,0,BRI,Online,0,Jakarta
TRX02929,2024-11-16,Saturday,11,2024,Beli perlengkapan vitamin C dan obat flu,RS Siloam,Kesehatan,36000,Pengeluaran,0,BCA,Online,0,Bengkulu
TRX02930,2025-12-10,Wednesday,12,2025,Alokasi investasi berkala saham blue chip,Pintu,Investasi,919000,Pengeluaran,0,OVO,Online,0,Bekasi
TRX02931,2023-06-21,Wednesday,6,2023,Alokasi investasi berkala obligasi negara,Ajaib,Investasi,1154000,Pengeluaran,0,BCA,Online,0,Makassar
TRX02932,2024-01-28,Sunday,1,2024,Bonus kinerja dan honor freelance dari perusahaan,PT Sukses Bersama,Gaji,5393000,Pemasukan,1,DANA,Online,0,Denpasar
TRX02933,2026-05-04,Monday,5,2026,Top up voucher game game Steam pas akhir pekan,Netflix,Hiburan,160000,Pengeluaran,0,BRI,Online,0,Palembang
TRX02934,2023-06-07,Wednesday,6,2023,Pencairan honor bonus tahunan proyek freelance,PT Nusantara Digital,Gaji,12008000,Pemasukan,1,BRI,Online,0,Bogor
TRX02935,2024-01-06,Saturday,1,2024,Isi ulang pulsa dan kuota air PDAM harian,XL Axiata,Utilitas,261000,Pengeluaran,0,BRI,Online,0,Jakarta
TRX02936,2023-12-27,Wednesday,12,2023,Makan soto betawi pas jam istirahat kantor,McDonalds,Makanan & Minuman,42000,Pengeluaran,0,DANA,Online,0,Bogor
TRX02937,2025-01-29,Wednesday,1,2025,Pencairan honor honor freelance proyek freelance,Client Freelance,Gaji,7454000,Pemasukan,1,DANA,Online,0,Surabaya
TRX02938,2025-05-16,Friday,5,2025,Checkout ayam geprek promo diskon sore hari,Chatime,Makanan & Minuman,44000,Pengeluaran,0,ShopeePay,Online,0,Palembang
TRX02939,2026-03-27,Friday,3,2026,Beli token wifi internet prabayar via m-banking,PLN,Utilitas,156000,Pengeluaran,0,OVO,Online,0,Malang
TRX02940,2023-01-17,Tuesday,1,2023,Beli ayam geprek di McDonalds bareng teman,McDonalds,Makanan & Minuman,245000,Pengeluaran,0,Tunai,Offline,1,Palembang
TRX02941,2026-03-10,Tuesday,3,2026,Beli perlengkapan obat flu & pusing dan obat flu,Kimia Farma,Kesehatan,218000,Pengeluaran,0,QRIS,Online,0,Yogyakarta
TRX02942,2023-06-08,Thursday,6,2023,Makan nasi goreng pas jam istirahat kantor,Mixue,Makanan & Minuman,130000,Pengeluaran,0,BCA,Online,0,Depok
TRX02943,2024-03-18,Monday,3,2024,Bayar konsultasi dokter dan beli suplemen imun,Kimia Farma,Kesehatan,486000,Pengeluaran,0,BCA,Online,0,Depok
TRX02944,2024-12-02,Monday,12,2024,Pencairan honor insentif proyek proyek freelance,PT Nusantara Digital,Gaji,9997000,Pemasukan,1,Mandiri,Online,0,Bandung
TRX02945,2025-04-26,Saturday,4,2025,Beli perlengkapan skincare & sabun cuci muka dan obat flu,Apotek K-24,Kesehatan,415000,Pengeluaran,0,BNI,Online,0,Bogor
TRX02946,2025-06-21,Saturday,6,2025,Makan malam soto betawi bareng keluarga,Chatime,Makanan & Minuman,76000,Pengeluaran,0,BCA,Online,0,Denpasar
TRX02947,2024-03-31,Sunday,3,2024,Pembelian aset obligasi negara untuk tabungan masa depan,Bibit,Investasi,1165000,Pengeluaran,0,BCA,Online,0,Bandung
TRX02948,2024-12-17,Tuesday,12,2024,Transfer payroll bulanan atas hasil kerja keras sebulan,Bank Central,Gaji,7062000,Pemasukan,1,Mandiri,Online,0,Bekasi
TRX02949,2026-05-23,Saturday,5,2026,Jajanan ayam geprek pas nongkrong malam minggu,Kopi Kenangan,Makanan & Minuman,61000,Pengeluaran,0,BNI,Online,0,Bandung
TRX02950,2026-03-18,Wednesday,3,2026,Checkout kopi susu promo diskon sore hari,Solaria,Makanan & Minuman,181000,Pengeluaran,0,Tunai,Offline,1,Tangerang
TRX02951,2026-02-27,Friday,2,2026,Tebus resep obat vitamin C di apotek langganan,Kimia Farma,Kesehatan,765000,Pengeluaran,0,OVO,Online,0,Bengkulu
TRX02952,2024-11-09,Saturday,11,2024,Beli masker dan vitamin C untuk stok rumah,Alodokter,Kesehatan,689000,Pengeluaran,0,Mandiri,Online,0,Malang
TRX02953,2025-09-28,Sunday,9,2025,Belanja kebutuhan harian minyak goreng di Matahari,Matahari,Belanja,952000,Pengeluaran,0,ShopeePay,Online,0,Bogor
TRX02954,2026-01-23,Friday,1,2026,Pengeluaran bulanan beli roti sobek di Alfamart,Alfamart,Belanja,1039000,Pengeluaran,0,OVO,Online,0,Bogor
TRX02955,2023-02-14,Tuesday,2,2023,Makan nasi goreng pas jam istirahat kantor,Mixue,Makanan & Minuman,159000,Pengeluaran,0,BRI,Online,0,Malang
TRX02956,2023-04-06,Thursday,4,2023,Mampir beli boba tea sama minuman segar,KFC,Makanan & Minuman,240000,Pengeluaran,0,BCA,Online,0,Semarang
TRX02957,2024-06-14,Friday,6,2024,Beli token gas LPG prabayar via m-banking,PLN,Utilitas,227000,Pengeluaran,0,BRI,Online,0,Makassar
TRX02958,2024-01-30,Tuesday,1,2024,Pesan nasi goreng via aplikasi pesan antar makanan,McDonalds,Makanan & Minuman,77000,Pengeluaran,0,BCA,Online,0,Bandung
TRX02959,2025-02-05,Wednesday,2,2025,Beli buku UKT kuliah di Udemy,Udemy,Pendidikan,564000,Pengeluaran,0,Mandiri,Online,0,Makassar
TRX02960,2024-08-03,Saturday,8,2024,Beli titipan casing hp pakai voucher belanja,Alfamart,Belanja,854000,Pengeluaran,0,ShopeePay,Online,0,Tangerang
TRX02961,2026-02-21,Saturday,2,2026,Beli titipan casing hp pakai voucher belanja,Shopee,Belanja,527000,Pengeluaran,0,Tunai,Offline,1,Bandung
TRX02962,2024-08-26,Monday,8,2024,Beli masker dan vitamin C untuk stok rumah,Alodokter,Kesehatan,466000,Pengeluaran,0,Tunai,Offline,1,Tangerang
TRX02963,2026-01-05,Monday,1,2026,Bayar sarapan burger di warung langganan,Sederhana,Makanan & Minuman,46000,Pengeluaran,0,Tunai,Offline,1,Tangerang
TRX02964,2024-07-05,Friday,7,2024,Beli tiket bensin Pertamax pulang pergi luar kota,Grab,Transportasi,24000,Pengeluaran,0,DANA,Online,0,Tangerang
TRX02965,2024-11-13,Wednesday,11,2024,Beli tiket tiket KRL pulang pergi luar kota,Bluebird,Transportasi,163000,Pengeluaran,0,BRI,Online,0,Jakarta
TRX02966,2023-08-30,Wednesday,8,2023,Bayar sarapan mie ayam di warung langganan,Kopi Kenangan,Makanan & Minuman,34000,Pengeluaran,0,QRIS,Online,0,Malang
TRX02967,2025-01-31,Friday,1,2025,Mampir minimarket beli detergen & sabun stok mingguan,Indomaret,Belanja,398000,Pengeluaran,0,QRIS,Online,0,Bengkulu
TRX02968,2023-07-10,Monday,7,2023,Pembayaran paket langganan wifi internet kecepatan tinggi,Pertagas,Utilitas,150000,Pengeluaran,0,BRI,Online,0,Bandung
TRX02969,2025-03-21,Friday,3,2025,Mampir minimarket beli baju kaos stok mingguan,Shopee,Belanja,787000,Pengeluaran,0,Tunai,Offline,1,Palembang
TRX02970,2023-09-20,Wednesday,9,2023,Pembelian aset obligasi negara untuk tabungan masa depan,Ajaib,Investasi,719000,Pengeluaran,0,ShopeePay,Online,0,Bengkulu
TRX02971,2025-03-27,Thursday,3,2025,Pengeluaran bulanan beli sepatu sneaker di Indomaret,Indomaret,Belanja,77000,Pengeluaran,0,OVO,Online,0,Surabaya
TRX02972,2025-07-07,Monday,7,2025,Beli resep obat flu & pusing dan vitamin di Apotek K-24,Apotek K-24,Kesehatan,614000,Pengeluaran,0,ShopeePay,Online,0,Depok
TRX02973,2024-07-04,Thursday,7,2024,Belanja kebutuhan harian snack & mie instan di Tokopedia,Tokopedia,Belanja,416000,Pengeluaran,0,Tunai,Offline,1,Surabaya
TRX02974,2023-05-09,Tuesday,5,2023,Beli minyak goreng dan perlengkapan rumah tangga,Shopee,Belanja,45000,Pengeluaran,0,QRIS,Online,0,Medan
TRX02975,2023-10-13,Friday,10,2023,Bayar sarapan sate ayam di warung langganan,KFC,Makanan & Minuman,185000,Pengeluaran,0,ShopeePay,Online,0,Bogor
TRX02976,2025-06-23,Monday,6,2025,Pelunasan iuran air PDAM biar aliran tetap lancar,Pertagas,Utilitas,527000,Pengeluaran,0,BRI,Online,0,Makassar
TRX02977,2024-05-29,Wednesday,5,2024,Langganan fitur premium film bioskop XXI bulanan,XXI Cinema,Hiburan,309000,Pengeluaran,0,Mandiri,Online,0,Bekasi
TRX02978,2024-06-04,Tuesday,6,2024,Penerimaan payroll bulanan masuk ke rekening utama,PT Sukses Bersama,Gaji,9409000,Pemasukan,1,BCA,Online,0,Semarang
TRX02979,2026-01-16,Friday,1,2026,Isi ulang pulsa dan kuota pulsa HP harian,PLN,Utilitas,441000,Pengeluaran,0,Mandiri,Online,0,Medan
TRX02980,2024-04-25,Thursday,4,2024,Bayar ongkos tiket KRL berangkat kerja di Bluebird,Bluebird,Transportasi,101000,Pengeluaran,0,BCA,Online,0,Bandung
TRX02981,2024-11-27,Wednesday,11,2024,Pelunasan iuran pulsa HP biar aliran tetap lancar,Telkomsel,Utilitas,108000,Pengeluaran,0,ShopeePay,Online,0,Makassar
TRX02982,2025-10-28,Tuesday,10,2025,Beli masker dan minyak kayu putih untuk stok rumah,Halodoc,Kesehatan,226000,Pengeluaran,0,ShopeePay,Online,0,Bandung
TRX02983,2024-10-18,Friday,10,2024,Top up saldo kartu e-money untuk bensin Pertamax,TransJakarta,Transportasi,54000,Pengeluaran,0,BCA,Online,0,Bekasi
TRX02984,2025-11-06,Thursday,11,2025,Pengeluaran bulanan beli sepatu sneaker di Blibli,Blibli,Belanja,369000,Pengeluaran,0,Mandiri,Online,0,Bogor
TRX02985,2024-10-15,Tuesday,10,2024,Top up saldo kartu e-money untuk e-toll,Grab,Transportasi,53000,Pengeluaran,0,ShopeePay,Online,0,Bandung
TRX02986,2023-12-20,Wednesday,12,2023,Makan nasi goreng pas jam istirahat kantor,Warung Makan,Makanan & Minuman,151000,Pengeluaran,0,Tunai,Offline,1,Bekasi
TRX02987,2026-07-25,Saturday,7,2026,Checkout tas punggung pas diskon tanggal kembar,Superindo,Belanja,1156000,Pengeluaran,0,QRIS,Online,0,Depok
TRX02988,2024-01-05,Friday,1,2024,Gaji pokok bulanan dari PT Nusantara Digital,PT Nusantara Digital,Gaji,11550000,Pemasukan,1,QRIS,Online,0,Surabaya
TRX02989,2024-08-11,Sunday,8,2024,Bayar tagihan gas LPG bulanan rumah tangga,Indihome,Utilitas,63000,Pengeluaran,0,OVO,Online,0,Palembang
TRX02990,2023-12-15,Friday,12,2023,Bayar konsultasi dokter dan beli obat flu & pusing,Alodokter,Kesehatan,449000,Pengeluaran,0,QRIS,Online,0,Depok
TRX02991,2024-12-02,Monday,12,2024,Beli perlengkapan minyak kayu putih dan obat flu,Kimia Farma,Kesehatan,470000,Pengeluaran,0,Tunai,Offline,1,Surabaya
TRX02992,2025-09-04,Thursday,9,2025,Beli resep obat flu & pusing dan vitamin di Guardian,Guardian,Kesehatan,764000,Pengeluaran,0,Tunai,Offline,1,Surabaya
TRX02993,2023-04-13,Thursday,4,2023,Beli bensin e-toll di SPBU langganan,Grab,Transportasi,72000,Pengeluaran,0,GoPay,Online,0,Tangerang
TRX02994,2024-02-16,Friday,2,2024,Beli token air PDAM prabayar via m-banking,Indihome,Utilitas,355000,Pengeluaran,0,DANA,Online,0,Surabaya
TRX02995,2023-06-27,Tuesday,6,2023,Top up reksa dana obligasi negara di Bareksa,Bareksa,Investasi,2946000,Pengeluaran,0,BCA,Online,0,Palembang
TRX02996,2023-02-13,Monday,2,2023,Beli perlengkapan alat tulis buku novel & komik kuliah,Ruangguru,Pendidikan,2799000,Pengeluaran,0,BCA,Online,0,Makassar
TRX02997,2025-03-30,Sunday,3,2025,Beli titipan roti sobek pakai voucher belanja,Indomaret,Belanja,137000,Pengeluaran,0,OVO,Online,0,Bogor
TRX02998,2023-09-23,Saturday,9,2023,Belanja kebutuhan harian minyak goreng di Shopee,Shopee,Belanja,55000,Pengeluaran,0,Mandiri,Online,0,Yogyakarta
TRX02999,2023-12-22,Friday,12,2023,Jajanan bakso urat pas nongkrong malam minggu,Solaria,Makanan & Minuman,226000,Pengeluaran,0,BRI,Online,0,Bogor
TRX03000,2024-04-01,Monday,4,2024,Bonus kinerja dan bonus tahunan dari perusahaan,PT Teknologi Karya,Gaji,7257000,Pemasukan,1,BCA,Online,0,Bengkulu
TRX03001,2026-06-18,Thursday,6,2026,Beli roti sobek dan perlengkapan rumah tangga,Indomaret,Belanja,306000,Pengeluaran,0,BNI,Online,0,Palembang
TRX03002,2024-12-15,Sunday,12,2024,Pengeluaran bulanan beli baju kaos di Superindo,Superindo,Belanja,427000,Pengeluaran,0,DANA,Online,0,Yogyakarta
TRX03003,2025-03-06,Thursday,3,2025,Bayar tagihan pulsa HP bulanan rumah tangga,Pertagas,Utilitas,482000,Pengeluaran,0,Mandiri,Online,0,Tangerang
TRX03004,2024-05-29,Wednesday,5,2024,Penerimaan payroll bulanan masuk ke rekening utama,PT Teknologi Karya,Gaji,12591000,Pemasukan,1,OVO,Online,0,Tangerang
TRX03005,2023-05-23,Tuesday,5,2023,Pembayaran paket langganan listrik PLN kecepatan tinggi,M3 Ooredoo,Utilitas,501000,Pengeluaran,0,BCA,Online,0,Surabaya
TRX03006,2025-10-09,Thursday,10,2025,Gaji pokok bulanan dari Bank Central,Bank Central,Gaji,13323000,Pemasukan,1,BRI,Online,0,Jakarta
TRX03007,2023-12-12,Tuesday,12,2023,Beli tas punggung dan perlengkapan rumah tangga,Shopee,Belanja,571000,Pengeluaran,0,BNI,Online,0,Tangerang
TRX03008,2025-10-13,Monday,10,2025,Makan malam boba tea bareng keluarga,Chatime,Makanan & Minuman,214000,Pengeluaran,0,Mandiri,Online,0,Denpasar
TRX03009,2025-03-07,Friday,3,2025,Penerimaan payroll bulanan masuk ke rekening utama,Client Freelance,Gaji,8923000,Pemasukan,1,GoPay,Online,0,Bogor
TRX03010,2024-08-23,Friday,8,2024,Top up saldo kartu e-money untuk bensin Pertamax,MyPertamina,Transportasi,45000,Pengeluaran,0,OVO,Online,0,Denpasar
TRX03011,2026-03-08,Sunday,3,2026,Bayar sarapan ayam geprek di warung langganan,Kopi Kenangan,Makanan & Minuman,147000,Pengeluaran,0,QRIS,Online,0,Surabaya
TRX03012,2023-01-25,Wednesday,1,2023,Beli tiket pesawat tiket kereta api di Traveloka,Traveloka,Perjalanan,4403000,Pengeluaran,0,GoPay,Online,0,Bengkulu
TRX03013,2024-10-02,Wednesday,10,2024,Bayar tagihan air PDAM bulanan rumah tangga,Telkomsel,Utilitas,450000,Pengeluaran,0,QRIS,Online,0,Medan
TRX03014,2024-10-19,Saturday,10,2024,Beli resep obat flu & pusing dan vitamin di Century,Century,Kesehatan,625000,Pengeluaran,0,DANA,Online,0,Denpasar
TRX03015,2023-06-09,Friday,6,2023,Beli detergen & sabun dan perlengkapan rumah tangga,Hypermart,Belanja,1025000,Pengeluaran,0,OVO,Online,0,Bekasi
TRX03016,2023-07-12,Wednesday,7,2023,Beli snack & mie instan dan perlengkapan rumah tangga,Blibli,Belanja,459000,Pengeluaran,0,OVO,Online,0,Bekasi
TRX03017,2025-02-07,Friday,2,2025,Makan malam boba tea bareng keluarga,Kopi Kenangan,Makanan & Minuman,80000,Pengeluaran,0,DANA,Online,0,Bandung
TRX03018,2025-03-05,Wednesday,3,2025,Bayar ongkos e-toll berangkat kerja di Bluebird,Bluebird,Transportasi,104000,Pengeluaran,0,QRIS,Online,0,Depok
TRX03019,2023-06-28,Wednesday,6,2023,Beli token listrik PLN prabayar via m-banking,PLN,Utilitas,513000,Pengeluaran,0,DANA,Online,0,Depok
TRX03020,2023-12-08,Friday,12,2023,Pencairan honor gaji pokok proyek freelance,PT Nusantara Digital,Gaji,13594000,Pemasukan,1,GoPay,Online,0,Jakarta
TRX03021,2025-07-19,Saturday,7,2025,Penerimaan honor freelance masuk ke rekening utama,Bank Central,Gaji,13004000,Pemasukan,1,Mandiri,Online,0,Makassar
TRX03022,2025-04-23,Wednesday,4,2025,Pesan kendaraan online ojek online pas hujan,Bluebird,Transportasi,19000,Pengeluaran,0,Mandiri,Online,0,Bekasi
TRX03023,2024-05-22,Wednesday,5,2024,Checkout casing hp pas diskon tanggal kembar,Hypermart,Belanja,80000,Pengeluaran,0,DANA,Online,0,Bengkulu
TRX03024,2024-03-08,Friday,3,2024,Makan soto betawi pas jam istirahat kantor,Solaria,Makanan & Minuman,155000,Pengeluaran,0,BRI,Online,0,Bekasi
TRX03025,2024-01-11,Thursday,1,2024,Beli titipan snack & mie instan pakai voucher belanja,Blibli,Belanja,191000,Pengeluaran,0,ShopeePay,Online,0,Yogyakarta
TRX03026,2025-11-06,Thursday,11,2025,Gaji pokok bulanan dari Client Freelance,Client Freelance,Gaji,19962000,Pemasukan,1,GoPay,Online,0,Bengkulu
TRX03027,2026-05-09,Saturday,5,2026,Tebus resep obat suplemen imun di apotek langganan,Kimia Farma,Kesehatan,799000,Pengeluaran,0,Tunai,Offline,1,Palembang
TRX03028,2024-02-23,Friday,2,2024,Mampir minimarket beli tas punggung stok mingguan,Tokopedia,Belanja,74000,Pengeluaran,0,GoPay,Online,0,Tangerang
TRX03029,2024-10-22,Tuesday,10,2024,Beli masker dan skincare & sabun cuci muka untuk stok rumah,RS Siloam,Kesehatan,171000,Pengeluaran,0,Tunai,Offline,1,Surabaya
TRX03030,2025-07-21,Monday,7,2025,Makan mie ayam pas jam istirahat kantor,Mixue,Makanan & Minuman,154000,Pengeluaran,0,DANA,Online,0,Jakarta
TRX03031,2025-04-13,Sunday,4,2025,Beli titipan detergen & sabun pakai voucher belanja,Tokopedia,Belanja,167000,Pengeluaran,0,BRI,Online,0,Malang
TRX03032,2023-01-31,Tuesday,1,2023,Pembayaran paket langganan gas LPG kecepatan tinggi,Indihome,Utilitas,132000,Pengeluaran,0,ShopeePay,Online,0,Depok
TRX03033,2023-11-24,Friday,11,2023,Bayar rekening pulsa HP tepat waktu di Indihome,Indihome,Utilitas,380000,Pengeluaran,0,Mandiri,Online,0,Tangerang
TRX03034,2024-04-22,Monday,4,2024,Pembayaran paket langganan listrik PLN kecepatan tinggi,Pertagas,Utilitas,483000,Pengeluaran,0,QRIS,Online,0,Malang
TRX03035,2024-06-21,Friday,6,2024,Pesan sate ayam via aplikasi pesan antar makanan,Sederhana,Makanan & Minuman,22000,Pengeluaran,0,Tunai,Offline,1,Bekasi
TRX03036,2026-04-26,Sunday,4,2026,Bayar rekening listrik PLN tepat waktu di Biznet,Biznet,Utilitas,293000,Pengeluaran,0,GoPay,Online,0,Semarang
TRX03037,2026-05-16,Saturday,5,2026,Pesan kendaraan online tiket KRL pas hujan,Grab,Transportasi,154000,Pengeluaran,0,OVO,Online,0,Yogyakarta
TRX03038,2023-02-24,Friday,2,2023,Booking penginapan dan hotel tiket pesawat liburan,Lion Air,Perjalanan,3085000,Pengeluaran,0,ShopeePay,Online,0,Yogyakarta
TRX03039,2024-01-24,Wednesday,1,2024,Pesan pizza via aplikasi pesan antar makanan,Chatime,Makanan & Minuman,84000,Pengeluaran,0,Tunai,Offline,1,Depok
TRX03040,2025-11-15,Saturday,11,2025,Bayar ongkos bensin Pertamax berangkat kerja di KCI Commuter,KCI Commuter,Transportasi,188000,Pengeluaran,0,BRI,Online,0,Tangerang
TRX03041,2023-06-04,Sunday,6,2023,Isi ulang pulsa dan kuota pulsa HP harian,PDAM,Utilitas,564000,Pengeluaran,0,BCA,Online,0,Palembang
TRX03042,2026-07-22,Wednesday,7,2026,Pengeluaran bulanan beli casing hp di Superindo,Superindo,Belanja,258000,Pengeluaran,0,ShopeePay,Online,0,Malang
TRX03043,2023-04-17,Monday,4,2023,Pesan pizza via aplikasi pesan antar makanan,Chatime,Makanan & Minuman,245000,Pengeluaran,0,ShopeePay,Online,0,Surabaya
TRX03044,2024-11-03,Sunday,11,2024,Makan nasi goreng pas jam istirahat kantor,Kopi Kenangan,Makanan & Minuman,136000,Pengeluaran,0,Tunai,Offline,1,Malang
TRX03045,2023-11-16,Thursday,11,2023,Mampir minimarket beli detergen & sabun stok mingguan,Superindo,Belanja,123000,Pengeluaran,0,Tunai,Offline,1,Denpasar
TRX03046,2026-07-12,Sunday,7,2026,Beli token pulsa HP prabayar via m-banking,PDAM,Utilitas,461000,Pengeluaran,0,BRI,Online,0,Denpasar
TRX03047,2023-12-06,Wednesday,12,2023,Gaji pokok bulanan dari Client Freelance,Client Freelance,Gaji,13198000,Pemasukan,1,QRIS,Online,0,Bogor
TRX03048,2025-12-14,Sunday,12,2025,Mampir minimarket beli detergen & sabun stok mingguan,Alfamart,Belanja,326000,Pengeluaran,0,GoPay,Online,0,Malang
TRX03049,2024-01-12,Friday,1,2024,Penerimaan insentif proyek masuk ke rekening utama,Client Freelance,Gaji,5966000,Pemasukan,1,OVO,Online,0,Denpasar
TRX03050,2023-01-05,Thursday,1,2023,Pengeluaran bulanan beli baju kaos di Matahari,Matahari,Belanja,813000,Pengeluaran,0,BRI,Online,0,Tangerang
TRX03051,2025-08-25,Monday,8,2025,Beli detergen & sabun baru via e-commerce,Tokopedia,Belanja,92000,Pengeluaran,0,BCA,Online,0,Medan
TRX03052,2026-07-03,Friday,7,2026,Makan malam ayam geprek bareng keluarga,Gacoan,Makanan & Minuman,64000,Pengeluaran,0,QRIS,Online,0,Semarang
TRX03053,2024-07-05,Friday,7,2024,Pesan mie ayam via aplikasi pesan antar makanan,Sederhana,Makanan & Minuman,179000,Pengeluaran,0,ShopeePay,Online,0,Bengkulu
TRX03054,2025-09-19,Friday,9,2025,Beli tiket nonton Netflix 1 bulan di CGV,CGV,Hiburan,406000,Pengeluaran,0,QRIS,Online,0,Tangerang
TRX03055,2023-10-20,Friday,10,2023,Mampir minimarket beli casing hp stok mingguan,Uniqlo,Belanja,63000,Pengeluaran,0,BRI,Online,0,Medan
TRX03056,2025-07-28,Monday,7,2025,Beli sepatu sneaker baru via e-commerce,Alfamart,Belanja,570000,Pengeluaran,0,OVO,Online,0,Bogor
TRX03057,2023-05-01,Monday,5,2023,Beli soto betawi di Solaria bareng teman,Solaria,Makanan & Minuman,48000,Pengeluaran,0,QRIS,Online,0,Medan
TRX03058,2025-02-07,Friday,2,2025,Beli detergen & sabun dan perlengkapan rumah tangga,Superindo,Belanja,751000,Pengeluaran,0,Tunai,Offline,1,Tangerang
TRX03059,2025-05-20,Tuesday,5,2025,Beli titipan tas punggung pakai voucher belanja,Indomaret,Belanja,777000,Pengeluaran,0,QRIS,Online,0,Bengkulu
TRX03060,2023-02-03,Friday,2,2023,Beli tiket pesawat tiket kereta api di Garuda Indonesia,Garuda Indonesia,Perjalanan,1273000,Pengeluaran,0,GoPay,Online,0,Bogor
TRX03061,2026-03-13,Friday,3,2026,Pembayaran paket langganan air PDAM kecepatan tinggi,Pertagas,Utilitas,428000,Pengeluaran,0,QRIS,Online,0,Bekasi
TRX03062,2025-03-30,Sunday,3,2025,Checkout sepatu sneaker pas diskon tanggal kembar,Shopee,Belanja,901000,Pengeluaran,0,Tunai,Offline,1,Palembang
TRX03063,2025-08-07,Thursday,8,2025,Bonus kinerja dan payroll bulanan dari perusahaan,Bank Central,Gaji,12796000,Pemasukan,1,BNI,Online,0,Bandung
TRX03064,2025-02-02,Sunday,2,2025,Gaji pokok bulanan dari Bank Central,Bank Central,Gaji,7920000,Pemasukan,1,BCA,Online,0,Semarang
TRX03065,2024-01-16,Tuesday,1,2024,Gaji pokok bulanan dari Client Freelance,Client Freelance,Gaji,16958000,Pemasukan,1,BRI,Online,0,Jakarta
TRX03066,2025-02-25,Tuesday,2,2025,Beli tas punggung baru via e-commerce,Indomaret,Belanja,860000,Pengeluaran,0,Tunai,Offline,1,Depok
TRX03067,2024-12-07,Saturday,12,2024,Beli sepatu sneaker baru via e-commerce,Matahari,Belanja,1147000,Pengeluaran,0,Tunai,Offline,1,Makassar
TRX03068,2026-02-06,Friday,2,2026,Beli tiket e-toll pulang pergi luar kota,Bluebird,Transportasi,128000,Pengeluaran,0,DANA,Online,0,Yogyakarta
TRX03069,2026-06-05,Friday,6,2026,Mampir beli nasi goreng sama minuman segar,Solaria,Makanan & Minuman,46000,Pengeluaran,0,Tunai,Offline,1,Denpasar
TRX03070,2023-12-20,Wednesday,12,2023,Bayar sarapan pizza di warung langganan,Chatime,Makanan & Minuman,39000,Pengeluaran,0,ShopeePay,Online,0,Bekasi
TRX03071,2024-01-24,Wednesday,1,2024,Beli tiket pesawat hotel & resort di Lion Air,Lion Air,Perjalanan,1332000,Pengeluaran,0,OVO,Online,0,Jakarta
TRX03072,2023-03-02,Thursday,3,2023,Mampir beli sate ayam sama minuman segar,KFC,Makanan & Minuman,27000,Pengeluaran,0,DANA,Online,0,Depok
TRX03073,2025-03-27,Thursday,3,2025,Mampir beli bakso urat sama minuman segar,Sederhana,Makanan & Minuman,204000,Pengeluaran,0,Mandiri,Online,0,Bogor
TRX03074,2023-03-11,Saturday,3,2023,Beli tiket nonton wahana rekreasi di PlayStation Store,PlayStation Store,Hiburan,141000,Pengeluaran,0,QRIS,Online,0,Surabaya
TRX03075,2023-02-04,Saturday,2,2023,Checkout soto betawi promo diskon sore hari,Sederhana,Makanan & Minuman,53000,Pengeluaran,0,ShopeePay,Online,0,Yogyakarta
TRX03076,2023-09-29,Friday,9,2023,Makan malam burger bareng keluarga,Sederhana,Makanan & Minuman,179000,Pengeluaran,0,OVO,Online,0,Semarang
TRX03077,2023-11-24,Friday,11,2023,Bayar ongkos tiket KRL berangkat kerja di Maxim,Maxim,Transportasi,94000,Pengeluaran,0,BRI,Online,0,Jakarta
TRX03078,2025-11-28,Friday,11,2025,Beli kopi susu di Warung Makan bareng teman,Warung Makan,Makanan & Minuman,160000,Pengeluaran,0,OVO,Online,0,Palembang
TRX03079,2026-05-31,Sunday,5,2026,Alokasi investasi berkala aset kripto,Bibit,Investasi,612000,Pengeluaran,0,ShopeePay,Online,0,Depok
TRX03080,2023-03-11,Saturday,3,2023,Pencairan honor honor freelance proyek freelance,PT Sukses Bersama,Gaji,7815000,Pemasukan,1,BCA,Online,0,Surabaya
TRX03081,2025-08-28,Thursday,8,2025,Bonus kinerja dan gaji pokok dari perusahaan,PT Teknologi Karya,Gaji,16885000,Pemasukan,1,OVO,Online,0,Surabaya
TRX03082,2025-12-13,Saturday,12,2025,Checkout tas punggung pas diskon tanggal kembar,Uniqlo,Belanja,619000,Pengeluaran,0,BCA,Online,0,Semarang
TRX03083,2024-05-22,Wednesday,5,2024,Beli perlengkapan suplemen imun dan obat flu,Halodoc,Kesehatan,153000,Pengeluaran,0,GoPay,Online,0,Medan
TRX03084,2023-05-29,Monday,5,2023,Transfer payroll bulanan atas hasil kerja keras sebulan,Client Freelance,Gaji,16761000,Pemasukan,1,BNI,Online,0,Jakarta
TRX03085,2023-04-17,Monday,4,2023,Bayar rekening air PDAM tepat waktu di Pertagas,Pertagas,Utilitas,223000,Pengeluaran,0,BNI,Online,0,Yogyakarta
TRX03086,2024-12-17,Tuesday,12,2024,Pesan bakso urat via aplikasi pesan antar makanan,Solaria,Makanan & Minuman,26000,Pengeluaran,0,Tunai,Offline,1,Makassar
TRX03087,2026-06-27,Saturday,6,2026,Beli bensin e-toll di SPBU langganan,Grab,Transportasi,142000,Pengeluaran,0,DANA,Online,0,Medan
TRX03088,2024-03-06,Wednesday,3,2024,Bayar rekening wifi internet tepat waktu di Biznet,Biznet,Utilitas,238000,Pengeluaran,0,QRIS,Online,0,Bogor
TRX03089,2024-09-27,Friday,9,2024,Beli snack & mie instan baru via e-commerce,Blibli,Belanja,25000,Pengeluaran,0,DANA,Online,0,Palembang
TRX03090,2023-02-22,Wednesday,2,2023,Beli titipan roti sobek pakai voucher belanja,Lazada,Belanja,288000,Pengeluaran,0,GoPay,Online,0,Surabaya
TRX03091,2023-01-11,Wednesday,1,2023,Pesan kendaraan online taksi online pas hujan,TransJakarta,Transportasi,29000,Pengeluaran,0,BNI,Online,0,Tangerang
TRX03092,2025-08-23,Saturday,8,2025,Penerimaan insentif proyek masuk ke rekening utama,Bank Central,Gaji,19337000,Pemasukan,1,Mandiri,Online,0,Bengkulu
TRX03093,2023-12-07,Thursday,12,2023,Beli tiket nonton game Steam di Steam,Steam,Hiburan,167000,Pengeluaran,0,GoPay,Online,0,Palembang
TRX03094,2024-01-30,Tuesday,1,2024,Sewa akomodasi perjalanan hotel & resort luar kota,Traveloka,Perjalanan,4468000,Pengeluaran,0,BCA,Online,0,Makassar
TRX03095,2024-12-10,Tuesday,12,2024,Pelunasan iuran listrik PLN biar aliran tetap lancar,PDAM,Utilitas,512000,Pengeluaran,0,QRIS,Online,0,Semarang
TRX03096,2026-06-22,Monday,6,2026,Beli casing hp baru via e-commerce,Uniqlo,Belanja,264000,Pengeluaran,0,BCA,Online,0,Bengkulu
TRX03097,2025-10-04,Saturday,10,2025,Beli perlengkapan obat flu & pusing dan obat flu,Kimia Farma,Kesehatan,41000,Pengeluaran,0,BCA,Online,0,Bekasi
TRX03098,2024-09-29,Sunday,9,2024,Beli baju kaos baru via e-commerce,Superindo,Belanja,590000,Pengeluaran,0,Mandiri,Online,0,Malang
TRX03099,2026-01-23,Friday,1,2026,Beli burger di KFC bareng teman,KFC,Makanan & Minuman,189000,Pengeluaran,0,Tunai,Offline,1,Palembang
TRX03100,2025-03-17,Monday,3,2025,Beli tiket bensin Pertamax pulang pergi luar kota,Gojek,Transportasi,105000,Pengeluaran,0,ShopeePay,Online,0,Denpasar
TRX03101,2025-03-28,Friday,3,2025,Bonus kinerja dan gaji pokok dari perusahaan,PT Sukses Bersama,Gaji,3907000,Pemasukan,1,BRI,Online,0,Palembang
TRX03102,2024-10-20,Sunday,10,2024,Makan malam bakso urat bareng keluarga,Warung Makan,Makanan & Minuman,87000,Pengeluaran,0,Mandiri,Online,0,Bogor
TRX03103,2024-02-22,Thursday,2,2024,Beli bensin taksi online di SPBU langganan,MyPertamina,Transportasi,61000,Pengeluaran,0,BCA,Online,0,Depok
TRX03104,2024-01-24,Wednesday,1,2024,Transfer insentif proyek atas hasil kerja keras sebulan,Client Freelance,Gaji,4177000,Pemasukan,1,ShopeePay,Online,0,Depok
TRX03105,2025-11-04,Tuesday,11,2025,Beli buku buku novel & komik di Coursera,Coursera,Pendidikan,2170000,Pengeluaran,0,ShopeePay,Online,0,Yogyakarta
TRX03106,2023-03-29,Wednesday,3,2023,Pencairan honor gaji pokok proyek freelance,PT Nusantara Digital,Gaji,6536000,Pemasukan,1,ShopeePay,Online,0,Bogor
TRX03107,2026-07-12,Sunday,7,2026,Beli tiket nonton Netflix 1 bulan di Spotify,Spotify,Hiburan,77000,Pengeluaran,0,Mandiri,Online,0,Bengkulu
TRX03108,2023-10-25,Wednesday,10,2023,Beli resep obat flu & pusing dan vitamin di Alodokter,Alodokter,Kesehatan,373000,Pengeluaran,0,ShopeePay,Online,0,Makassar
TRX03109,2026-02-22,Sunday,2,2026,Bayar sarapan mie ayam di warung langganan,McDonalds,Makanan & Minuman,62000,Pengeluaran,0,BNI,Online,0,Malang
TRX03110,2025-04-05,Saturday,4,2025,Pesan ayam geprek via aplikasi pesan antar makanan,Kopi Kenangan,Makanan & Minuman,19000,Pengeluaran,0,DANA,Online,0,Bengkulu
TRX03111,2023-01-15,Sunday,1,2023,Bayar rekening wifi internet tepat waktu di Telkomsel,Telkomsel,Utilitas,335000,Pengeluaran,0,QRIS,Online,0,Yogyakarta
TRX03112,2023-04-27,Thursday,4,2023,Bayar langganan bulanan Netflix 1 bulan streaming,PlayStation Store,Hiburan,70000,Pengeluaran,0,DANA,Online,0,Tangerang
TRX03113,2023-05-11,Thursday,5,2023,Pengeluaran bulanan beli minyak goreng di Indomaret,Indomaret,Belanja,524000,Pengeluaran,0,OVO,Online,0,Depok
TRX03114,2025-09-22,Monday,9,2025,Tebus resep obat vitamin C di apotek langganan,Alodokter,Kesehatan,214000,Pengeluaran,0,Tunai,Offline,1,Bekasi
TRX03115,2026-03-26,Thursday,3,2026,Checkout minyak goreng pas diskon tanggal kembar,Alfamart,Belanja,52000,Pengeluaran,0,Tunai,Offline,1,Palembang
TRX03116,2023-05-31,Wednesday,5,2023,Beli bensin ojek online di SPBU langganan,KCI Commuter,Transportasi,105000,Pengeluaran,0,DANA,Online,0,Bogor
TRX03117,2026-02-11,Wednesday,2,2026,Beli perlengkapan alat tulis kursus Data Science kuliah,Gramedia,Pendidikan,2217000,Pengeluaran,0,OVO,Online,0,Jakarta
TRX03118,2024-11-08,Friday,11,2024,Bayar biaya kursus online buku novel & komik,Gramedia,Pendidikan,270000,Pengeluaran,0,OVO,Online,0,Palembang
TRX03119,2024-05-03,Friday,5,2024,Belanja kebutuhan harian minyak goreng di Alfamart,Alfamart,Belanja,289000,Pengeluaran,0,BNI,Online,0,Bengkulu
TRX03120,2026-07-20,Monday,7,2026,Belanja kebutuhan harian baju kaos di Alfamart,Alfamart,Belanja,468000,Pengeluaran,0,BNI,Online,0,Bandung
TRX03121,2023-05-01,Monday,5,2023,Bayar konsultasi dokter dan beli obat flu & pusing,Apotek K-24,Kesehatan,403000,Pengeluaran,0,Tunai,Offline,1,Malang
TRX03122,2024-06-21,Friday,6,2024,Beli titipan tas punggung pakai voucher belanja,Shopee,Belanja,784000,Pengeluaran,0,GoPay,Online,0,Medan
TRX03123,2023-08-18,Friday,8,2023,Penerimaan honor freelance masuk ke rekening utama,PT Teknologi Karya,Gaji,5123000,Pemasukan,1,ShopeePay,Online,0,Palembang
TRX03124,2023-03-30,Thursday,3,2023,Jajanan boba tea pas nongkrong malam minggu,Kopi Kenangan,Makanan & Minuman,90000,Pengeluaran,0,QRIS,Online,0,Tangerang
TRX03125,2024-07-13,Saturday,7,2024,Booking penginapan dan hotel tiket pesawat liburan,Lion Air,Perjalanan,2913000,Pengeluaran,0,QRIS,Online,0,Bekasi
TRX03126,2026-02-14,Saturday,2,2026,Pembelian aset aset kripto untuk tabungan masa depan,Ajaib,Investasi,1022000,Pengeluaran,0,ShopeePay,Online,0,Surabaya
TRX03127,2023-09-12,Tuesday,9,2023,Pembayaran paket langganan gas LPG kecepatan tinggi,PDAM,Utilitas,448000,Pengeluaran,0,GoPay,Online,0,Bengkulu
TRX03128,2024-12-18,Wednesday,12,2024,Pelunasan iuran wifi internet biar aliran tetap lancar,Telkomsel,Utilitas,457000,Pengeluaran,0,OVO,Online,0,Bandung
TRX03129,2023-12-10,Sunday,12,2023,Penerimaan bonus tahunan masuk ke rekening utama,PT Sukses Bersama,Gaji,19665000,Pemasukan,1,DANA,Online,0,Jakarta
TRX03130,2024-10-06,Sunday,10,2024,Beli bensin ojek online di SPBU langganan,Bluebird,Transportasi,114000,Pengeluaran,0,BNI,Online,0,Tangerang
TRX03131,2025-05-10,Saturday,5,2025,Tebus resep obat minyak kayu putih di apotek langganan,Halodoc,Kesehatan,61000,Pengeluaran,0,QRIS,Online,0,Yogyakarta
TRX03132,2023-11-12,Sunday,11,2023,Beli bensin ojek online di SPBU langganan,Bluebird,Transportasi,60000,Pengeluaran,0,GoPay,Online,0,Tangerang
TRX03133,2023-05-09,Tuesday,5,2023,Belanja kebutuhan harian detergen & sabun di Uniqlo,Uniqlo,Belanja,791000,Pengeluaran,0,BCA,Online,0,Surabaya
TRX03134,2025-06-22,Sunday,6,2025,Jajanan mie ayam pas nongkrong malam minggu,KFC,Makanan & Minuman,222000,Pengeluaran,0,Tunai,Offline,1,Palembang
TRX03135,2023-04-21,Friday,4,2023,Beli detergen & sabun dan perlengkapan rumah tangga,Blibli,Belanja,289000,Pengeluaran,0,Tunai,Offline,1,Semarang
TRX03136,2023-06-03,Saturday,6,2023,Mampir beli boba tea sama minuman segar,Sederhana,Makanan & Minuman,128000,Pengeluaran,0,BCA,Online,0,Bekasi
TRX03137,2025-02-07,Friday,2,2025,Beli instrumen investasi aset kripto bulanan,Indodax,Investasi,497000,Pengeluaran,0,GoPay,Online,0,Bekasi
TRX03138,2025-08-15,Friday,8,2025,Penerimaan honor freelance masuk ke rekening utama,PT Sukses Bersama,Gaji,6119000,Pemasukan,1,ShopeePay,Online,0,Bengkulu
TRX03139,2026-03-24,Tuesday,3,2026,Bayar rekening wifi internet tepat waktu di XL Axiata,XL Axiata,Utilitas,464000,Pengeluaran,0,Mandiri,Online,0,Palembang
TRX03140,2024-11-07,Thursday,11,2024,Checkout casing hp pas diskon tanggal kembar,Indomaret,Belanja,685000,Pengeluaran,0,DANA,Online,0,Semarang
TRX03141,2026-07-08,Wednesday,7,2026,Pencairan honor honor freelance proyek freelance,Client Freelance,Gaji,3726000,Pemasukan,1,GoPay,Online,0,Bengkulu
TRX03142,2025-08-17,Sunday,8,2025,Jajanan kopi susu pas nongkrong malam minggu,McDonalds,Makanan & Minuman,231000,Pengeluaran,0,BNI,Online,0,Denpasar
TRX03143,2024-06-27,Thursday,6,2024,Pesan bakso urat via aplikasi pesan antar makanan,Gacoan,Makanan & Minuman,56000,Pengeluaran,0,Tunai,Offline,1,Makassar
TRX03144,2025-06-04,Wednesday,6,2025,Beli token air PDAM prabayar via m-banking,Biznet,Utilitas,540000,Pengeluaran,0,Mandiri,Online,0,Tangerang
TRX03145,2023-09-30,Saturday,9,2023,Mampir beli sate ayam sama minuman segar,Solaria,Makanan & Minuman,25000,Pengeluaran,0,Tunai,Offline,1,Denpasar
TRX03146,2023-10-01,Sunday,10,2023,Beli titipan roti sobek pakai voucher belanja,Tokopedia,Belanja,967000,Pengeluaran,0,BRI,Online,0,Semarang
TRX03147,2023-12-05,Tuesday,12,2023,Checkout sepatu sneaker pas diskon tanggal kembar,Shopee,Belanja,1120000,Pengeluaran,0,BRI,Online,0,Jakarta
TRX03148,2023-10-07,Saturday,10,2023,Makan nasi goreng pas jam istirahat kantor,McDonalds,Makanan & Minuman,79000,Pengeluaran,0,BCA,Online,0,Surabaya
TRX03149,2025-05-16,Friday,5,2025,Pencairan honor bonus tahunan proyek freelance,PT Teknologi Karya,Gaji,12639000,Pemasukan,1,QRIS,Online,0,Bandung
TRX03150,2024-03-11,Monday,3,2024,Beli instrumen investasi reksa dana pasar uang bulanan,Stockbit,Investasi,2590000,Pengeluaran,0,BCA,Online,0,Tangerang
TRX03151,2025-09-16,Tuesday,9,2025,Beli baju kaos dan perlengkapan rumah tangga,Uniqlo,Belanja,575000,Pengeluaran,0,BRI,Online,0,Depok
TRX03152,2025-03-07,Friday,3,2025,Makan malam boba tea bareng keluarga,Kopi Kenangan,Makanan & Minuman,160000,Pengeluaran,0,BNI,Online,0,Medan
TRX03153,2026-02-02,Monday,2,2026,Top up reksa dana reksa dana pasar uang di Bibit,Bibit,Investasi,1711000,Pengeluaran,0,QRIS,Online,0,Medan
TRX03154,2024-03-13,Wednesday,3,2024,Gaji pokok bulanan dari PT Teknologi Karya,PT Teknologi Karya,Gaji,7703000,Pemasukan,1,DANA,Online,0,Yogyakarta
TRX03155,2025-08-15,Friday,8,2025,Isi ulang pulsa dan kuota listrik PLN harian,Biznet,Utilitas,568000,Pengeluaran,0,BCA,Online,0,Palembang
TRX03156,2025-04-02,Wednesday,4,2025,Beli buku buku novel & komik di Penerbit Erlangga,Penerbit Erlangga,Pendidikan,3387000,Pengeluaran,0,DANA,Online,0,Jakarta
TRX03157,2024-02-29,Thursday,2,2024,Isi ulang pulsa dan kuota air PDAM harian,PLN,Utilitas,85000,Pengeluaran,0,GoPay,Online,0,Malang
TRX03158,2024-10-03,Thursday,10,2024,Pesan sate ayam via aplikasi pesan antar makanan,Mixue,Makanan & Minuman,176000,Pengeluaran,0,BCA,Online,0,Bengkulu
TRX03159,2025-08-26,Tuesday,8,2025,Bayar konsultasi dokter dan beli obat flu & pusing,Halodoc,Kesehatan,537000,Pengeluaran,0,OVO,Online,0,Yogyakarta
TRX03160,2025-01-21,Tuesday,1,2025,Isi ulang pulsa dan kuota pulsa HP harian,XL Axiata,Utilitas,191000,Pengeluaran,0,GoPay,Online,0,Malang
TRX03161,2023-01-05,Thursday,1,2023,Beli resep vitamin C dan vitamin di Alodokter,Alodokter,Kesehatan,70000,Pengeluaran,0,Tunai,Offline,1,Palembang
TRX03162,2024-01-26,Friday,1,2024,Tebus resep obat skincare & sabun cuci muka di apotek langganan,Guardian,Kesehatan,844000,Pengeluaran,0,OVO,Online,0,Bekasi
TRX03163,2023-05-26,Friday,5,2023,Beli snack & mie instan dan perlengkapan rumah tangga,Blibli,Belanja,1019000,Pengeluaran,0,Mandiri,Online,0,Surabaya
TRX03164,2025-12-06,Saturday,12,2025,Beli perlengkapan alat tulis sertifikasi AI kuliah,Kampus Universitas,Pendidikan,3166000,Pengeluaran,0,ShopeePay,Online,0,Bekasi
TRX03165,2024-07-22,Monday,7,2024,Beli perlengkapan obat flu & pusing dan obat flu,Century,Kesehatan,643000,Pengeluaran,0,ShopeePay,Online,0,Palembang
TRX03166,2023-03-12,Sunday,3,2023,Transfer insentif proyek atas hasil kerja keras sebulan,Bank Central,Gaji,3965000,Pemasukan,1,QRIS,Online,0,Malang
TRX03167,2024-03-01,Friday,3,2024,Mampir beli mie ayam sama minuman segar,Solaria,Makanan & Minuman,70000,Pengeluaran,0,Tunai,Offline,1,Bekasi
TRX03168,2024-03-31,Sunday,3,2024,Booking penginapan dan hotel villa pantai liburan,Agoda,Perjalanan,1371000,Pengeluaran,0,BNI,Online,0,Bandung
TRX03169,2026-01-27,Tuesday,1,2026,Penerimaan gaji pokok masuk ke rekening utama,Bank Central,Gaji,14298000,Pemasukan,1,QRIS,Online,0,Denpasar
TRX03170,2024-11-26,Tuesday,11,2024,Makan nasi goreng pas jam istirahat kantor,Gacoan,Makanan & Minuman,61000,Pengeluaran,0,OVO,Online,0,Bekasi
TRX03171,2023-12-01,Friday,12,2023,Mampir beli pizza sama minuman segar,Bakso Pak Kumis,Makanan & Minuman,142000,Pengeluaran,0,BRI,Online,0,Makassar
TRX03172,2025-03-25,Tuesday,3,2025,Beli tiket ojek online pulang pergi luar kota,TransJakarta,Transportasi,138000,Pengeluaran,0,ShopeePay,Online,0,Bandung
TRX03173,2023-09-21,Thursday,9,2023,Jajanan burger pas nongkrong malam minggu,Mixue,Makanan & Minuman,29000,Pengeluaran,0,ShopeePay,Online,0,Bogor
TRX03174,2024-08-17,Saturday,8,2024,Makan malam nasi goreng bareng keluarga,Mixue,Makanan & Minuman,193000,Pengeluaran,0,Tunai,Offline,1,Bekasi
TRX03175,2024-02-14,Wednesday,2,2024,Sewa kendaraan e-toll untuk perjalanan harian,KCI Commuter,Transportasi,104000,Pengeluaran,0,OVO,Online,0,Semarang
TRX03176,2025-08-15,Friday,8,2025,Bayar ongkos taksi online berangkat kerja di KCI Commuter,KCI Commuter,Transportasi,183000,Pengeluaran,0,GoPay,Online,0,Denpasar
TRX03177,2025-05-27,Tuesday,5,2025,Pencairan honor insentif proyek proyek freelance,Bank Central,Gaji,16175000,Pemasukan,1,Mandiri,Online,0,Depok
TRX03178,2026-01-14,Wednesday,1,2026,Jajanan pizza pas nongkrong malam minggu,Gacoan,Makanan & Minuman,54000,Pengeluaran,0,Tunai,Offline,1,Tangerang
TRX03179,2023-09-02,Saturday,9,2023,Pesan nasi goreng via aplikasi pesan antar makanan,Mixue,Makanan & Minuman,121000,Pengeluaran,0,Tunai,Offline,1,Palembang
TRX03180,2023-09-29,Friday,9,2023,Checkout boba tea promo diskon sore hari,Solaria,Makanan & Minuman,245000,Pengeluaran,0,DANA,Online,0,Bengkulu
TRX03181,2025-11-03,Monday,11,2025,Mampir minimarket beli minyak goreng stok mingguan,Superindo,Belanja,1095000,Pengeluaran,0,GoPay,Online,0,Makassar
TRX03182,2025-01-04,Saturday,1,2025,Bayar langganan bulanan film bioskop XXI streaming,Spotify,Hiburan,160000,Pengeluaran,0,DANA,Online,0,Palembang
TRX03183,2024-07-16,Tuesday,7,2024,Jajanan mie ayam pas nongkrong malam minggu,Gacoan,Makanan & Minuman,101000,Pengeluaran,0,OVO,Online,0,Tangerang
TRX03184,2025-12-23,Tuesday,12,2025,Top up voucher game film bioskop XXI pas akhir pekan,Spotify,Hiburan,66000,Pengeluaran,0,OVO,Online,0,Palembang
TRX03185,2024-12-23,Monday,12,2024,Checkout sepatu sneaker pas diskon tanggal kembar,Indomaret,Belanja,550000,Pengeluaran,0,QRIS,Online,0,Surabaya
TRX03186,2025-11-15,Saturday,11,2025,Penerimaan insentif proyek masuk ke rekening utama,Client Freelance,Gaji,8209000,Pemasukan,1,Mandiri,Online,0,Medan
TRX03187,2025-12-19,Friday,12,2025,Belanja kebutuhan harian roti sobek di Lazada,Lazada,Belanja,1074000,Pengeluaran,0,GoPay,Online,0,Bogor
TRX03188,2025-08-20,Wednesday,8,2025,Beli tiket masuk film bioskop XXI sama teman-teman,PlayStation Store,Hiburan,40000,Pengeluaran,0,Mandiri,Online,0,Palembang
TRX03189,2024-02-02,Friday,2,2024,Mampir beli sate ayam sama minuman segar,Sederhana,Makanan & Minuman,54000,Pengeluaran,0,ShopeePay,Online,0,Bengkulu
TRX03190,2025-04-22,Tuesday,4,2025,Beli boba tea di Gacoan bareng teman,Gacoan,Makanan & Minuman,153000,Pengeluaran,0,ShopeePay,Online,0,Medan
TRX03191,2023-03-04,Saturday,3,2023,Beli tiket pesawat hotel & resort di Agoda,Agoda,Perjalanan,2504000,Pengeluaran,0,BCA,Online,0,Malang
TRX03192,2025-06-06,Friday,6,2025,Pencairan honor honor freelance proyek freelance,Bank Central,Gaji,19385000,Pemasukan,1,DANA,Online,0,Bandung
TRX03193,2024-07-12,Friday,7,2024,Belanja kebutuhan harian snack & mie instan di Tokopedia,Tokopedia,Belanja,454000,Pengeluaran,0,QRIS,Online,0,Denpasar
TRX03194,2023-01-27,Friday,1,2023,Checkout tas punggung pas diskon tanggal kembar,Alfamart,Belanja,749000,Pengeluaran,0,OVO,Online,0,Tangerang
TRX03195,2025-10-04,Saturday,10,2025,Beli detergen & sabun baru via e-commerce,Lazada,Belanja,684000,Pengeluaran,0,Mandiri,Online,0,Malang
TRX03196,2024-05-29,Wednesday,5,2024,Pencairan honor payroll bulanan proyek freelance,PT Sukses Bersama,Gaji,4979000,Pemasukan,1,BRI,Online,0,Bengkulu
TRX03197,2025-06-04,Wednesday,6,2025,Mampir beli sate ayam sama minuman segar,Sederhana,Makanan & Minuman,52000,Pengeluaran,0,BCA,Online,0,Tangerang
TRX03198,2024-04-22,Monday,4,2024,Pembelian aset saham blue chip untuk tabungan masa depan,Ajaib,Investasi,2232000,Pengeluaran,0,QRIS,Online,0,Malang
TRX03199,2023-02-05,Sunday,2,2023,Bayar tagihan air PDAM bulanan rumah tangga,Telkomsel,Utilitas,282000,Pengeluaran,0,BNI,Online,0,Malang
TRX03200,2025-06-20,Friday,6,2025,Pencairan honor insentif proyek proyek freelance,Client Freelance,Gaji,17812000,Pemasukan,1,DANA,Online,0,Makassar
TRX03201,2026-06-02,Tuesday,6,2026,Belanja kebutuhan harian snack & mie instan di Indomaret,Indomaret,Belanja,1076000,Pengeluaran,0,QRIS,Online,0,Depok
TRX03202,2025-12-06,Saturday,12,2025,Beli tiket ojek online pulang pergi luar kota,KAI,Transportasi,143000,Pengeluaran,0,BRI,Online,0,Bogor
TRX03203,2026-05-26,Tuesday,5,2026,Pengeluaran bulanan beli roti sobek di Lazada,Lazada,Belanja,1078000,Pengeluaran,0,QRIS,Online,0,Surabaya
TRX03204,2026-03-14,Saturday,3,2026,Checkout casing hp pas diskon tanggal kembar,Shopee,Belanja,904000,Pengeluaran,0,Tunai,Offline,1,Bengkulu
TRX03205,2025-01-08,Wednesday,1,2025,Pesan kendaraan online e-toll pas hujan,Bluebird,Transportasi,52000,Pengeluaran,0,DANA,Online,0,Palembang
TRX03206,2025-09-11,Thursday,9,2025,Belanja kebutuhan harian casing hp di Lazada,Lazada,Belanja,933000,Pengeluaran,0,Tunai,Offline,1,Jakarta
TRX03207,2025-02-25,Tuesday,2,2025,Pengeluaran bulanan beli casing hp di Matahari,Matahari,Belanja,202000,Pengeluaran,0,ShopeePay,Online,0,Depok
TRX03208,2023-07-04,Tuesday,7,2023,Beli token wifi internet prabayar via m-banking,Indihome,Utilitas,440000,Pengeluaran,0,GoPay,Online,0,Bogor
TRX03209,2024-11-27,Wednesday,11,2024,Pembayaran paket langganan gas LPG kecepatan tinggi,XL Axiata,Utilitas,73000,Pengeluaran,0,OVO,Online,0,Depok
TRX03210,2023-11-09,Thursday,11,2023,Bayar sarapan ayam geprek di warung langganan,Kopi Kenangan,Makanan & Minuman,182000,Pengeluaran,0,DANA,Online,0,Malang
TRX03211,2025-10-26,Sunday,10,2025,Beli instrumen investasi saham blue chip bulanan,Bibit,Investasi,1033000,Pengeluaran,0,DANA,Online,0,Bengkulu
TRX03212,2026-03-19,Thursday,3,2026,Mampir beli boba tea sama minuman segar,Solaria,Makanan & Minuman,238000,Pengeluaran,0,ShopeePay,Online,0,Bengkulu
TRX03213,2025-07-06,Sunday,7,2025,Jajanan sate ayam pas nongkrong malam minggu,Mixue,Makanan & Minuman,129000,Pengeluaran,0,QRIS,Online,0,Surabaya
TRX03214,2026-07-08,Wednesday,7,2026,Beli perlengkapan suplemen imun dan obat flu,Alodokter,Kesehatan,351000,Pengeluaran,0,Tunai,Offline,1,Denpasar
TRX03215,2023-06-08,Thursday,6,2023,Reservasi paket tur dan liburan hotel & resort,Lion Air,Perjalanan,2021000,Pengeluaran,0,DANA,Online,0,Denpasar
TRX03216,2023-05-16,Tuesday,5,2023,Mampir minimarket beli minyak goreng stok mingguan,Indomaret,Belanja,143000,Pengeluaran,0,QRIS,Online,0,Makassar
TRX03217,2025-11-10,Monday,11,2025,Beli tiket pesawat villa pantai di KAI Access,KAI Access,Perjalanan,3617000,Pengeluaran,0,ShopeePay,Online,0,Medan
TRX03218,2025-11-01,Saturday,11,2025,Mampir minimarket beli tas punggung stok mingguan,Lazada,Belanja,445000,Pengeluaran,0,BRI,Online,0,Jakarta
TRX03219,2025-09-07,Sunday,9,2025,Beli casing hp baru via e-commerce,Tokopedia,Belanja,842000,Pengeluaran,0,BRI,Online,0,Surabaya
TRX03220,2026-07-17,Friday,7,2026,Beli perlengkapan obat flu & pusing dan obat flu,Century,Kesehatan,785000,Pengeluaran,0,Tunai,Offline,1,Depok
TRX03221,2026-01-24,Saturday,1,2026,Makan malam burger bareng keluarga,Sederhana,Makanan & Minuman,231000,Pengeluaran,0,BNI,Online,0,Denpasar
TRX03222,2023-10-02,Monday,10,2023,Beli resep suplemen imun dan vitamin di Kimia Farma,Kimia Farma,Kesehatan,441000,Pengeluaran,0,BCA,Online,0,Bogor
TRX03223,2023-08-31,Thursday,8,2023,Bayar sarapan ayam geprek di warung langganan,Sederhana,Makanan & Minuman,138000,Pengeluaran,0,ShopeePay,Online,0,Bandung
TRX03224,2025-03-04,Tuesday,3,2025,Pelunasan iuran air PDAM biar aliran tetap lancar,Biznet,Utilitas,573000,Pengeluaran,0,OVO,Online,0,Bengkulu
TRX03225,2024-09-14,Saturday,9,2024,Gaji pokok bulanan dari Client Freelance,Client Freelance,Gaji,13860000,Pemasukan,1,BCA,Online,0,Palembang
TRX03226,2025-10-02,Thursday,10,2025,Beli titipan roti sobek pakai voucher belanja,Lazada,Belanja,1087000,Pengeluaran,0,Mandiri,Online,0,Medan
TRX03227,2024-11-23,Saturday,11,2024,Beli titipan detergen & sabun pakai voucher belanja,Blibli,Belanja,1022000,Pengeluaran,0,BNI,Online,0,Tangerang
TRX03228,2023-12-16,Saturday,12,2023,Beli resep vitamin C dan vitamin di Guardian,Guardian,Kesehatan,360000,Pengeluaran,0,BCA,Online,0,Bengkulu
TRX03229,2024-10-13,Sunday,10,2024,Checkout minyak goreng pas diskon tanggal kembar,Alfamart,Belanja,216000,Pengeluaran,0,Mandiri,Online,0,Denpasar
TRX03230,2024-07-14,Sunday,7,2024,Bayar ongkos tiket KRL berangkat kerja di KCI Commuter,KCI Commuter,Transportasi,89000,Pengeluaran,0,GoPay,Online,0,Denpasar
TRX03231,2026-01-05,Monday,1,2026,Makan sate ayam pas jam istirahat kantor,KFC,Makanan & Minuman,93000,Pengeluaran,0,BCA,Online,0,Bengkulu
TRX03232,2023-07-29,Saturday,7,2023,Bayar ongkos tiket KRL berangkat kerja di KAI,KAI,Transportasi,60000,Pengeluaran,0,OVO,Online,0,Denpasar
TRX03233,2025-06-28,Saturday,6,2025,Makan burger pas jam istirahat kantor,Solaria,Makanan & Minuman,205000,Pengeluaran,0,Tunai,Offline,1,Bengkulu
TRX03234,2025-06-15,Sunday,6,2025,Beli tiket masuk wahana rekreasi sama teman-teman,Netflix,Hiburan,305000,Pengeluaran,0,BCA,Online,0,Bogor
TRX03235,2023-10-19,Thursday,10,2023,Checkout sate ayam promo diskon sore hari,Chatime,Makanan & Minuman,124000,Pengeluaran,0,QRIS,Online,0,Palembang
TRX03236,2025-08-26,Tuesday,8,2025,Gaji pokok bulanan dari PT Sukses Bersama,PT Sukses Bersama,Gaji,17369000,Pemasukan,1,OVO,Online,0,Semarang
TRX03237,2023-02-14,Tuesday,2,2023,Checkout ayam geprek promo diskon sore hari,Bakso Pak Kumis,Makanan & Minuman,137000,Pengeluaran,0,Tunai,Offline,1,Yogyakarta
TRX03238,2025-11-02,Sunday,11,2025,Pencairan honor insentif proyek proyek freelance,PT Nusantara Digital,Gaji,19825000,Pemasukan,1,GoPay,Online,0,Yogyakarta
TRX03239,2023-11-25,Saturday,11,2023,Gaji pokok bulanan dari PT Teknologi Karya,PT Teknologi Karya,Gaji,6922000,Pemasukan,1,ShopeePay,Online,0,Palembang
TRX03240,2026-02-19,Thursday,2,2026,Beli bensin ojek online di SPBU langganan,KAI,Transportasi,154000,Pengeluaran,0,BNI,Online,0,Makassar
TRX03241,2026-02-19,Thursday,2,2026,Beli titipan sepatu sneaker pakai voucher belanja,Superindo,Belanja,489000,Pengeluaran,0,Tunai,Offline,1,Semarang
TRX03242,2023-07-05,Wednesday,7,2023,Beli baju kaos baru via e-commerce,Uniqlo,Belanja,735000,Pengeluaran,0,QRIS,Online,0,Denpasar
TRX03243,2024-05-21,Tuesday,5,2024,Bonus kinerja dan gaji pokok dari perusahaan,Client Freelance,Gaji,10292000,Pemasukan,1,QRIS,Online,0,Semarang
TRX03244,2025-02-26,Wednesday,2,2025,Tebus resep obat skincare & sabun cuci muka di apotek langganan,Guardian,Kesehatan,210000,Pengeluaran,0,GoPay,Online,0,Bekasi
TRX03245,2026-07-18,Saturday,7,2026,Penerimaan insentif proyek masuk ke rekening utama,Bank Central,Gaji,19459000,Pemasukan,1,QRIS,Online,0,Bekasi
TRX03246,2026-06-02,Tuesday,6,2026,Beli soto betawi di KFC bareng teman,KFC,Makanan & Minuman,101000,Pengeluaran,0,Tunai,Offline,1,Bandung
TRX03247,2023-12-06,Wednesday,12,2023,Makan mie ayam pas jam istirahat kantor,KFC,Makanan & Minuman,180000,Pengeluaran,0,QRIS,Online,0,Depok
TRX03248,2023-07-22,Saturday,7,2023,Jajanan sate ayam pas nongkrong malam minggu,Chatime,Makanan & Minuman,113000,Pengeluaran,0,BCA,Online,0,Bekasi
TRX03249,2026-04-24,Friday,4,2026,Pengeluaran bulanan beli casing hp di Lazada,Lazada,Belanja,1022000,Pengeluaran,0,QRIS,Online,0,Jakarta
TRX03250,2023-09-21,Thursday,9,2023,Bonus kinerja dan payroll bulanan dari perusahaan,PT Teknologi Karya,Gaji,12957000,Pemasukan,1,Mandiri,Online,0,Medan
TRX03251,2023-02-28,Tuesday,2,2023,Beli resep skincare & sabun cuci muka dan vitamin di Alodokter,Alodokter,Kesehatan,618000,Pengeluaran,0,OVO,Online,0,Bekasi
TRX03252,2024-01-19,Friday,1,2024,Makan malam mie ayam bareng keluarga,Bakso Pak Kumis,Makanan & Minuman,130000,Pengeluaran,0,OVO,Online,0,Palembang
TRX03253,2025-04-27,Sunday,4,2025,Checkout detergen & sabun pas diskon tanggal kembar,Indomaret,Belanja,666000,Pengeluaran,0,Mandiri,Online,0,Semarang
TRX03254,2023-12-23,Saturday,12,2023,Bayar konsultasi dokter dan beli vitamin C,Kimia Farma,Kesehatan,166000,Pengeluaran,0,Mandiri,Online,0,Semarang
TRX03255,2026-06-10,Wednesday,6,2026,Gaji pokok bulanan dari PT Nusantara Digital,PT Nusantara Digital,Gaji,17843000,Pemasukan,1,OVO,Online,0,Denpasar
TRX03256,2024-03-28,Thursday,3,2024,Langganan fitur premium game Steam bulanan,Netflix,Hiburan,409000,Pengeluaran,0,BCA,Online,0,Surabaya
TRX03257,2025-08-29,Friday,8,2025,Top up voucher game film bioskop XXI pas akhir pekan,Steam,Hiburan,106000,Pengeluaran,0,QRIS,Online,0,Semarang
TRX03258,2025-04-06,Sunday,4,2025,Pesan nasi goreng via aplikasi pesan antar makanan,Chatime,Makanan & Minuman,69000,Pengeluaran,0,Tunai,Offline,1,Bogor
TRX03259,2024-12-18,Wednesday,12,2024,Checkout mie ayam promo diskon sore hari,Chatime,Makanan & Minuman,126000,Pengeluaran,0,BRI,Online,0,Bogor
TRX03260,2025-02-10,Monday,2,2025,Tebus resep obat minyak kayu putih di apotek langganan,Kimia Farma,Kesehatan,282000,Pengeluaran,0,BRI,Online,0,Palembang
TRX03261,2024-03-22,Friday,3,2024,Makan malam boba tea bareng keluarga,Sederhana,Makanan & Minuman,243000,Pengeluaran,0,GoPay,Online,0,Makassar
TRX03262,2026-04-08,Wednesday,4,2026,Sewa kendaraan taksi online untuk perjalanan harian,Maxim,Transportasi,122000,Pengeluaran,0,OVO,Online,0,Bogor
TRX03263,2024-06-22,Saturday,6,2024,Beli resep minyak kayu putih dan vitamin di Halodoc,Halodoc,Kesehatan,56000,Pengeluaran,0,Tunai,Offline,1,Bogor
TRX03264,2026-01-26,Monday,1,2026,Beli minyak goreng dan perlengkapan rumah tangga,Tokopedia,Belanja,155000,Pengeluaran,0,Mandiri,Online,0,Bogor
TRX03265,2024-07-09,Tuesday,7,2024,Top up saldo kartu e-money untuk e-toll,KCI Commuter,Transportasi,133000,Pengeluaran,0,BRI,Online,0,Bandung
TRX03266,2025-12-28,Sunday,12,2025,Beli buku sertifikasi AI di Ruangguru,Ruangguru,Pendidikan,1331000,Pengeluaran,0,DANA,Online,0,Tangerang
TRX03267,2024-05-08,Wednesday,5,2024,Pembelian aset aset kripto untuk tabungan masa depan,Bibit,Investasi,1230000,Pengeluaran,0,OVO,Online,0,Bekasi
TRX03268,2023-06-21,Wednesday,6,2023,Beli snack & mie instan baru via e-commerce,Blibli,Belanja,430000,Pengeluaran,0,Tunai,Offline,1,Surabaya
TRX03269,2023-08-23,Wednesday,8,2023,Beli tas punggung baru via e-commerce,Matahari,Belanja,1083000,Pengeluaran,0,GoPay,Online,0,Medan
TRX03270,2023-05-11,Thursday,5,2023,Beli sate ayam di Gacoan bareng teman,Gacoan,Makanan & Minuman,164000,Pengeluaran,0,Mandiri,Online,0,Yogyakarta
TRX03271,2025-10-11,Saturday,10,2025,Pencairan honor gaji pokok proyek freelance,Client Freelance,Gaji,9867000,Pemasukan,1,BCA,Online,0,Bekasi
TRX03272,2025-12-18,Thursday,12,2025,Beli resep obat flu & pusing dan vitamin di Century,Century,Kesehatan,132000,Pengeluaran,0,ShopeePay,Online,0,Yogyakarta
TRX03273,2024-05-13,Monday,5,2024,Makan pizza pas jam istirahat kantor,Bakso Pak Kumis,Makanan & Minuman,98000,Pengeluaran,0,Tunai,Offline,1,Surabaya
TRX03274,2024-05-27,Monday,5,2024,Makan malam burger bareng keluarga,Kopi Kenangan,Makanan & Minuman,58000,Pengeluaran,0,BCA,Online,0,Yogyakarta
TRX03275,2026-01-28,Wednesday,1,2026,Beli bakso urat di Kopi Kenangan bareng teman,Kopi Kenangan,Makanan & Minuman,172000,Pengeluaran,0,ShopeePay,Online,0,Makassar
TRX03276,2025-05-16,Friday,5,2025,Beli titipan tas punggung pakai voucher belanja,Uniqlo,Belanja,133000,Pengeluaran,0,ShopeePay,Online,0,Bengkulu
TRX03277,2023-01-05,Thursday,1,2023,Bayar sarapan pizza di warung langganan,Solaria,Makanan & Minuman,77000,Pengeluaran,0,BNI,Online,0,Makassar
TRX03278,2024-06-23,Sunday,6,2024,Makan malam nasi goreng bareng keluarga,Bakso Pak Kumis,Makanan & Minuman,23000,Pengeluaran,0,Tunai,Offline,1,Medan
TRX03279,2023-04-22,Saturday,4,2023,Checkout mie ayam promo diskon sore hari,Mixue,Makanan & Minuman,180000,Pengeluaran,0,GoPay,Online,0,Depok
TRX03280,2023-02-08,Wednesday,2,2023,Transfer bonus tahunan atas hasil kerja keras sebulan,PT Teknologi Karya,Gaji,6631000,Pemasukan,1,BNI,Online,0,Semarang
TRX03281,2023-11-11,Saturday,11,2023,Beli soto betawi di Solaria bareng teman,Solaria,Makanan & Minuman,41000,Pengeluaran,0,QRIS,Online,0,Makassar
TRX03282,2026-04-20,Monday,4,2026,Isi ulang pulsa dan kuota listrik PLN harian,PLN,Utilitas,484000,Pengeluaran,0,Mandiri,Online,0,Medan
TRX03283,2025-11-29,Saturday,11,2025,Mampir beli ayam geprek sama minuman segar,McDonalds,Makanan & Minuman,24000,Pengeluaran,0,Tunai,Offline,1,Makassar
TRX03284,2024-04-20,Saturday,4,2024,Bayar langganan bulanan Netflix 1 bulan streaming,Steam,Hiburan,370000,Pengeluaran,0,BRI,Online,0,Jakarta
TRX03285,2025-02-01,Saturday,2,2025,Pengeluaran bulanan beli baju kaos di Alfamart,Alfamart,Belanja,119000,Pengeluaran,0,BNI,Online,0,Tangerang
TRX03286,2024-03-01,Friday,3,2024,Checkout casing hp pas diskon tanggal kembar,Superindo,Belanja,231000,Pengeluaran,0,Tunai,Offline,1,Bengkulu
TRX03287,2023-12-23,Saturday,12,2023,Belanja kebutuhan harian roti sobek di Lazada,Lazada,Belanja,464000,Pengeluaran,0,Tunai,Offline,1,Bekasi
TRX03288,2026-05-09,Saturday,5,2026,Beli snack & mie instan dan perlengkapan rumah tangga,Hypermart,Belanja,283000,Pengeluaran,0,Tunai,Offline,1,Bandung
TRX03289,2025-10-22,Wednesday,10,2025,Mampir minimarket beli tas punggung stok mingguan,Superindo,Belanja,35000,Pengeluaran,0,Tunai,Offline,1,Malang
TRX03290,2025-11-14,Friday,11,2025,Checkout snack & mie instan pas diskon tanggal kembar,Shopee,Belanja,136000,Pengeluaran,0,GoPay,Online,0,Medan
TRX03291,2025-06-14,Saturday,6,2025,Pesan kendaraan online bensin Pertamax pas hujan,TransJakarta,Transportasi,179000,Pengeluaran,0,ShopeePay,Online,0,Bengkulu
TRX03292,2026-07-04,Saturday,7,2026,Beli titipan tas punggung pakai voucher belanja,Matahari,Belanja,500000,Pengeluaran,0,BNI,Online,0,Makassar
TRX03293,2023-12-30,Saturday,12,2023,Sewa akomodasi perjalanan tiket kereta api luar kota,Garuda Indonesia,Perjalanan,843000,Pengeluaran,0,QRIS,Online,0,Yogyakarta
TRX03294,2025-03-09,Sunday,3,2025,Top up reksa dana saham blue chip di Ajaib,Ajaib,Investasi,2637000,Pengeluaran,0,OVO,Online,0,Palembang
TRX03295,2024-09-06,Friday,9,2024,Bayar sarapan boba tea di warung langganan,Kopi Kenangan,Makanan & Minuman,78000,Pengeluaran,0,GoPay,Online,0,Bandung
TRX03296,2024-08-13,Tuesday,8,2024,Beli tiket masuk game Steam sama teman-teman,DuFan,Hiburan,252000,Pengeluaran,0,GoPay,Online,0,Bengkulu
TRX03297,2024-04-22,Monday,4,2024,Checkout roti sobek pas diskon tanggal kembar,Lazada,Belanja,1154000,Pengeluaran,0,Mandiri,Online,0,Bandung
TRX03298,2024-08-16,Friday,8,2024,Pesan soto betawi via aplikasi pesan antar makanan,Solaria,Makanan & Minuman,91000,Pengeluaran,0,Tunai,Offline,1,Yogyakarta
TRX03299,2023-06-17,Saturday,6,2023,Bayar sarapan mie ayam di warung langganan,Kopi Kenangan,Makanan & Minuman,205000,Pengeluaran,0,Mandiri,Online,0,Makassar
TRX03300,2024-07-09,Tuesday,7,2024,Checkout mie ayam promo diskon sore hari,Chatime,Makanan & Minuman,143000,Pengeluaran,0,Mandiri,Online,0,Bengkulu
TRX03301,2026-03-29,Sunday,3,2026,Pesan mie ayam via aplikasi pesan antar makanan,KFC,Makanan & Minuman,90000,Pengeluaran,0,Mandiri,Online,0,Malang
TRX03302,2026-05-31,Sunday,5,2026,Bayar ongkos taksi online berangkat kerja di Grab,Grab,Transportasi,100000,Pengeluaran,0,Mandiri,Online,0,Bengkulu
TRX03303,2025-10-21,Tuesday,10,2025,Bayar sarapan burger di warung langganan,Solaria,Makanan & Minuman,192000,Pengeluaran,0,BCA,Online,0,Medan
TRX03304,2023-02-17,Friday,2,2023,Beli token pulsa HP prabayar via m-banking,Biznet,Utilitas,438000,Pengeluaran,0,BCA,Online,0,Yogyakarta
TRX03305,2023-12-07,Thursday,12,2023,Pesan kendaraan online ojek online pas hujan,Gojek,Transportasi,147000,Pengeluaran,0,OVO,Online,0,Bogor
TRX03306,2025-09-14,Sunday,9,2025,Beli instrumen investasi reksa dana pasar uang bulanan,Indodax,Investasi,1683000,Pengeluaran,0,QRIS,Online,0,Malang
TRX03307,2024-03-01,Friday,3,2024,Makan malam sate ayam bareng keluarga,KFC,Makanan & Minuman,215000,Pengeluaran,0,Tunai,Offline,1,Tangerang
TRX03308,2024-09-01,Sunday,9,2024,Bayar konsultasi dokter dan beli suplemen imun,Alodokter,Kesehatan,361000,Pengeluaran,0,BRI,Online,0,Bekasi
TRX03309,2026-03-30,Monday,3,2026,Reservasi paket tur dan liburan tiket pesawat,KAI Access,Perjalanan,2729000,Pengeluaran,0,GoPay,Online,0,Tangerang
TRX03310,2025-04-10,Thursday,4,2025,Makan pizza pas jam istirahat kantor,Bakso Pak Kumis,Makanan & Minuman,132000,Pengeluaran,0,Tunai,Offline,1,Depok
TRX03311,2026-04-13,Monday,4,2026,Beli tiket nonton game Steam di Steam,Steam,Hiburan,140000,Pengeluaran,0,OVO,Online,0,Bogor
TRX03312,2026-03-18,Wednesday,3,2026,Checkout baju kaos pas diskon tanggal kembar,Indomaret,Belanja,872000,Pengeluaran,0,OVO,Online,0,Bekasi
TRX03313,2024-08-21,Wednesday,8,2024,Isi ulang pulsa dan kuota gas LPG harian,PDAM,Utilitas,512000,Pengeluaran,0,BCA,Online,0,Palembang
TRX03314,2026-02-01,Sunday,2,2026,Makan kopi susu pas jam istirahat kantor,Warung Makan,Makanan & Minuman,23000,Pengeluaran,0,Tunai,Offline,1,Palembang
TRX03315,2023-08-09,Wednesday,8,2023,Makan nasi goreng pas jam istirahat kantor,Sederhana,Makanan & Minuman,117000,Pengeluaran,0,Mandiri,Online,0,Malang
TRX03316,2026-05-17,Sunday,5,2026,Beli titipan detergen & sabun pakai voucher belanja,Matahari,Belanja,191000,Pengeluaran,0,Tunai,Offline,1,Medan
TRX03317,2024-07-11,Thursday,7,2024,Reservasi paket tur dan liburan villa pantai,Tiket.com,Perjalanan,4248000,Pengeluaran,0,Mandiri,Online,0,Bengkulu
TRX03318,2024-07-14,Sunday,7,2024,Bayar tagihan wifi internet bulanan rumah tangga,PDAM,Utilitas,321000,Pengeluaran,0,BNI,Online,0,Bekasi
TRX03319,2023-05-08,Monday,5,2023,Beli instrumen investasi obligasi negara bulanan,Stockbit,Investasi,254000,Pengeluaran,0,BNI,Online,0,Semarang
TRX03320,2026-01-19,Monday,1,2026,Mampir beli nasi goreng sama minuman segar,Solaria,Makanan & Minuman,163000,Pengeluaran,0,BNI,Online,0,Tangerang
TRX03321,2023-02-21,Tuesday,2,2023,Beli ayam geprek di Chatime bareng teman,Chatime,Makanan & Minuman,53000,Pengeluaran,0,OVO,Online,0,Bogor
TRX03322,2025-05-04,Sunday,5,2025,Beli buku sertifikasi AI di Coursera,Coursera,Pendidikan,3163000,Pengeluaran,0,BNI,Online,0,Depok
TRX03323,2026-06-25,Thursday,6,2026,Gaji pokok bulanan dari PT Teknologi Karya,PT Teknologi Karya,Gaji,7497000,Pemasukan,1,Mandiri,Online,0,Semarang
TRX03324,2025-10-24,Friday,10,2025,Langganan fitur premium game Steam bulanan,Spotify,Hiburan,163000,Pengeluaran,0,BRI,Online,0,Jakarta
TRX03325,2024-03-05,Tuesday,3,2024,Belanja kebutuhan harian roti sobek di Indomaret,Indomaret,Belanja,1004000,Pengeluaran,0,BNI,Online,0,Yogyakarta
TRX03326,2026-04-26,Sunday,4,2026,Beli mie ayam di Mixue bareng teman,Mixue,Makanan & Minuman,35000,Pengeluaran,0,DANA,Online,0,Surabaya
TRX03327,2023-06-26,Monday,6,2023,Bayar konsultasi dokter dan beli vitamin C,Kimia Farma,Kesehatan,831000,Pengeluaran,0,QRIS,Online,0,Depok
TRX03328,2023-02-03,Friday,2,2023,Booking penginapan dan hotel villa pantai liburan,Agoda,Perjalanan,1623000,Pengeluaran,0,ShopeePay,Online,0,Denpasar
TRX03329,2023-06-30,Friday,6,2023,Beli titipan sepatu sneaker pakai voucher belanja,Indomaret,Belanja,1117000,Pengeluaran,0,QRIS,Online,0,Makassar
TRX03330,2023-10-07,Saturday,10,2023,Langganan platform belajar buku koding Python,Penerbit Erlangga,Pendidikan,972000,Pengeluaran,0,OVO,Online,0,Yogyakarta
TRX03331,2025-11-10,Monday,11,2025,Beli titipan snack & mie instan pakai voucher belanja,Hypermart,Belanja,902000,Pengeluaran,0,Tunai,Offline,1,Surabaya
TRX03332,2024-05-04,Saturday,5,2024,Bayar rekening listrik PLN tepat waktu di PDAM,PDAM,Utilitas,561000,Pengeluaran,0,QRIS,Online,0,Malang
TRX03333,2023-08-16,Wednesday,8,2023,Pencairan honor gaji pokok proyek freelance,Client Freelance,Gaji,12880000,Pemasukan,1,BRI,Online,0,Medan
TRX03334,2023-11-07,Tuesday,11,2023,Makan nasi goreng pas jam istirahat kantor,Chatime,Makanan & Minuman,196000,Pengeluaran,0,Tunai,Offline,1,Depok
TRX03335,2024-11-18,Monday,11,2024,Makan malam mie ayam bareng keluarga,Gacoan,Makanan & Minuman,184000,Pengeluaran,0,Tunai,Offline,1,Surabaya
TRX03336,2025-04-12,Saturday,4,2025,Beli token wifi internet prabayar via m-banking,M3 Ooredoo,Utilitas,380000,Pengeluaran,0,BRI,Online,0,Tangerang
TRX03337,2025-10-14,Tuesday,10,2025,Beli bensin ojek online di SPBU langganan,Grab,Transportasi,172000,Pengeluaran,0,GoPay,Online,0,Semarang
TRX03338,2025-09-23,Tuesday,9,2025,Beli tiket taksi online pulang pergi luar kota,Grab,Transportasi,148000,Pengeluaran,0,QRIS,Online,0,Denpasar
TRX03339,2025-12-12,Friday,12,2025,Beli perlengkapan alat tulis buku novel & komik kuliah,Udemy,Pendidikan,2576000,Pengeluaran,0,QRIS,Online,0,Denpasar
TRX03340,2026-03-13,Friday,3,2026,Booking penginapan dan hotel tiket pesawat liburan,Lion Air,Perjalanan,550000,Pengeluaran,0,GoPay,Online,0,Surabaya
TRX03341,2026-04-25,Saturday,4,2026,Reservasi paket tur dan liburan tiket kereta api,KAI Access,Perjalanan,3998000,Pengeluaran,0,GoPay,Online,0,Bengkulu
TRX03342,2025-04-03,Thursday,4,2025,Mampir beli burger sama minuman segar,Warung Makan,Makanan & Minuman,241000,Pengeluaran,0,Tunai,Offline,1,Bandung
TRX03343,2025-07-07,Monday,7,2025,Gaji pokok bulanan dari PT Nusantara Digital,PT Nusantara Digital,Gaji,16270000,Pemasukan,1,OVO,Online,0,Bandung
TRX03344,2025-01-10,Friday,1,2025,Mampir minimarket beli snack & mie instan stok mingguan,Alfamart,Belanja,41000,Pengeluaran,0,BCA,Online,0,Surabaya
TRX03345,2024-08-25,Sunday,8,2024,Beli tiket nonton game Steam di PlayStation Store,PlayStation Store,Hiburan,143000,Pengeluaran,0,BCA,Online,0,Bogor
TRX03346,2025-02-13,Thursday,2,2025,Pelunasan iuran air PDAM biar aliran tetap lancar,XL Axiata,Utilitas,91000,Pengeluaran,0,ShopeePay,Online,0,Yogyakarta
TRX03347,2023-07-30,Sunday,7,2023,Beli tiket masuk Spotify Premium sama teman-teman,CGV,Hiburan,307000,Pengeluaran,0,BCA,Online,0,Bengkulu
TRX03348,2024-07-10,Wednesday,7,2024,Beli tiket pesawat villa pantai di Traveloka,Traveloka,Perjalanan,1452000,Pengeluaran,0,BCA,Online,0,Yogyakarta
TRX03349,2025-04-14,Monday,4,2025,Makan bakso urat pas jam istirahat kantor,Mixue,Makanan & Minuman,104000,Pengeluaran,0,BRI,Online,0,Bandung
TRX03350,2024-04-14,Sunday,4,2024,Pesan ayam geprek via aplikasi pesan antar makanan,McDonalds,Makanan & Minuman,157000,Pengeluaran,0,Tunai,Offline,1,Jakarta
TRX03351,2026-01-02,Friday,1,2026,Beli sepatu sneaker baru via e-commerce,Uniqlo,Belanja,419000,Pengeluaran,0,QRIS,Online,0,Jakarta
TRX03352,2023-01-03,Tuesday,1,2023,Mampir minimarket beli snack & mie instan stok mingguan,Alfamart,Belanja,262000,Pengeluaran,0,Tunai,Offline,1,Depok
TRX03353,2023-07-28,Friday,7,2023,Sewa kendaraan tiket KRL untuk perjalanan harian,KAI,Transportasi,17000,Pengeluaran,0,GoPay,Online,0,Medan
TRX03354,2024-10-14,Monday,10,2024,Beli instrumen investasi saham blue chip bulanan,Stockbit,Investasi,2734000,Pengeluaran,0,ShopeePay,Online,0,Malang
TRX03355,2023-09-26,Tuesday,9,2023,Pembayaran UKT semesteran buku novel & komik,Gramedia,Pendidikan,581000,Pengeluaran,0,GoPay,Online,0,Yogyakarta
TRX03356,2026-02-13,Friday,2,2026,Beli tiket pesawat villa pantai di Lion Air,Lion Air,Perjalanan,539000,Pengeluaran,0,BRI,Online,0,Depok
TRX03357,2026-01-11,Sunday,1,2026,Mampir beli nasi goreng sama minuman segar,KFC,Makanan & Minuman,41000,Pengeluaran,0,GoPay,Online,0,Medan
TRX03358,2024-09-09,Monday,9,2024,Makan ayam geprek pas jam istirahat kantor,Warung Makan,Makanan & Minuman,182000,Pengeluaran,0,DANA,Online,0,Denpasar
TRX03359,2025-04-19,Saturday,4,2025,Beli masker dan vitamin C untuk stok rumah,Halodoc,Kesehatan,67000,Pengeluaran,0,Tunai,Offline,1,Bengkulu
TRX03360,2025-11-10,Monday,11,2025,Penerimaan bonus tahunan masuk ke rekening utama,Bank Central,Gaji,16132000,Pemasukan,1,Mandiri,Online,0,Tangerang
TRX03361,2024-12-06,Friday,12,2024,Isi ulang pulsa dan kuota air PDAM harian,PLN,Utilitas,168000,Pengeluaran,0,BRI,Online,0,Surabaya
TRX03362,2024-03-30,Saturday,3,2024,Beli perlengkapan suplemen imun dan obat flu,Century,Kesehatan,275000,Pengeluaran,0,OVO,Online,0,Malang
TRX03363,2026-03-25,Wednesday,3,2026,Checkout burger promo diskon sore hari,Warung Makan,Makanan & Minuman,103000,Pengeluaran,0,GoPay,Online,0,Malang
TRX03364,2026-03-17,Tuesday,3,2026,Checkout snack & mie instan pas diskon tanggal kembar,Alfamart,Belanja,26000,Pengeluaran,0,OVO,Online,0,Malang
TRX03365,2023-04-11,Tuesday,4,2023,Pencairan honor bonus tahunan proyek freelance,PT Sukses Bersama,Gaji,17562000,Pemasukan,1,BCA,Online,0,Palembang
TRX03366,2023-05-17,Wednesday,5,2023,Top up saldo kartu e-money untuk tiket KRL,Bluebird,Transportasi,127000,Pengeluaran,0,Mandiri,Online,0,Medan
TRX03367,2025-07-15,Tuesday,7,2025,Bayar ongkos taksi online berangkat kerja di MyPertamina,MyPertamina,Transportasi,31000,Pengeluaran,0,OVO,Online,0,Makassar
TRX03368,2023-10-22,Sunday,10,2023,Mampir minimarket beli casing hp stok mingguan,Indomaret,Belanja,1172000,Pengeluaran,0,Tunai,Offline,1,Malang
TRX03369,2026-02-04,Wednesday,2,2026,Beli kopi susu di Warung Makan bareng teman,Warung Makan,Makanan & Minuman,146000,Pengeluaran,0,DANA,Online,0,Bekasi
TRX03370,2025-03-27,Thursday,3,2025,Bonus kinerja dan payroll bulanan dari perusahaan,PT Teknologi Karya,Gaji,13191000,Pemasukan,1,QRIS,Online,0,Semarang
TRX03371,2025-07-30,Wednesday,7,2025,Pesan kendaraan online bensin Pertamax pas hujan,TransJakarta,Transportasi,12000,Pengeluaran,0,ShopeePay,Online,0,Semarang
TRX03372,2024-01-13,Saturday,1,2024,Pesan sate ayam via aplikasi pesan antar makanan,McDonalds,Makanan & Minuman,69000,Pengeluaran,0,BCA,Online,0,Tangerang
TRX03373,2023-03-07,Tuesday,3,2023,Beli sepatu sneaker dan perlengkapan rumah tangga,Blibli,Belanja,251000,Pengeluaran,0,GoPay,Online,0,Medan
TRX03374,2025-03-26,Wednesday,3,2025,Transfer payroll bulanan atas hasil kerja keras sebulan,PT Sukses Bersama,Gaji,13832000,Pemasukan,1,DANA,Online,0,Semarang
TRX03375,2026-04-12,Sunday,4,2026,Beli perlengkapan alat tulis kursus Data Science kuliah,Coursera,Pendidikan,2406000,Pengeluaran,0,OVO,Online,0,Jakarta
TRX03376,2023-11-29,Wednesday,11,2023,Belanja kebutuhan harian tas punggung di Uniqlo,Uniqlo,Belanja,514000,Pengeluaran,0,Mandiri,Online,0,Medan
TRX03377,2023-10-23,Monday,10,2023,Transfer payroll bulanan atas hasil kerja keras sebulan,PT Sukses Bersama,Gaji,15258000,Pemasukan,1,BRI,Online,0,Depok
TRX03378,2024-03-31,Sunday,3,2024,Bayar konsultasi dokter dan beli minyak kayu putih,Halodoc,Kesehatan,567000,Pengeluaran,0,BCA,Online,0,Semarang
TRX03379,2023-02-11,Saturday,2,2023,Beli perlengkapan alat tulis sertifikasi AI kuliah,Ruangguru,Pendidikan,1706000,Pengeluaran,0,BRI,Online,0,Depok
TRX03380,2026-06-18,Thursday,6,2026,Penerimaan bonus tahunan masuk ke rekening utama,Client Freelance,Gaji,19404000,Pemasukan,1,QRIS,Online,0,Bandung
TRX03381,2026-05-14,Thursday,5,2026,Mampir beli nasi goreng sama minuman segar,McDonalds,Makanan & Minuman,37000,Pengeluaran,0,ShopeePay,Online,0,Depok
TRX03382,2023-12-29,Friday,12,2023,Langganan platform belajar kursus Data Science,Udemy,Pendidikan,821000,Pengeluaran,0,OVO,Online,0,Palembang
TRX03383,2026-05-22,Friday,5,2026,Bayar sarapan mie ayam di warung langganan,Gacoan,Makanan & Minuman,47000,Pengeluaran,0,BCA,Online,0,Medan
TRX03384,2023-09-06,Wednesday,9,2023,Beli masker dan vitamin C untuk stok rumah,Century,Kesehatan,76000,Pengeluaran,0,GoPay,Online,0,Jakarta
TRX03385,2024-01-14,Sunday,1,2024,Beli bakso urat di Solaria bareng teman,Solaria,Makanan & Minuman,42000,Pengeluaran,0,Mandiri,Online,0,Medan
TRX03386,2025-02-04,Tuesday,2,2025,Bonus kinerja dan payroll bulanan dari perusahaan,Client Freelance,Gaji,6277000,Pemasukan,1,BCA,Online,0,Jakarta
TRX03387,2023-04-30,Sunday,4,2023,Transfer payroll bulanan atas hasil kerja keras sebulan,PT Teknologi Karya,Gaji,17599000,Pemasukan,1,BNI,Online,0,Palembang
TRX03388,2023-10-27,Friday,10,2023,Mampir beli mie ayam sama minuman segar,Warung Makan,Makanan & Minuman,194000,Pengeluaran,0,ShopeePay,Online,0,Bekasi
TRX03389,2025-01-24,Friday,1,2025,Belanja kebutuhan harian snack & mie instan di Matahari,Matahari,Belanja,945000,Pengeluaran,0,BRI,Online,0,Medan
TRX03390,2023-01-01,Sunday,1,2023,Checkout casing hp pas diskon tanggal kembar,Uniqlo,Belanja,504000,Pengeluaran,0,Tunai,Offline,1,Palembang
TRX03391,2026-07-09,Thursday,7,2026,Pelunasan iuran wifi internet biar aliran tetap lancar,PDAM,Utilitas,435000,Pengeluaran,0,QRIS,Online,0,Yogyakarta
TRX03392,2024-08-12,Monday,8,2024,Beli resep obat flu & pusing dan vitamin di Alodokter,Alodokter,Kesehatan,659000,Pengeluaran,0,GoPay,Online,0,Medan
TRX03393,2026-06-12,Friday,6,2026,Sewa kendaraan ojek online untuk perjalanan harian,Grab,Transportasi,125000,Pengeluaran,0,DANA,Online,0,Palembang
TRX03394,2025-05-11,Sunday,5,2025,Pesan kendaraan online ojek online pas hujan,MyPertamina,Transportasi,55000,Pengeluaran,0,DANA,Online,0,Bengkulu
TRX03395,2025-05-06,Tuesday,5,2025,Pesan pizza via aplikasi pesan antar makanan,Gacoan,Makanan & Minuman,156000,Pengeluaran,0,Tunai,Offline,1,Bekasi
TRX03396,2024-10-19,Saturday,10,2024,Bayar rekening pulsa HP tepat waktu di PLN,PLN,Utilitas,125000,Pengeluaran,0,BCA,Online,0,Bandung
TRX03397,2023-09-28,Thursday,9,2023,Jajanan mie ayam pas nongkrong malam minggu,KFC,Makanan & Minuman,175000,Pengeluaran,0,DANA,Online,0,Jakarta
TRX03398,2025-03-02,Sunday,3,2025,Gaji pokok bulanan dari Client Freelance,Client Freelance,Gaji,14487000,Pemasukan,1,Mandiri,Online,0,Bandung
TRX03399,2023-11-06,Monday,11,2023,Checkout bakso urat promo diskon sore hari,Kopi Kenangan,Makanan & Minuman,164000,Pengeluaran,0,Tunai,Offline,1,Bogor
TRX03400,2023-10-10,Tuesday,10,2023,Pengeluaran bulanan beli snack & mie instan di Lazada,Lazada,Belanja,1074000,Pengeluaran,0,Mandiri,Online,0,Depok
TRX03401,2025-10-16,Thursday,10,2025,Mampir beli ayam geprek sama minuman segar,Chatime,Makanan & Minuman,64000,Pengeluaran,0,Tunai,Offline,1,Jakarta
TRX03402,2024-05-16,Thursday,5,2024,Pembayaran paket langganan air PDAM kecepatan tinggi,M3 Ooredoo,Utilitas,600000,Pengeluaran,0,BRI,Online,0,Bogor
TRX03403,2024-05-13,Monday,5,2024,Beli bensin bensin Pertamax di SPBU langganan,Grab,Transportasi,76000,Pengeluaran,0,OVO,Online,0,Makassar
TRX03404,2026-05-12,Tuesday,5,2026,Bonus kinerja dan honor freelance dari perusahaan,Bank Central,Gaji,10338000,Pemasukan,1,BRI,Online,0,Yogyakarta
TRX03405,2026-01-01,Thursday,1,2026,Sewa kendaraan taksi online untuk perjalanan harian,Grab,Transportasi,151000,Pengeluaran,0,Mandiri,Online,0,Tangerang
TRX03406,2025-10-14,Tuesday,10,2025,Beli baju kaos dan perlengkapan rumah tangga,Matahari,Belanja,455000,Pengeluaran,0,BRI,Online,0,Jakarta
TRX03407,2023-07-13,Thursday,7,2023,Makan malam nasi goreng bareng keluarga,Chatime,Makanan & Minuman,220000,Pengeluaran,0,OVO,Online,0,Palembang
TRX03408,2024-08-22,Thursday,8,2024,Checkout kopi susu promo diskon sore hari,Kopi Kenangan,Makanan & Minuman,31000,Pengeluaran,0,DANA,Online,0,Bandung
TRX03409,2024-07-26,Friday,7,2024,Beli titipan casing hp pakai voucher belanja,Uniqlo,Belanja,534000,Pengeluaran,0,GoPay,Online,0,Bengkulu
TRX03410,2025-03-14,Friday,3,2025,Mampir minimarket beli tas punggung stok mingguan,Hypermart,Belanja,557000,Pengeluaran,0,ShopeePay,Online,0,Semarang
TRX03411,2026-04-20,Monday,4,2026,Beli titipan snack & mie instan pakai voucher belanja,Tokopedia,Belanja,614000,Pengeluaran,0,BNI,Online,0,Jakarta
TRX03412,2024-09-20,Friday,9,2024,Belanja kebutuhan harian minyak goreng di Tokopedia,Tokopedia,Belanja,871000,Pengeluaran,0,OVO,Online,0,Makassar
TRX03413,2025-02-23,Sunday,2,2025,Beli token listrik PLN prabayar via m-banking,M3 Ooredoo,Utilitas,105000,Pengeluaran,0,OVO,Online,0,Tangerang
TRX03414,2023-09-16,Saturday,9,2023,Beli bensin taksi online di SPBU langganan,Bluebird,Transportasi,162000,Pengeluaran,0,Mandiri,Online,0,Bekasi
TRX03415,2024-10-16,Wednesday,10,2024,Beli bensin e-toll di SPBU langganan,TransJakarta,Transportasi,75000,Pengeluaran,0,QRIS,Online,0,Bogor
TRX03416,2023-10-11,Wednesday,10,2023,Mampir beli bakso urat sama minuman segar,Sederhana,Makanan & Minuman,126000,Pengeluaran,0,GoPay,Online,0,Depok
TRX03417,2023-01-09,Monday,1,2023,Jajanan sate ayam pas nongkrong malam minggu,Bakso Pak Kumis,Makanan & Minuman,133000,Pengeluaran,0,BCA,Online,0,Semarang
TRX03418,2024-12-07,Saturday,12,2024,Beli tiket pesawat villa pantai di KAI Access,KAI Access,Perjalanan,3360000,Pengeluaran,0,BNI,Online,0,Bogor
TRX03419,2025-11-30,Sunday,11,2025,Belanja kebutuhan harian tas punggung di Alfamart,Alfamart,Belanja,441000,Pengeluaran,0,Tunai,Offline,1,Malang
TRX03420,2025-12-20,Saturday,12,2025,Pesan soto betawi via aplikasi pesan antar makanan,Chatime,Makanan & Minuman,213000,Pengeluaran,0,Tunai,Offline,1,Yogyakarta
TRX03421,2023-11-16,Thursday,11,2023,Bayar ongkos tiket KRL berangkat kerja di KCI Commuter,KCI Commuter,Transportasi,193000,Pengeluaran,0,OVO,Online,0,Yogyakarta
TRX03422,2025-03-30,Sunday,3,2025,Top up saldo kartu e-money untuk ojek online,TransJakarta,Transportasi,60000,Pengeluaran,0,OVO,Online,0,Bengkulu
TRX03423,2024-03-25,Monday,3,2024,Gaji pokok bulanan dari Bank Central,Bank Central,Gaji,3642000,Pemasukan,1,BNI,Online,0,Surabaya
TRX03424,2023-10-11,Wednesday,10,2023,Beli tiket nonton Netflix 1 bulan di DuFan,DuFan,Hiburan,450000,Pengeluaran,0,BCA,Online,0,Depok
TRX03425,2025-11-26,Wednesday,11,2025,Mampir minimarket beli sepatu sneaker stok mingguan,Superindo,Belanja,543000,Pengeluaran,0,ShopeePay,Online,0,Medan
TRX03426,2024-02-24,Saturday,2,2024,Reservasi paket tur dan liburan villa pantai,Tiket.com,Perjalanan,3421000,Pengeluaran,0,BCA,Online,0,Tangerang
TRX03427,2025-11-09,Sunday,11,2025,Makan malam pizza bareng keluarga,Mixue,Makanan & Minuman,142000,Pengeluaran,0,BNI,Online,0,Bekasi
TRX03428,2024-02-28,Wednesday,2,2024,Beli snack & mie instan baru via e-commerce,Uniqlo,Belanja,610000,Pengeluaran,0,BRI,Online,0,Jakarta
TRX03429,2026-02-25,Wednesday,2,2026,Booking penginapan dan hotel tiket kereta api liburan,Garuda Indonesia,Perjalanan,1231000,Pengeluaran,0,Mandiri,Online,0,Bandung
TRX03430,2024-06-19,Wednesday,6,2024,Gaji pokok bulanan dari PT Nusantara Digital,PT Nusantara Digital,Gaji,15761000,Pemasukan,1,BCA,Online,0,Bogor
TRX03431,2023-01-02,Monday,1,2023,Makan malam sate ayam bareng keluarga,Warung Makan,Makanan & Minuman,43000,Pengeluaran,0,ShopeePay,Online,0,Bekasi
TRX03432,2023-05-03,Wednesday,5,2023,Pembayaran paket langganan air PDAM kecepatan tinggi,PLN,Utilitas,571000,Pengeluaran,0,BCA,Online,0,Semarang
TRX03433,2024-06-06,Thursday,6,2024,Penerimaan insentif proyek masuk ke rekening utama,PT Nusantara Digital,Gaji,12410000,Pemasukan,1,Mandiri,Online,0,Surabaya
TRX03434,2024-12-14,Saturday,12,2024,Belanja kebutuhan harian minyak goreng di Lazada,Lazada,Belanja,462000,Pengeluaran,0,Mandiri,Online,0,Denpasar
TRX03435,2026-07-23,Thursday,7,2026,Gaji pokok bulanan dari PT Sukses Bersama,PT Sukses Bersama,Gaji,19140000,Pemasukan,1,QRIS,Online,0,Yogyakarta
TRX03436,2024-10-16,Wednesday,10,2024,Belanja kebutuhan harian casing hp di Alfamart,Alfamart,Belanja,49000,Pengeluaran,0,Tunai,Offline,1,Palembang
TRX03437,2025-11-23,Sunday,11,2025,Beli perlengkapan alat tulis UKT kuliah kuliah,Coursera,Pendidikan,550000,Pengeluaran,0,DANA,Online,0,Bogor
TRX03438,2025-07-12,Saturday,7,2025,Pembayaran paket langganan listrik PLN kecepatan tinggi,PLN,Utilitas,88000,Pengeluaran,0,BRI,Online,0,Depok
TRX03439,2025-08-05,Tuesday,8,2025,Tebus resep obat obat flu & pusing di apotek langganan,Guardian,Kesehatan,650000,Pengeluaran,0,ShopeePay,Online,0,Bengkulu
TRX03440,2024-02-23,Friday,2,2024,Bayar tagihan pulsa HP bulanan rumah tangga,PDAM,Utilitas,159000,Pengeluaran,0,GoPay,Online,0,Denpasar
TRX03441,2025-03-08,Saturday,3,2025,Belanja kebutuhan harian roti sobek di Lazada,Lazada,Belanja,199000,Pengeluaran,0,DANA,Online,0,Bogor
TRX03442,2025-02-28,Friday,2,2025,Pengeluaran bulanan beli casing hp di Matahari,Matahari,Belanja,432000,Pengeluaran,0,Tunai,Offline,1,Surabaya
TRX03443,2025-09-02,Tuesday,9,2025,Beli tiket nonton game Steam di PlayStation Store,PlayStation Store,Hiburan,200000,Pengeluaran,0,ShopeePay,Online,0,Medan
TRX03444,2025-02-06,Thursday,2,2025,Makan burger pas jam istirahat kantor,Warung Makan,Makanan & Minuman,165000,Pengeluaran,0,GoPay,Online,0,Yogyakarta
TRX03445,2023-11-04,Saturday,11,2023,Beli token wifi internet prabayar via m-banking,Biznet,Utilitas,303000,Pengeluaran,0,ShopeePay,Online,0,Bandung
TRX03446,2024-08-01,Thursday,8,2024,Makan ayam geprek pas jam istirahat kantor,Solaria,Makanan & Minuman,134000,Pengeluaran,0,DANA,Online,0,Makassar
TRX03447,2026-02-19,Thursday,2,2026,Mampir beli burger sama minuman segar,Warung Makan,Makanan & Minuman,123000,Pengeluaran,0,DANA,Online,0,Malang
TRX03448,2024-03-02,Saturday,3,2024,Pesan nasi goreng via aplikasi pesan antar makanan,Bakso Pak Kumis,Makanan & Minuman,216000,Pengeluaran,0,Mandiri,Online,0,Bandung
TRX03449,2025-08-04,Monday,8,2025,Bayar sarapan mie ayam di warung langganan,Solaria,Makanan & Minuman,80000,Pengeluaran,0,GoPay,Online,0,Tangerang
TRX03450,2023-05-06,Saturday,5,2023,Checkout burger promo diskon sore hari,McDonalds,Makanan & Minuman,91000,Pengeluaran,0,Mandiri,Online,0,Jakarta
TRX03451,2026-01-19,Monday,1,2026,Pembayaran paket langganan listrik PLN kecepatan tinggi,Biznet,Utilitas,533000,Pengeluaran,0,BRI,Online,0,Depok
TRX03452,2023-01-17,Tuesday,1,2023,Gaji pokok bulanan dari PT Teknologi Karya,PT Teknologi Karya,Gaji,19352000,Pemasukan,1,DANA,Online,0,Yogyakarta
TRX03453,2025-07-22,Tuesday,7,2025,Langganan platform belajar buku koding Python,Gramedia,Pendidikan,1298000,Pengeluaran,0,BRI,Online,0,Makassar
TRX03454,2023-09-20,Wednesday,9,2023,Top up saldo kartu e-money untuk e-toll,TransJakarta,Transportasi,60000,Pengeluaran,0,BCA,Online,0,Tangerang
TRX03455,2026-05-19,Tuesday,5,2026,Pesan bakso urat via aplikasi pesan antar makanan,Kopi Kenangan,Makanan & Minuman,33000,Pengeluaran,0,Tunai,Offline,1,Bandung
TRX03456,2024-07-24,Wednesday,7,2024,Jajanan sate ayam pas nongkrong malam minggu,Chatime,Makanan & Minuman,70000,Pengeluaran,0,BCA,Online,0,Makassar
TRX03457,2025-09-17,Wednesday,9,2025,Tebus resep obat suplemen imun di apotek langganan,Guardian,Kesehatan,126000,Pengeluaran,0,OVO,Online,0,Depok
TRX03458,2023-09-04,Monday,9,2023,Penerimaan honor freelance masuk ke rekening utama,Bank Central,Gaji,15827000,Pemasukan,1,GoPay,Online,0,Bekasi
TRX03459,2026-06-03,Wednesday,6,2026,Beli titipan roti sobek pakai voucher belanja,Hypermart,Belanja,957000,Pengeluaran,0,BCA,Online,0,Malang
TRX03460,2026-06-02,Tuesday,6,2026,Beli bensin e-toll di SPBU langganan,Bluebird,Transportasi,59000,Pengeluaran,0,QRIS,Online,0,Tangerang
TRX03461,2024-06-28,Friday,6,2024,Pesan boba tea via aplikasi pesan antar makanan,Sederhana,Makanan & Minuman,56000,Pengeluaran,0,QRIS,Online,0,Bandung
TRX03462,2025-02-16,Sunday,2,2025,Bonus kinerja dan bonus tahunan dari perusahaan,PT Sukses Bersama,Gaji,10063000,Pemasukan,1,BRI,Online,0,Bandung
TRX03463,2023-06-30,Friday,6,2023,Pencairan honor bonus tahunan proyek freelance,PT Sukses Bersama,Gaji,3935000,Pemasukan,1,DANA,Online,0,Jakarta
TRX03464,2025-01-11,Saturday,1,2025,Top up saldo kartu e-money untuk bensin Pertamax,TransJakarta,Transportasi,22000,Pengeluaran,0,BNI,Online,0,Makassar
TRX03465,2025-10-06,Monday,10,2025,Beli resep obat flu & pusing dan vitamin di Century,Century,Kesehatan,366000,Pengeluaran,0,Tunai,Offline,1,Bekasi
TRX03466,2023-07-16,Sunday,7,2023,Makan malam ayam geprek bareng keluarga,Solaria,Makanan & Minuman,17000,Pengeluaran,0,Tunai,Offline,1,Jakarta
TRX03467,2023-10-03,Tuesday,10,2023,Pengeluaran bulanan beli casing hp di Lazada,Lazada,Belanja,560000,Pengeluaran,0,GoPay,Online,0,Malang
TRX03468,2025-07-22,Tuesday,7,2025,Bayar langganan bulanan Netflix 1 bulan streaming,DuFan,Hiburan,193000,Pengeluaran,0,QRIS,Online,0,Denpasar
TRX03469,2025-10-21,Tuesday,10,2025,Bayar ongkos taksi online berangkat kerja di MyPertamina,MyPertamina,Transportasi,163000,Pengeluaran,0,BRI,Online,0,Surabaya
TRX03470,2024-08-03,Saturday,8,2024,Penerimaan payroll bulanan masuk ke rekening utama,Client Freelance,Gaji,11762000,Pemasukan,1,OVO,Online,0,Medan
TRX03471,2025-10-31,Friday,10,2025,Pembayaran UKT semesteran buku novel & komik,Penerbit Erlangga,Pendidikan,2880000,Pengeluaran,0,Mandiri,Online,0,Tangerang
TRX03472,2023-11-16,Thursday,11,2023,Jajanan bakso urat pas nongkrong malam minggu,Bakso Pak Kumis,Makanan & Minuman,192000,Pengeluaran,0,Tunai,Offline,1,Bengkulu
TRX03473,2025-04-14,Monday,4,2025,Beli sepatu sneaker dan perlengkapan rumah tangga,Tokopedia,Belanja,829000,Pengeluaran,0,QRIS,Online,0,Bogor
TRX03474,2026-04-27,Monday,4,2026,Bayar biaya kursus online buku novel & komik,Penerbit Erlangga,Pendidikan,1288000,Pengeluaran,0,BCA,Online,0,Jakarta
TRX03475,2023-03-12,Sunday,3,2023,Pencairan honor gaji pokok proyek freelance,PT Teknologi Karya,Gaji,16316000,Pemasukan,1,BCA,Online,0,Surabaya
TRX03476,2024-09-14,Saturday,9,2024,Transfer gaji pokok atas hasil kerja keras sebulan,Client Freelance,Gaji,6318000,Pemasukan,1,BCA,Online,0,Denpasar
TRX03477,2024-11-23,Saturday,11,2024,Belanja kebutuhan harian tas punggung di Tokopedia,Tokopedia,Belanja,845000,Pengeluaran,0,Mandiri,Online,0,Bekasi
TRX03478,2023-04-27,Thursday,4,2023,Bayar langganan bulanan Netflix 1 bulan streaming,PlayStation Store,Hiburan,193000,Pengeluaran,0,OVO,Online,0,Bogor
TRX03479,2024-03-20,Wednesday,3,2024,Belanja kebutuhan harian detergen & sabun di Shopee,Shopee,Belanja,144000,Pengeluaran,0,Tunai,Offline,1,Jakarta
TRX03480,2026-04-21,Tuesday,4,2026,Bayar sarapan pizza di warung langganan,Sederhana,Makanan & Minuman,31000,Pengeluaran,0,ShopeePay,Online,0,Surabaya
TRX03481,2023-01-08,Sunday,1,2023,Beli resep minyak kayu putih dan vitamin di Halodoc,Halodoc,Kesehatan,207000,Pengeluaran,0,Mandiri,Online,0,Makassar
TRX03482,2024-07-24,Wednesday,7,2024,Pesan pizza via aplikasi pesan antar makanan,Mixue,Makanan & Minuman,174000,Pengeluaran,0,Mandiri,Online,0,Jakarta
TRX03483,2024-06-21,Friday,6,2024,Top up saldo kartu e-money untuk taksi online,TransJakarta,Transportasi,32000,Pengeluaran,0,Mandiri,Online,0,Tangerang
TRX03484,2025-05-05,Monday,5,2025,Beli detergen & sabun baru via e-commerce,Lazada,Belanja,193000,Pengeluaran,0,Tunai,Offline,1,Bandung
TRX03485,2026-07-24,Friday,7,2026,Beli titipan minyak goreng pakai voucher belanja,Indomaret,Belanja,1196000,Pengeluaran,0,DANA,Online,0,Depok
TRX03486,2024-06-09,Sunday,6,2024,Sewa kendaraan tiket KRL untuk perjalanan harian,Gojek,Transportasi,66000,Pengeluaran,0,BNI,Online,0,Bogor
TRX03487,2023-06-30,Friday,6,2023,Bayar sarapan burger di warung langganan,Warung Makan,Makanan & Minuman,187000,Pengeluaran,0,Mandiri,Online,0,Jakarta
TRX03488,2026-06-09,Tuesday,6,2026,Beli tas punggung baru via e-commerce,Shopee,Belanja,1056000,Pengeluaran,0,BRI,Online,0,Surabaya
TRX03489,2026-02-16,Monday,2,2026,Gaji pokok bulanan dari PT Nusantara Digital,PT Nusantara Digital,Gaji,17334000,Pemasukan,1,Mandiri,Online,0,Yogyakarta
TRX03490,2025-04-15,Tuesday,4,2025,Sewa kendaraan ojek online untuk perjalanan harian,MyPertamina,Transportasi,36000,Pengeluaran,0,OVO,Online,0,Tangerang
TRX03491,2025-09-21,Sunday,9,2025,Mampir minimarket beli tas punggung stok mingguan,Indomaret,Belanja,840000,Pengeluaran,0,BRI,Online,0,Bengkulu
TRX03492,2025-12-23,Tuesday,12,2025,Beli token pulsa HP prabayar via m-banking,Biznet,Utilitas,492000,Pengeluaran,0,ShopeePay,Online,0,Denpasar
TRX03493,2025-01-02,Thursday,1,2025,Jajanan ayam geprek pas nongkrong malam minggu,Solaria,Makanan & Minuman,117000,Pengeluaran,0,Tunai,Offline,1,Bandung
TRX03494,2024-01-12,Friday,1,2024,Beli tas punggung baru via e-commerce,Hypermart,Belanja,1079000,Pengeluaran,0,Tunai,Offline,1,Bekasi
TRX03495,2024-02-03,Saturday,2,2024,Mampir minimarket beli baju kaos stok mingguan,Hypermart,Belanja,690000,Pengeluaran,0,Tunai,Offline,1,Denpasar
TRX03496,2026-05-18,Monday,5,2026,Penerimaan payroll bulanan masuk ke rekening utama,Bank Central,Gaji,18697000,Pemasukan,1,QRIS,Online,0,Malang
TRX03497,2026-04-10,Friday,4,2026,Makan pizza pas jam istirahat kantor,Warung Makan,Makanan & Minuman,49000,Pengeluaran,0,DANA,Online,0,Yogyakarta
TRX03498,2025-08-10,Sunday,8,2025,Jajanan pizza pas nongkrong malam minggu,Warung Makan,Makanan & Minuman,112000,Pengeluaran,0,ShopeePay,Online,0,Bogor
TRX03499,2024-01-20,Saturday,1,2024,Beli buku sertifikasi AI di Udemy,Udemy,Pendidikan,1398000,Pengeluaran,0,BCA,Online,0,Depok
TRX03500,2023-05-29,Monday,5,2023,Beli perlengkapan alat tulis buku koding Python kuliah,Udemy,Pendidikan,547000,Pengeluaran,0,OVO,Online,0,Makassar
TRX03501,2025-09-15,Monday,9,2025,Bayar tagihan gas LPG bulanan rumah tangga,Biznet,Utilitas,192000,Pengeluaran,0,GoPay,Online,0,Bogor
TRX03502,2025-03-22,Saturday,3,2025,Belanja kebutuhan harian tas punggung di Indomaret,Indomaret,Belanja,258000,Pengeluaran,0,QRIS,Online,0,Denpasar
TRX03503,2025-05-27,Tuesday,5,2025,Beli nasi goreng di Warung Makan bareng teman,Warung Makan,Makanan & Minuman,198000,Pengeluaran,0,QRIS,Online,0,Semarang
TRX03504,2026-05-02,Saturday,5,2026,Top up saldo kartu e-money untuk e-toll,Maxim,Transportasi,153000,Pengeluaran,0,DANA,Online,0,Makassar
TRX03505,2025-08-06,Wednesday,8,2025,Booking penginapan dan hotel tiket pesawat liburan,KAI Access,Perjalanan,1457000,Pengeluaran,0,Mandiri,Online,0,Jakarta
TRX03506,2023-09-10,Sunday,9,2023,Beli boba tea di McDonalds bareng teman,McDonalds,Makanan & Minuman,31000,Pengeluaran,0,OVO,Online,0,Bogor
TRX03507,2026-07-05,Sunday,7,2026,Beli ayam geprek di Chatime bareng teman,Chatime,Makanan & Minuman,117000,Pengeluaran,0,GoPay,Online,0,Bandung
TRX03508,2024-01-07,Sunday,1,2024,Bayar sarapan mie ayam di warung langganan,Bakso Pak Kumis,Makanan & Minuman,225000,Pengeluaran,0,Tunai,Offline,1,Denpasar
TRX03509,2023-02-02,Thursday,2,2023,Beli titipan detergen & sabun pakai voucher belanja,Alfamart,Belanja,1045000,Pengeluaran,0,BCA,Online,0,Bandung
TRX03510,2024-06-19,Wednesday,6,2024,Bayar konsultasi dokter dan beli suplemen imun,Alodokter,Kesehatan,295000,Pengeluaran,0,DANA,Online,0,Makassar
TRX03511,2024-05-04,Saturday,5,2024,Bayar rekening listrik PLN tepat waktu di Telkomsel,Telkomsel,Utilitas,384000,Pengeluaran,0,DANA,Online,0,Depok
TRX03512,2023-07-08,Saturday,7,2023,Beli perlengkapan skincare & sabun cuci muka dan obat flu,RS Siloam,Kesehatan,430000,Pengeluaran,0,GoPay,Online,0,Depok
TRX03513,2025-04-15,Tuesday,4,2025,Penerimaan insentif proyek masuk ke rekening utama,Client Freelance,Gaji,15965000,Pemasukan,1,ShopeePay,Online,0,Depok
TRX03514,2025-10-06,Monday,10,2025,Beli perlengkapan skincare & sabun cuci muka dan obat flu,Halodoc,Kesehatan,411000,Pengeluaran,0,Tunai,Offline,1,Makassar
TRX03515,2023-05-15,Monday,5,2023,Beli roti sobek dan perlengkapan rumah tangga,Hypermart,Belanja,1077000,Pengeluaran,0,Tunai,Offline,1,Bekasi
TRX03516,2024-07-02,Tuesday,7,2024,Bayar rekening gas LPG tepat waktu di Telkomsel,Telkomsel,Utilitas,284000,Pengeluaran,0,GoPay,Online,0,Bengkulu
TRX03517,2026-01-25,Sunday,1,2026,Alokasi investasi berkala saham blue chip,Indodax,Investasi,2125000,Pengeluaran,0,Mandiri,Online,0,Palembang
TRX03518,2025-03-13,Thursday,3,2025,Bayar konsultasi dokter dan beli skincare & sabun cuci muka,Century,Kesehatan,187000,Pengeluaran,0,Tunai,Offline,1,Bengkulu
TRX03519,2025-08-01,Friday,8,2025,Pembayaran paket langganan listrik PLN kecepatan tinggi,Pertagas,Utilitas,347000,Pengeluaran,0,Mandiri,Online,0,Bandung
TRX03520,2025-04-16,Wednesday,4,2025,Pesan kendaraan online tiket KRL pas hujan,KAI,Transportasi,72000,Pengeluaran,0,OVO,Online,0,Malang
TRX03521,2024-11-21,Thursday,11,2024,Beli tiket nonton game Steam di CGV,CGV,Hiburan,420000,Pengeluaran,0,QRIS,Online,0,Makassar
TRX03522,2023-05-03,Wednesday,5,2023,Beli sepatu sneaker baru via e-commerce,Alfamart,Belanja,576000,Pengeluaran,0,BRI,Online,0,Bekasi
TRX03523,2023-01-17,Tuesday,1,2023,Pesan sate ayam via aplikasi pesan antar makanan,Bakso Pak Kumis,Makanan & Minuman,249000,Pengeluaran,0,Mandiri,Online,0,Malang
TRX03524,2023-04-04,Tuesday,4,2023,Sewa kendaraan bensin Pertamax untuk perjalanan harian,TransJakarta,Transportasi,135000,Pengeluaran,0,BRI,Online,0,Bogor
TRX03525,2026-04-23,Thursday,4,2026,Checkout detergen & sabun pas diskon tanggal kembar,Uniqlo,Belanja,1176000,Pengeluaran,0,BNI,Online,0,Palembang
TRX03526,2023-10-10,Tuesday,10,2023,Beli baju kaos dan perlengkapan rumah tangga,Uniqlo,Belanja,103000,Pengeluaran,0,BCA,Online,0,Semarang
TRX03527,2024-12-04,Wednesday,12,2024,Makan burger pas jam istirahat kantor,McDonalds,Makanan & Minuman,94000,Pengeluaran,0,Tunai,Offline,1,Medan
TRX03528,2023-05-13,Saturday,5,2023,Mampir beli pizza sama minuman segar,Kopi Kenangan,Makanan & Minuman,212000,Pengeluaran,0,Mandiri,Online,0,Bogor
TRX03529,2024-04-03,Wednesday,4,2024,Bayar ongkos bensin Pertamax berangkat kerja di MyPertamina,MyPertamina,Transportasi,194000,Pengeluaran,0,BNI,Online,0,Surabaya
TRX03530,2023-10-19,Thursday,10,2023,Beli pizza di Warung Makan bareng teman,Warung Makan,Makanan & Minuman,85000,Pengeluaran,0,BRI,Online,0,Palembang
TRX03531,2025-01-03,Friday,1,2025,Pesan sate ayam via aplikasi pesan antar makanan,Kopi Kenangan,Makanan & Minuman,156000,Pengeluaran,0,OVO,Online,0,Depok
TRX03532,2024-01-11,Thursday,1,2024,Beli resep obat flu & pusing dan vitamin di Halodoc,Halodoc,Kesehatan,566000,Pengeluaran,0,Mandiri,Online,0,Denpasar
TRX03533,2024-01-30,Tuesday,1,2024,Pelunasan iuran wifi internet biar aliran tetap lancar,M3 Ooredoo,Utilitas,400000,Pengeluaran,0,BNI,Online,0,Semarang
TRX03534,2026-07-18,Saturday,7,2026,Sewa kendaraan e-toll untuk perjalanan harian,Gojek,Transportasi,30000,Pengeluaran,0,Mandiri,Online,0,Makassar
TRX03535,2023-07-12,Wednesday,7,2023,Checkout boba tea promo diskon sore hari,Chatime,Makanan & Minuman,95000,Pengeluaran,0,Mandiri,Online,0,Bekasi
TRX03536,2025-07-18,Friday,7,2025,Top up saldo kartu e-money untuk bensin Pertamax,Bluebird,Transportasi,57000,Pengeluaran,0,ShopeePay,Online,0,Bogor
TRX03537,2023-08-09,Wednesday,8,2023,Mampir minimarket beli casing hp stok mingguan,Shopee,Belanja,537000,Pengeluaran,0,BRI,Online,0,Bogor
TRX03538,2023-06-27,Tuesday,6,2023,Bonus kinerja dan insentif proyek dari perusahaan,Client Freelance,Gaji,8965000,Pemasukan,1,OVO,Online,0,Semarang
TRX03539,2023-07-27,Thursday,7,2023,Mampir beli nasi goreng sama minuman segar,Solaria,Makanan & Minuman,149000,Pengeluaran,0,Tunai,Offline,1,Tangerang
TRX03540,2025-06-24,Tuesday,6,2025,Mampir minimarket beli detergen & sabun stok mingguan,Alfamart,Belanja,1194000,Pengeluaran,0,Tunai,Offline,1,Malang
TRX03541,2025-06-02,Monday,6,2025,Checkout pizza promo diskon sore hari,Bakso Pak Kumis,Makanan & Minuman,33000,Pengeluaran,0,DANA,Online,0,Jakarta
TRX03542,2024-09-28,Saturday,9,2024,Beli titipan sepatu sneaker pakai voucher belanja,Uniqlo,Belanja,281000,Pengeluaran,0,OVO,Online,0,Yogyakarta
TRX03543,2024-04-11,Thursday,4,2024,Gaji pokok bulanan dari PT Nusantara Digital,PT Nusantara Digital,Gaji,12688000,Pemasukan,1,Mandiri,Online,0,Bogor
TRX03544,2025-12-23,Tuesday,12,2025,Pembayaran UKT semesteran buku koding Python,Kampus Universitas,Pendidikan,2156000,Pengeluaran,0,GoPay,Online,0,Bogor
TRX03545,2023-07-05,Wednesday,7,2023,Gaji pokok bulanan dari PT Teknologi Karya,PT Teknologi Karya,Gaji,15601000,Pemasukan,1,Mandiri,Online,0,Palembang
TRX03546,2024-09-01,Sunday,9,2024,Beli titipan sepatu sneaker pakai voucher belanja,Tokopedia,Belanja,511000,Pengeluaran,0,Tunai,Offline,1,Semarang
TRX03547,2023-09-29,Friday,9,2023,Isi ulang pulsa dan kuota pulsa HP harian,M3 Ooredoo,Utilitas,527000,Pengeluaran,0,BRI,Online,0,Malang
TRX03548,2026-06-02,Tuesday,6,2026,Beli sate ayam di Warung Makan bareng teman,Warung Makan,Makanan & Minuman,206000,Pengeluaran,0,QRIS,Online,0,Medan
TRX03549,2023-06-24,Saturday,6,2023,Beli token wifi internet prabayar via m-banking,Biznet,Utilitas,496000,Pengeluaran,0,GoPay,Online,0,Medan
TRX03550,2023-06-23,Friday,6,2023,Langganan fitur premium Netflix 1 bulan bulanan,PlayStation Store,Hiburan,277000,Pengeluaran,0,DANA,Online,0,Surabaya
TRX03551,2023-08-08,Tuesday,8,2023,Pengeluaran bulanan beli sepatu sneaker di Hypermart,Hypermart,Belanja,259000,Pengeluaran,0,DANA,Online,0,Malang
TRX03552,2023-09-17,Sunday,9,2023,Mampir minimarket beli baju kaos stok mingguan,Uniqlo,Belanja,462000,Pengeluaran,0,ShopeePay,Online,0,Surabaya
TRX03553,2025-05-25,Sunday,5,2025,Beli bakso urat di Sederhana bareng teman,Sederhana,Makanan & Minuman,202000,Pengeluaran,0,Mandiri,Online,0,Bogor
TRX03554,2026-06-20,Saturday,6,2026,Bayar sarapan pizza di warung langganan,KFC,Makanan & Minuman,116000,Pengeluaran,0,BNI,Online,0,Tangerang
TRX03555,2024-10-21,Monday,10,2024,Beli titipan roti sobek pakai voucher belanja,Blibli,Belanja,1016000,Pengeluaran,0,Tunai,Offline,1,Jakarta
TRX03556,2025-01-05,Sunday,1,2025,Jajanan soto betawi pas nongkrong malam minggu,Mixue,Makanan & Minuman,15000,Pengeluaran,0,QRIS,Online,0,Makassar
TRX03557,2026-05-03,Sunday,5,2026,Beli bensin tiket KRL di SPBU langganan,Grab,Transportasi,24000,Pengeluaran,0,QRIS,Online,0,Semarang
TRX03558,2024-10-12,Saturday,10,2024,Pesan nasi goreng via aplikasi pesan antar makanan,McDonalds,Makanan & Minuman,213000,Pengeluaran,0,ShopeePay,Online,0,Medan
TRX03559,2026-02-21,Saturday,2,2026,Bayar rekening air PDAM tepat waktu di PLN,PLN,Utilitas,367000,Pengeluaran,0,GoPay,Online,0,Depok
TRX03560,2023-04-24,Monday,4,2023,Makan malam burger bareng keluarga,Warung Makan,Makanan & Minuman,130000,Pengeluaran,0,BCA,Online,0,Medan
TRX03561,2023-04-08,Saturday,4,2023,Beli casing hp dan perlengkapan rumah tangga,Matahari,Belanja,860000,Pengeluaran,0,DANA,Online,0,Bengkulu
TRX03562,2024-12-13,Friday,12,2024,Checkout sepatu sneaker pas diskon tanggal kembar,Indomaret,Belanja,893000,Pengeluaran,0,BNI,Online,0,Jakarta
TRX03563,2023-06-04,Sunday,6,2023,Bayar langganan bulanan wahana rekreasi streaming,DuFan,Hiburan,258000,Pengeluaran,0,BRI,Online,0,Surabaya
TRX03564,2023-04-10,Monday,4,2023,Bayar langganan bulanan film bioskop XXI streaming,Spotify,Hiburan,155000,Pengeluaran,0,QRIS,Online,0,Palembang
TRX03565,2023-05-04,Thursday,5,2023,Pesan ayam geprek via aplikasi pesan antar makanan,Chatime,Makanan & Minuman,15000,Pengeluaran,0,Tunai,Offline,1,Denpasar
TRX03566,2026-01-25,Sunday,1,2026,Beli ayam geprek di Bakso Pak Kumis bareng teman,Bakso Pak Kumis,Makanan & Minuman,212000,Pengeluaran,0,Mandiri,Online,0,Bengkulu
TRX03567,2023-06-07,Wednesday,6,2023,Langganan fitur premium Spotify Premium bulanan,PlayStation Store,Hiburan,92000,Pengeluaran,0,OVO,Online,0,Medan
TRX03568,2025-04-30,Wednesday,4,2025,Beli masker dan minyak kayu putih untuk stok rumah,Apotek K-24,Kesehatan,722000,Pengeluaran,0,BNI,Online,0,Bengkulu
TRX03569,2025-09-07,Sunday,9,2025,Booking penginapan dan hotel villa pantai liburan,KAI Access,Perjalanan,4116000,Pengeluaran,0,ShopeePay,Online,0,Malang
TRX03570,2024-09-19,Thursday,9,2024,Gaji pokok bulanan dari Client Freelance,Client Freelance,Gaji,5012000,Pemasukan,1,BCA,Online,0,Jakarta
TRX03571,2024-12-25,Wednesday,12,2024,Beli bakso urat di Chatime bareng teman,Chatime,Makanan & Minuman,136000,Pengeluaran,0,DANA,Online,0,Surabaya
TRX03572,2025-06-07,Saturday,6,2025,Beli boba tea di Mixue bareng teman,Mixue,Makanan & Minuman,218000,Pengeluaran,0,ShopeePay,Online,0,Bogor
TRX03573,2026-05-27,Wednesday,5,2026,Mampir minimarket beli casing hp stok mingguan,Tokopedia,Belanja,38000,Pengeluaran,0,BNI,Online,0,Tangerang
TRX03574,2023-08-14,Monday,8,2023,Langganan fitur premium film bioskop XXI bulanan,Steam,Hiburan,165000,Pengeluaran,0,QRIS,Online,0,Makassar
TRX03575,2024-06-15,Saturday,6,2024,Beli perlengkapan alat tulis sertifikasi AI kuliah,Coursera,Pendidikan,680000,Pengeluaran,0,OVO,Online,0,Makassar
TRX03576,2024-11-24,Sunday,11,2024,Mampir minimarket beli sepatu sneaker stok mingguan,Indomaret,Belanja,901000,Pengeluaran,0,Mandiri,Online,0,Yogyakarta
TRX03577,2025-07-02,Wednesday,7,2025,Beli tiket e-toll pulang pergi luar kota,Grab,Transportasi,116000,Pengeluaran,0,BRI,Online,0,Bogor
TRX03578,2025-05-21,Wednesday,5,2025,Makan mie ayam pas jam istirahat kantor,Warung Makan,Makanan & Minuman,49000,Pengeluaran,0,OVO,Online,0,Depok
TRX03579,2025-06-21,Saturday,6,2025,Pelunasan iuran wifi internet biar aliran tetap lancar,PLN,Utilitas,556000,Pengeluaran,0,Mandiri,Online,0,Yogyakarta
TRX03580,2023-07-21,Friday,7,2023,Mampir beli soto betawi sama minuman segar,Mixue,Makanan & Minuman,225000,Pengeluaran,0,BRI,Online,0,Bekasi
TRX03581,2023-10-14,Saturday,10,2023,Makan mie ayam pas jam istirahat kantor,Chatime,Makanan & Minuman,92000,Pengeluaran,0,OVO,Online,0,Depok
TRX03582,2025-02-19,Wednesday,2,2025,Bayar sarapan kopi susu di warung langganan,Solaria,Makanan & Minuman,15000,Pengeluaran,0,BNI,Online,0,Surabaya
TRX03583,2025-07-25,Friday,7,2025,Checkout snack & mie instan pas diskon tanggal kembar,Indomaret,Belanja,234000,Pengeluaran,0,QRIS,Online,0,Denpasar
TRX03584,2024-04-09,Tuesday,4,2024,Makan malam burger bareng keluarga,Solaria,Makanan & Minuman,68000,Pengeluaran,0,OVO,Online,0,Semarang
TRX03585,2025-09-08,Monday,9,2025,Checkout mie ayam promo diskon sore hari,Chatime,Makanan & Minuman,111000,Pengeluaran,0,OVO,Online,0,Malang
TRX03586,2025-11-11,Tuesday,11,2025,Beli perlengkapan alat tulis kursus Data Science kuliah,Gramedia,Pendidikan,2357000,Pengeluaran,0,ShopeePay,Online,0,Tangerang
TRX03587,2024-04-18,Thursday,4,2024,Bayar sarapan burger di warung langganan,Chatime,Makanan & Minuman,139000,Pengeluaran,0,Mandiri,Online,0,Palembang
TRX03588,2024-04-09,Tuesday,4,2024,Beli tiket tiket KRL pulang pergi luar kota,Grab,Transportasi,56000,Pengeluaran,0,BRI,Online,0,Tangerang
TRX03589,2026-05-01,Friday,5,2026,Beli soto betawi di McDonalds bareng teman,McDonalds,Makanan & Minuman,113000,Pengeluaran,0,Mandiri,Online,0,Semarang
TRX03590,2023-05-12,Friday,5,2023,Makan malam nasi goreng bareng keluarga,Chatime,Makanan & Minuman,205000,Pengeluaran,0,BRI,Online,0,Malang
TRX03591,2023-07-12,Wednesday,7,2023,Pesan ayam geprek via aplikasi pesan antar makanan,Kopi Kenangan,Makanan & Minuman,146000,Pengeluaran,0,Tunai,Offline,1,Yogyakarta
TRX03592,2023-09-12,Tuesday,9,2023,Pembayaran paket langganan listrik PLN kecepatan tinggi,PLN,Utilitas,166000,Pengeluaran,0,DANA,Online,0,Bekasi
TRX03593,2026-04-09,Thursday,4,2026,Top up saldo kartu e-money untuk ojek online,Bluebird,Transportasi,95000,Pengeluaran,0,DANA,Online,0,Denpasar
TRX03594,2026-06-09,Tuesday,6,2026,Top up saldo kartu e-money untuk e-toll,KCI Commuter,Transportasi,82000,Pengeluaran,0,DANA,Online,0,Malang
TRX03595,2026-05-14,Thursday,5,2026,Makan ayam geprek pas jam istirahat kantor,McDonalds,Makanan & Minuman,140000,Pengeluaran,0,Tunai,Offline,1,Semarang
TRX03596,2026-01-23,Friday,1,2026,Beli tiket masuk game Steam sama teman-teman,DuFan,Hiburan,212000,Pengeluaran,0,ShopeePay,Online,0,Bekasi
TRX03597,2023-07-14,Friday,7,2023,Isi ulang pulsa dan kuota listrik PLN harian,PDAM,Utilitas,128000,Pengeluaran,0,DANA,Online,0,Medan
TRX03598,2026-07-18,Saturday,7,2026,Tebus resep obat skincare & sabun cuci muka di apotek langganan,RS Siloam,Kesehatan,279000,Pengeluaran,0,Tunai,Offline,1,Palembang
TRX03599,2024-02-14,Wednesday,2,2024,Tebus resep obat minyak kayu putih di apotek langganan,Apotek K-24,Kesehatan,405000,Pengeluaran,0,DANA,Online,0,Bogor
TRX03600,2023-12-31,Sunday,12,2023,Top up saldo kartu e-money untuk ojek online,Bluebird,Transportasi,162000,Pengeluaran,0,QRIS,Online,0,Malang
TRX03601,2025-04-20,Sunday,4,2025,Makan burger pas jam istirahat kantor,Mixue,Makanan & Minuman,37000,Pengeluaran,0,Mandiri,Online,0,Denpasar
TRX03602,2026-04-23,Thursday,4,2026,Bonus kinerja dan gaji pokok dari perusahaan,Bank Central,Gaji,8962000,Pemasukan,1,BCA,Online,0,Surabaya
TRX03603,2024-02-29,Thursday,2,2024,Penerimaan honor freelance masuk ke rekening utama,PT Nusantara Digital,Gaji,17459000,Pemasukan,1,DANA,Online,0,Makassar
TRX03604,2024-01-22,Monday,1,2024,Beli resep vitamin C dan vitamin di Guardian,Guardian,Kesehatan,428000,Pengeluaran,0,Tunai,Offline,1,Bekasi
TRX03605,2024-02-03,Saturday,2,2024,Belanja kebutuhan harian casing hp di Indomaret,Indomaret,Belanja,987000,Pengeluaran,0,ShopeePay,Online,0,Makassar
TRX03606,2024-07-02,Tuesday,7,2024,Pencairan honor insentif proyek proyek freelance,PT Nusantara Digital,Gaji,5344000,Pemasukan,1,Mandiri,Online,0,Yogyakarta
TRX03607,2023-12-01,Friday,12,2023,Pencairan honor insentif proyek proyek freelance,PT Sukses Bersama,Gaji,14408000,Pemasukan,1,ShopeePay,Online,0,Medan
TRX03608,2024-11-30,Saturday,11,2024,Beli tiket e-toll pulang pergi luar kota,KAI,Transportasi,150000,Pengeluaran,0,BNI,Online,0,Bandung
TRX03609,2025-09-13,Saturday,9,2025,Langganan fitur premium Netflix 1 bulan bulanan,PlayStation Store,Hiburan,353000,Pengeluaran,0,BRI,Online,0,Bandung
TRX03610,2024-10-21,Monday,10,2024,Top up saldo kartu e-money untuk ojek online,MyPertamina,Transportasi,79000,Pengeluaran,0,BNI,Online,0,Bogor
TRX03611,2026-05-14,Thursday,5,2026,Beli tiket tiket KRL pulang pergi luar kota,Maxim,Transportasi,27000,Pengeluaran,0,QRIS,Online,0,Bogor
TRX03612,2025-10-07,Tuesday,10,2025,Bayar langganan bulanan film bioskop XXI streaming,XXI Cinema,Hiburan,391000,Pengeluaran,0,Mandiri,Online,0,Palembang
TRX03613,2023-03-18,Saturday,3,2023,Bayar sarapan mie ayam di warung langganan,Mixue,Makanan & Minuman,161000,Pengeluaran,0,GoPay,Online,0,Semarang
TRX03614,2023-07-20,Thursday,7,2023,Beli perlengkapan minyak kayu putih dan obat flu,Guardian,Kesehatan,355000,Pengeluaran,0,Tunai,Offline,1,Makassar
TRX03615,2025-03-08,Saturday,3,2025,Bayar sarapan pizza di warung langganan,Gacoan,Makanan & Minuman,17000,Pengeluaran,0,DANA,Online,0,Malang
TRX03616,2025-03-30,Sunday,3,2025,Bayar tagihan gas LPG bulanan rumah tangga,M3 Ooredoo,Utilitas,488000,Pengeluaran,0,QRIS,Online,0,Makassar
TRX03617,2026-04-01,Wednesday,4,2026,Bayar rekening wifi internet tepat waktu di Indihome,Indihome,Utilitas,82000,Pengeluaran,0,ShopeePay,Online,0,Bekasi
TRX03618,2026-06-05,Friday,6,2026,Bonus kinerja dan gaji pokok dari perusahaan,PT Teknologi Karya,Gaji,19341000,Pemasukan,1,Mandiri,Online,0,Makassar
TRX03619,2023-07-10,Monday,7,2023,Belanja kebutuhan harian baju kaos di Lazada,Lazada,Belanja,447000,Pengeluaran,0,Tunai,Offline,1,Malang
TRX03620,2025-08-21,Thursday,8,2025,Beli soto betawi di Solaria bareng teman,Solaria,Makanan & Minuman,137000,Pengeluaran,0,BNI,Online,0,Yogyakarta
TRX03621,2024-04-08,Monday,4,2024,Pesan kendaraan online bensin Pertamax pas hujan,Gojek,Transportasi,43000,Pengeluaran,0,BRI,Online,0,Bengkulu
TRX03622,2023-12-16,Saturday,12,2023,Sewa kendaraan ojek online untuk perjalanan harian,KCI Commuter,Transportasi,167000,Pengeluaran,0,ShopeePay,Online,0,Depok
TRX03623,2024-04-15,Monday,4,2024,Bayar konsultasi dokter dan beli suplemen imun,Kimia Farma,Kesehatan,219000,Pengeluaran,0,OVO,Online,0,Makassar
TRX03624,2024-09-23,Monday,9,2024,Beli buku sertifikasi AI di Gramedia,Gramedia,Pendidikan,2757000,Pengeluaran,0,QRIS,Online,0,Semarang
TRX03625,2024-07-03,Wednesday,7,2024,Pesan sate ayam via aplikasi pesan antar makanan,Mixue,Makanan & Minuman,186000,Pengeluaran,0,BCA,Online,0,Bandung
TRX03626,2024-07-26,Friday,7,2024,Mampir beli nasi goreng sama minuman segar,Warung Makan,Makanan & Minuman,127000,Pengeluaran,0,BNI,Online,0,Surabaya
TRX03627,2025-11-20,Thursday,11,2025,Mampir minimarket beli minyak goreng stok mingguan,Indomaret,Belanja,586000,Pengeluaran,0,Tunai,Offline,1,Tangerang
TRX03628,2026-03-25,Wednesday,3,2026,Beli tas punggung dan perlengkapan rumah tangga,Superindo,Belanja,419000,Pengeluaran,0,BNI,Online,0,Depok
TRX03629,2024-01-30,Tuesday,1,2024,Bayar rekening wifi internet tepat waktu di M3 Ooredoo,M3 Ooredoo,Utilitas,187000,Pengeluaran,0,QRIS,Online,0,Bogor
TRX03630,2024-10-27,Sunday,10,2024,Beli tiket pesawat hotel & resort di KAI Access,KAI Access,Perjalanan,3458000,Pengeluaran,0,BNI,Online,0,Bengkulu
TRX03631,2023-05-25,Thursday,5,2023,Makan malam boba tea bareng keluarga,Bakso Pak Kumis,Makanan & Minuman,96000,Pengeluaran,0,BRI,Online,0,Bekasi
TRX03632,2026-03-29,Sunday,3,2026,Gaji pokok bulanan dari PT Teknologi Karya,PT Teknologi Karya,Gaji,11425000,Pemasukan,1,DANA,Online,0,Palembang
TRX03633,2025-02-20,Thursday,2,2025,Beli titipan sepatu sneaker pakai voucher belanja,Hypermart,Belanja,368000,Pengeluaran,0,Mandiri,Online,0,Medan
TRX03634,2026-01-05,Monday,1,2026,Belanja kebutuhan harian snack & mie instan di Matahari,Matahari,Belanja,158000,Pengeluaran,0,ShopeePay,Online,0,Tangerang
TRX03635,2024-01-28,Sunday,1,2024,Gaji pokok bulanan dari PT Nusantara Digital,PT Nusantara Digital,Gaji,13512000,Pemasukan,1,BRI,Online,0,Semarang
TRX03636,2026-07-16,Thursday,7,2026,Beli tiket masuk film bioskop XXI sama teman-teman,Spotify,Hiburan,247000,Pengeluaran,0,BRI,Online,0,Denpasar
TRX03637,2024-01-20,Saturday,1,2024,Beli titipan casing hp pakai voucher belanja,Shopee,Belanja,639000,Pengeluaran,0,ShopeePay,Online,0,Malang
TRX03638,2024-04-16,Tuesday,4,2024,Alokasi investasi berkala saham blue chip,Ajaib,Investasi,1619000,Pengeluaran,0,BNI,Online,0,Bekasi
TRX03639,2025-12-14,Sunday,12,2025,Pengeluaran bulanan beli snack & mie instan di Matahari,Matahari,Belanja,101000,Pengeluaran,0,GoPay,Online,0,Tangerang
TRX03640,2024-08-12,Monday,8,2024,Pesan burger via aplikasi pesan antar makanan,Bakso Pak Kumis,Makanan & Minuman,113000,Pengeluaran,0,BRI,Online,0,Denpasar
TRX03641,2024-11-06,Wednesday,11,2024,Checkout snack & mie instan pas diskon tanggal kembar,Blibli,Belanja,721000,Pengeluaran,0,BCA,Online,0,Malang
TRX03642,2024-12-12,Thursday,12,2024,Checkout burger promo diskon sore hari,Mixue,Makanan & Minuman,170000,Pengeluaran,0,DANA,Online,0,Bogor
TRX03643,2026-07-17,Friday,7,2026,Beli tiket masuk wahana rekreasi sama teman-teman,XXI Cinema,Hiburan,443000,Pengeluaran,0,OVO,Online,0,Semarang
TRX03644,2024-10-31,Thursday,10,2024,Jajanan bakso urat pas nongkrong malam minggu,Sederhana,Makanan & Minuman,118000,Pengeluaran,0,QRIS,Online,0,Yogyakarta
TRX03645,2023-09-13,Wednesday,9,2023,Beli resep vitamin C dan vitamin di Century,Century,Kesehatan,68000,Pengeluaran,0,GoPay,Online,0,Semarang
TRX03646,2023-10-07,Saturday,10,2023,Pelunasan iuran air PDAM biar aliran tetap lancar,Pertagas,Utilitas,341000,Pengeluaran,0,OVO,Online,0,Bengkulu
TRX03647,2025-02-11,Tuesday,2,2025,Isi ulang pulsa dan kuota pulsa HP harian,XL Axiata,Utilitas,314000,Pengeluaran,0,DANA,Online,0,Jakarta
TRX03648,2025-04-16,Wednesday,4,2025,Top up saldo kartu e-money untuk ojek online,TransJakarta,Transportasi,159000,Pengeluaran,0,BCA,Online,0,Surabaya
TRX03649,2024-06-18,Tuesday,6,2024,Penerimaan gaji pokok masuk ke rekening utama,PT Nusantara Digital,Gaji,10541000,Pemasukan,1,ShopeePay,Online,0,Semarang
TRX03650,2025-07-06,Sunday,7,2025,Checkout soto betawi promo diskon sore hari,Solaria,Makanan & Minuman,122000,Pengeluaran,0,GoPay,Online,0,Jakarta
TRX03651,2024-11-24,Sunday,11,2024,Beli mie ayam di Mixue bareng teman,Mixue,Makanan & Minuman,190000,Pengeluaran,0,Tunai,Offline,1,Yogyakarta
TRX03652,2024-08-22,Thursday,8,2024,Beli casing hp dan perlengkapan rumah tangga,Tokopedia,Belanja,449000,Pengeluaran,0,GoPay,Online,0,Malang
TRX03653,2025-06-09,Monday,6,2025,Transfer gaji pokok atas hasil kerja keras sebulan,PT Sukses Bersama,Gaji,14123000,Pemasukan,1,BCA,Online,0,Bengkulu
TRX03654,2024-11-17,Sunday,11,2024,Bayar konsultasi dokter dan beli minyak kayu putih,Alodokter,Kesehatan,526000,Pengeluaran,0,BCA,Online,0,Bandung
TRX03655,2024-06-25,Tuesday,6,2024,Beli buku buku novel & komik di Kampus Universitas,Kampus Universitas,Pendidikan,2031000,Pengeluaran,0,ShopeePay,Online,0,Malang
TRX03656,2023-12-10,Sunday,12,2023,Beli tiket nonton Spotify Premium di DuFan,DuFan,Hiburan,183000,Pengeluaran,0,BCA,Online,0,Bogor
TRX03657,2023-09-24,Sunday,9,2023,Beli titipan minyak goreng pakai voucher belanja,Shopee,Belanja,1029000,Pengeluaran,0,BRI,Online,0,Tangerang
TRX03658,2025-02-09,Sunday,2,2025,Beli tiket nonton wahana rekreasi di Spotify,Spotify,Hiburan,352000,Pengeluaran,0,OVO,Online,0,Tangerang
TRX03659,2024-05-25,Saturday,5,2024,Beli token gas LPG prabayar via m-banking,Telkomsel,Utilitas,466000,Pengeluaran,0,ShopeePay,Online,0,Bogor
TRX03660,2023-04-17,Monday,4,2023,Pencairan honor insentif proyek proyek freelance,PT Teknologi Karya,Gaji,14994000,Pemasukan,1,Mandiri,Online,0,Jakarta
TRX03661,2023-06-23,Friday,6,2023,Jajanan ayam geprek pas nongkrong malam minggu,KFC,Makanan & Minuman,155000,Pengeluaran,0,GoPay,Online,0,Surabaya
TRX03662,2026-06-04,Thursday,6,2026,Pencairan honor insentif proyek proyek freelance,PT Nusantara Digital,Gaji,15587000,Pemasukan,1,BRI,Online,0,Depok
TRX03663,2025-09-29,Monday,9,2025,Bayar tagihan pulsa HP bulanan rumah tangga,XL Axiata,Utilitas,271000,Pengeluaran,0,OVO,Online,0,Makassar
TRX03664,2025-04-29,Tuesday,4,2025,Bayar sarapan mie ayam di warung langganan,Bakso Pak Kumis,Makanan & Minuman,79000,Pengeluaran,0,QRIS,Online,0,Medan
TRX03665,2026-07-11,Saturday,7,2026,Pencairan honor payroll bulanan proyek freelance,Client Freelance,Gaji,15870000,Pemasukan,1,Mandiri,Online,0,Medan
TRX03666,2023-08-03,Thursday,8,2023,Beli token air PDAM prabayar via m-banking,Indihome,Utilitas,429000,Pengeluaran,0,DANA,Online,0,Bengkulu
TRX03667,2025-05-13,Tuesday,5,2025,Bayar sarapan soto betawi di warung langganan,Gacoan,Makanan & Minuman,229000,Pengeluaran,0,Tunai,Offline,1,Yogyakarta
TRX03668,2024-09-09,Monday,9,2024,Mampir minimarket beli tas punggung stok mingguan,Uniqlo,Belanja,901000,Pengeluaran,0,Tunai,Offline,1,Palembang
TRX03669,2023-10-06,Friday,10,2023,Beli tas punggung baru via e-commerce,Hypermart,Belanja,666000,Pengeluaran,0,ShopeePay,Online,0,Malang
TRX03670,2026-02-09,Monday,2,2026,Beli perlengkapan alat tulis buku novel & komik kuliah,Kampus Universitas,Pendidikan,1185000,Pengeluaran,0,DANA,Online,0,Tangerang
TRX03671,2025-02-05,Wednesday,2,2025,Transfer bonus tahunan atas hasil kerja keras sebulan,PT Sukses Bersama,Gaji,19963000,Pemasukan,1,GoPay,Online,0,Bandung
TRX03672,2026-04-18,Saturday,4,2026,Pengeluaran bulanan beli tas punggung di Shopee,Shopee,Belanja,966000,Pengeluaran,0,BCA,Online,0,Tangerang
TRX03673,2024-05-06,Monday,5,2024,Pembayaran paket langganan pulsa HP kecepatan tinggi,Pertagas,Utilitas,536000,Pengeluaran,0,QRIS,Online,0,Jakarta
TRX03674,2024-06-27,Thursday,6,2024,Beli tiket masuk Spotify Premium sama teman-teman,CGV,Hiburan,269000,Pengeluaran,0,GoPay,Online,0,Surabaya
TRX03675,2024-09-23,Monday,9,2024,Transfer bonus tahunan atas hasil kerja keras sebulan,PT Sukses Bersama,Gaji,6392000,Pemasukan,1,BNI,Online,0,Makassar
TRX03676,2025-08-22,Friday,8,2025,Beli tiket ojek online pulang pergi luar kota,KAI,Transportasi,160000,Pengeluaran,0,BCA,Online,0,Tangerang
TRX03677,2023-03-08,Wednesday,3,2023,Transfer payroll bulanan atas hasil kerja keras sebulan,PT Nusantara Digital,Gaji,4597000,Pemasukan,1,OVO,Online,0,Makassar
TRX03678,2025-03-26,Wednesday,3,2025,Checkout sepatu sneaker pas diskon tanggal kembar,Lazada,Belanja,619000,Pengeluaran,0,GoPay,Online,0,Medan
TRX03679,2025-12-11,Thursday,12,2025,Sewa akomodasi perjalanan villa pantai luar kota,Agoda,Perjalanan,2315000,Pengeluaran,0,GoPay,Online,0,Bandung
TRX03680,2024-02-15,Thursday,2,2024,Beli tiket masuk Spotify Premium sama teman-teman,XXI Cinema,Hiburan,46000,Pengeluaran,0,BCA,Online,0,Bogor
TRX03681,2023-03-17,Friday,3,2023,Belanja kebutuhan harian baju kaos di Alfamart,Alfamart,Belanja,147000,Pengeluaran,0,QRIS,Online,0,Malang
TRX03682,2025-01-10,Friday,1,2025,Beli masker dan obat flu & pusing untuk stok rumah,Kimia Farma,Kesehatan,735000,Pengeluaran,0,ShopeePay,Online,0,Malang
TRX03683,2026-04-26,Sunday,4,2026,Bayar ongkos ojek online berangkat kerja di MyPertamina,MyPertamina,Transportasi,150000,Pengeluaran,0,BNI,Online,0,Bengkulu
TRX03684,2024-10-13,Sunday,10,2024,Isi ulang pulsa dan kuota wifi internet harian,Pertagas,Utilitas,486000,Pengeluaran,0,BNI,Online,0,Semarang
TRX03685,2024-09-19,Thursday,9,2024,Pembayaran paket langganan listrik PLN kecepatan tinggi,XL Axiata,Utilitas,468000,Pengeluaran,0,ShopeePay,Online,0,Yogyakarta
TRX03686,2023-01-01,Sunday,1,2023,Mampir minimarket beli roti sobek stok mingguan,Blibli,Belanja,810000,Pengeluaran,0,BRI,Online,0,Bekasi
TRX03687,2026-06-11,Thursday,6,2026,Checkout ayam geprek promo diskon sore hari,Warung Makan,Makanan & Minuman,118000,Pengeluaran,0,GoPay,Online,0,Jakarta
TRX03688,2025-12-14,Sunday,12,2025,Gaji pokok bulanan dari PT Nusantara Digital,PT Nusantara Digital,Gaji,11124000,Pemasukan,1,Mandiri,Online,0,Jakarta
TRX03689,2024-01-05,Friday,1,2024,Bonus kinerja dan honor freelance dari perusahaan,PT Teknologi Karya,Gaji,12864000,Pemasukan,1,BCA,Online,0,Makassar
TRX03690,2024-07-23,Tuesday,7,2024,Beli masker dan vitamin C untuk stok rumah,Guardian,Kesehatan,577000,Pengeluaran,0,BRI,Online,0,Surabaya
TRX03691,2024-06-02,Sunday,6,2024,Makan kopi susu pas jam istirahat kantor,KFC,Makanan & Minuman,151000,Pengeluaran,0,BCA,Online,0,Semarang
TRX03692,2025-09-19,Friday,9,2025,Beli casing hp baru via e-commerce,Shopee,Belanja,209000,Pengeluaran,0,ShopeePay,Online,0,Makassar
TRX03693,2023-12-10,Sunday,12,2023,Beli titipan snack & mie instan pakai voucher belanja,Superindo,Belanja,287000,Pengeluaran,0,Tunai,Offline,1,Makassar
TRX03694,2026-05-25,Monday,5,2026,Pengeluaran bulanan beli detergen & sabun di Indomaret,Indomaret,Belanja,365000,Pengeluaran,0,Mandiri,Online,0,Tangerang
TRX03695,2025-10-30,Thursday,10,2025,Bayar tagihan wifi internet bulanan rumah tangga,Biznet,Utilitas,600000,Pengeluaran,0,OVO,Online,0,Palembang
TRX03696,2024-09-27,Friday,9,2024,Pembayaran UKT semesteran buku novel & komik,Coursera,Pendidikan,491000,Pengeluaran,0,Mandiri,Online,0,Surabaya
TRX03697,2024-02-21,Wednesday,2,2024,Bayar biaya kursus online sertifikasi AI,Gramedia,Pendidikan,135000,Pengeluaran,0,BRI,Online,0,Makassar
TRX03698,2025-11-18,Tuesday,11,2025,Beli titipan roti sobek pakai voucher belanja,Superindo,Belanja,676000,Pengeluaran,0,BNI,Online,0,Makassar
TRX03699,2024-03-06,Wednesday,3,2024,Beli instrumen investasi aset kripto bulanan,Pintu,Investasi,2941000,Pengeluaran,0,BNI,Online,0,Yogyakarta
TRX03700,2026-02-01,Sunday,2,2026,Pencairan honor payroll bulanan proyek freelance,PT Sukses Bersama,Gaji,5396000,Pemasukan,1,ShopeePay,Online,0,Semarang
TRX03701,2023-06-05,Monday,6,2023,Pembayaran UKT semesteran buku novel & komik,Kampus Universitas,Pendidikan,1578000,Pengeluaran,0,ShopeePay,Online,0,Bogor
TRX03702,2023-08-15,Tuesday,8,2023,Checkout sepatu sneaker pas diskon tanggal kembar,Uniqlo,Belanja,1126000,Pengeluaran,0,Tunai,Offline,1,Bogor
TRX03703,2023-07-18,Tuesday,7,2023,Pencairan honor payroll bulanan proyek freelance,PT Sukses Bersama,Gaji,6504000,Pemasukan,1,ShopeePay,Online,0,Depok
TRX03704,2023-03-26,Sunday,3,2023,Bayar ongkos e-toll berangkat kerja di KAI,KAI,Transportasi,76000,Pengeluaran,0,OVO,Online,0,Medan
TRX03705,2024-06-14,Friday,6,2024,Mampir beli ayam geprek sama minuman segar,Sederhana,Makanan & Minuman,249000,Pengeluaran,0,Tunai,Offline,1,Bekasi
TRX03706,2026-05-30,Saturday,5,2026,Bayar langganan bulanan Spotify Premium streaming,Steam,Hiburan,420000,Pengeluaran,0,BCA,Online,0,Bogor
TRX03707,2026-04-18,Saturday,4,2026,Bayar ongkos bensin Pertamax berangkat kerja di Grab,Grab,Transportasi,141000,Pengeluaran,0,GoPay,Online,0,Bandung
TRX03708,2025-08-25,Monday,8,2025,Beli buku buku koding Python di Udemy,Udemy,Pendidikan,1311000,Pengeluaran,0,OVO,Online,0,Surabaya
TRX03709,2024-02-07,Wednesday,2,2024,Checkout boba tea promo diskon sore hari,Warung Makan,Makanan & Minuman,65000,Pengeluaran,0,BNI,Online,0,Makassar
TRX03710,2024-04-02,Tuesday,4,2024,Mampir beli sate ayam sama minuman segar,Gacoan,Makanan & Minuman,17000,Pengeluaran,0,ShopeePay,Online,0,Surabaya
TRX03711,2023-07-24,Monday,7,2023,Top up voucher game Spotify Premium pas akhir pekan,Steam,Hiburan,344000,Pengeluaran,0,ShopeePay,Online,0,Semarang
TRX03712,2024-10-02,Wednesday,10,2024,Checkout roti sobek pas diskon tanggal kembar,Hypermart,Belanja,650000,Pengeluaran,0,QRIS,Online,0,Surabaya
TRX03713,2026-02-17,Tuesday,2,2026,Beli tiket e-toll pulang pergi luar kota,Maxim,Transportasi,35000,Pengeluaran,0,BRI,Online,0,Palembang
TRX03714,2026-06-11,Thursday,6,2026,Top up voucher game game Steam pas akhir pekan,Steam,Hiburan,108000,Pengeluaran,0,BCA,Online,0,Palembang
TRX03715,2024-09-20,Friday,9,2024,Penerimaan gaji pokok masuk ke rekening utama,Bank Central,Gaji,17241000,Pemasukan,1,BNI,Online,0,Depok
TRX03716,2025-02-22,Saturday,2,2025,Booking penginapan dan hotel hotel & resort liburan,Garuda Indonesia,Perjalanan,782000,Pengeluaran,0,ShopeePay,Online,0,Bengkulu
TRX03717,2023-09-29,Friday,9,2023,Makan ayam geprek pas jam istirahat kantor,Chatime,Makanan & Minuman,118000,Pengeluaran,0,OVO,Online,0,Bogor
TRX03718,2025-10-28,Tuesday,10,2025,Beli perlengkapan alat tulis buku koding Python kuliah,Ruangguru,Pendidikan,1557000,Pengeluaran,0,OVO,Online,0,Bandung
TRX03719,2025-02-19,Wednesday,2,2025,Bayar konsultasi dokter dan beli suplemen imun,Century,Kesehatan,61000,Pengeluaran,0,QRIS,Online,0,Yogyakarta
TRX03720,2026-03-19,Thursday,3,2026,Beli resep obat flu & pusing dan vitamin di Guardian,Guardian,Kesehatan,41000,Pengeluaran,0,Mandiri,Online,0,Bandung
TRX03721,2026-07-22,Wednesday,7,2026,Gaji pokok bulanan dari PT Sukses Bersama,PT Sukses Bersama,Gaji,7847000,Pemasukan,1,ShopeePay,Online,0,Bengkulu
TRX03722,2025-07-22,Tuesday,7,2025,Pesan ayam geprek via aplikasi pesan antar makanan,Bakso Pak Kumis,Makanan & Minuman,22000,Pengeluaran,0,Tunai,Offline,1,Bengkulu
TRX03723,2025-08-06,Wednesday,8,2025,Pembayaran UKT semesteran sertifikasi AI,Udemy,Pendidikan,2621000,Pengeluaran,0,DANA,Online,0,Bekasi
TRX03724,2023-09-21,Thursday,9,2023,Belanja kebutuhan harian tas punggung di Shopee,Shopee,Belanja,321000,Pengeluaran,0,BNI,Online,0,Semarang
TRX03725,2024-11-16,Saturday,11,2024,Beli boba tea di Gacoan bareng teman,Gacoan,Makanan & Minuman,195000,Pengeluaran,0,ShopeePay,Online,0,Palembang
TRX03726,2023-02-02,Thursday,2,2023,Beli masker dan skincare & sabun cuci muka untuk stok rumah,Kimia Farma,Kesehatan,59000,Pengeluaran,0,Tunai,Offline,1,Depok
TRX03727,2024-01-08,Monday,1,2024,Beli titipan minyak goreng pakai voucher belanja,Hypermart,Belanja,640000,Pengeluaran,0,QRIS,Online,0,Yogyakarta
TRX03728,2025-03-28,Friday,3,2025,Sewa kendaraan ojek online untuk perjalanan harian,MyPertamina,Transportasi,158000,Pengeluaran,0,BCA,Online,0,Semarang
TRX03729,2023-06-20,Tuesday,6,2023,Transfer payroll bulanan atas hasil kerja keras sebulan,Bank Central,Gaji,17775000,Pemasukan,1,OVO,Online,0,Bekasi
TRX03730,2024-06-15,Saturday,6,2024,Checkout mie ayam promo diskon sore hari,KFC,Makanan & Minuman,175000,Pengeluaran,0,OVO,Online,0,Tangerang
TRX03731,2023-10-03,Tuesday,10,2023,Jajanan soto betawi pas nongkrong malam minggu,Mixue,Makanan & Minuman,201000,Pengeluaran,0,GoPay,Online,0,Palembang
TRX03732,2026-06-10,Wednesday,6,2026,Gaji pokok bulanan dari PT Teknologi Karya,PT Teknologi Karya,Gaji,16258000,Pemasukan,1,BCA,Online,0,Palembang
TRX03733,2023-09-20,Wednesday,9,2023,Beli tiket nonton wahana rekreasi di XXI Cinema,XXI Cinema,Hiburan,75000,Pengeluaran,0,BNI,Online,0,Tangerang
TRX03734,2024-02-01,Thursday,2,2024,Isi ulang pulsa dan kuota wifi internet harian,PLN,Utilitas,333000,Pengeluaran,0,DANA,Online,0,Depok
TRX03735,2023-06-13,Tuesday,6,2023,Beli tiket bensin Pertamax pulang pergi luar kota,Gojek,Transportasi,14000,Pengeluaran,0,Mandiri,Online,0,Makassar
TRX03736,2023-09-06,Wednesday,9,2023,Beli tiket e-toll pulang pergi luar kota,KCI Commuter,Transportasi,92000,Pengeluaran,0,Mandiri,Online,0,Denpasar
TRX03737,2023-12-12,Tuesday,12,2023,Pembelian aset aset kripto untuk tabungan masa depan,Pintu,Investasi,400000,Pengeluaran,0,BNI,Online,0,Semarang
TRX03738,2025-07-30,Wednesday,7,2025,Beli perlengkapan obat flu & pusing dan obat flu,Guardian,Kesehatan,268000,Pengeluaran,0,BRI,Online,0,Denpasar
TRX03739,2024-05-05,Sunday,5,2024,Bonus kinerja dan honor freelance dari perusahaan,PT Nusantara Digital,Gaji,10546000,Pemasukan,1,BCA,Online,0,Bogor
TRX03740,2026-03-01,Sunday,3,2026,Pengeluaran bulanan beli sepatu sneaker di Shopee,Shopee,Belanja,831000,Pengeluaran,0,ShopeePay,Online,0,Semarang
TRX03741,2025-11-11,Tuesday,11,2025,Sewa kendaraan e-toll untuk perjalanan harian,Bluebird,Transportasi,115000,Pengeluaran,0,GoPay,Online,0,Palembang
TRX03742,2023-11-02,Thursday,11,2023,Pencairan honor insentif proyek proyek freelance,PT Teknologi Karya,Gaji,9580000,Pemasukan,1,BRI,Online,0,Denpasar
TRX03743,2023-12-04,Monday,12,2023,Beli tiket ojek online pulang pergi luar kota,Gojek,Transportasi,65000,Pengeluaran,0,BRI,Online,0,Medan
TRX03744,2025-02-03,Monday,2,2025,Checkout burger promo diskon sore hari,Solaria,Makanan & Minuman,124000,Pengeluaran,0,QRIS,Online,0,Bengkulu
TRX03745,2025-05-15,Thursday,5,2025,Pembayaran paket langganan pulsa HP kecepatan tinggi,XL Axiata,Utilitas,68000,Pengeluaran,0,OVO,Online,0,Semarang
TRX03746,2024-10-25,Friday,10,2024,Beli perlengkapan suplemen imun dan obat flu,Apotek K-24,Kesehatan,781000,Pengeluaran,0,GoPay,Online,0,Bogor
TRX03747,2026-03-23,Monday,3,2026,Beli token listrik PLN prabayar via m-banking,Indihome,Utilitas,415000,Pengeluaran,0,Mandiri,Online,0,Surabaya
TRX03748,2025-09-05,Friday,9,2025,Beli minyak goreng baru via e-commerce,Uniqlo,Belanja,349000,Pengeluaran,0,DANA,Online,0,Semarang
TRX03749,2026-01-05,Monday,1,2026,Sewa kendaraan ojek online untuk perjalanan harian,KCI Commuter,Transportasi,26000,Pengeluaran,0,QRIS,Online,0,Denpasar
TRX03750,2025-03-01,Saturday,3,2025,Bonus kinerja dan honor freelance dari perusahaan,PT Teknologi Karya,Gaji,14091000,Pemasukan,1,BNI,Online,0,Bogor
TRX03751,2023-08-30,Wednesday,8,2023,Tebus resep obat suplemen imun di apotek langganan,Century,Kesehatan,293000,Pengeluaran,0,QRIS,Online,0,Malang
TRX03752,2025-04-12,Saturday,4,2025,Beli titipan baju kaos pakai voucher belanja,Uniqlo,Belanja,758000,Pengeluaran,0,OVO,Online,0,Semarang
TRX03753,2023-08-17,Thursday,8,2023,Pencairan honor payroll bulanan proyek freelance,Client Freelance,Gaji,17484000,Pemasukan,1,Mandiri,Online,0,Depok
TRX03754,2023-01-17,Tuesday,1,2023,Bayar biaya kursus online sertifikasi AI,Gramedia,Pendidikan,1537000,Pengeluaran,0,ShopeePay,Online,0,Bogor
TRX03755,2024-01-12,Friday,1,2024,Bayar sarapan mie ayam di warung langganan,KFC,Makanan & Minuman,229000,Pengeluaran,0,Tunai,Offline,1,Tangerang
TRX03756,2024-11-01,Friday,11,2024,Transfer bonus tahunan atas hasil kerja keras sebulan,PT Teknologi Karya,Gaji,8237000,Pemasukan,1,BRI,Online,0,Denpasar
TRX03757,2024-07-29,Monday,7,2024,Sewa kendaraan tiket KRL untuk perjalanan harian,KAI,Transportasi,163000,Pengeluaran,0,BRI,Online,0,Yogyakarta
TRX03758,2025-02-20,Thursday,2,2025,Mampir minimarket beli snack & mie instan stok mingguan,Alfamart,Belanja,125000,Pengeluaran,0,ShopeePay,Online,0,Jakarta
TRX03759,2024-07-16,Tuesday,7,2024,Mampir beli kopi susu sama minuman segar,Bakso Pak Kumis,Makanan & Minuman,156000,Pengeluaran,0,Tunai,Offline,1,Bogor
TRX03760,2024-11-14,Thursday,11,2024,Top up voucher game Netflix 1 bulan pas akhir pekan,Netflix,Hiburan,436000,Pengeluaran,0,ShopeePay,Online,0,Palembang
TRX03761,2025-03-30,Sunday,3,2025,Sewa akomodasi perjalanan hotel & resort luar kota,Garuda Indonesia,Perjalanan,2973000,Pengeluaran,0,QRIS,Online,0,Semarang
TRX03762,2025-05-03,Saturday,5,2025,Langganan fitur premium Netflix 1 bulan bulanan,Spotify,Hiburan,108000,Pengeluaran,0,OVO,Online,0,Jakarta
TRX03763,2026-06-13,Saturday,6,2026,Beli tiket masuk game Steam sama teman-teman,Netflix,Hiburan,354000,Pengeluaran,0,BRI,Online,0,Yogyakarta
TRX03764,2023-10-06,Friday,10,2023,Makan malam kopi susu bareng keluarga,Warung Makan,Makanan & Minuman,193000,Pengeluaran,0,QRIS,Online,0,Malang
TRX03765,2026-03-20,Friday,3,2026,Checkout ayam geprek promo diskon sore hari,Sederhana,Makanan & Minuman,119000,Pengeluaran,0,BRI,Online,0,Tangerang
TRX03766,2025-10-23,Thursday,10,2025,Belanja kebutuhan harian sepatu sneaker di Alfamart,Alfamart,Belanja,756000,Pengeluaran,0,Mandiri,Online,0,Denpasar
TRX03767,2024-05-18,Saturday,5,2024,Beli tiket masuk Spotify Premium sama teman-teman,PlayStation Store,Hiburan,204000,Pengeluaran,0,GoPay,Online,0,Denpasar
TRX03768,2023-10-12,Thursday,10,2023,Pesan mie ayam via aplikasi pesan antar makanan,McDonalds,Makanan & Minuman,121000,Pengeluaran,0,GoPay,Online,0,Palembang
TRX03769,2025-09-05,Friday,9,2025,Bonus kinerja dan insentif proyek dari perusahaan,PT Sukses Bersama,Gaji,3582000,Pemasukan,1,DANA,Online,0,Denpasar
TRX03770,2026-06-02,Tuesday,6,2026,Pesan kendaraan online taksi online pas hujan,Gojek,Transportasi,31000,Pengeluaran,0,BNI,Online,0,Malang
TRX03771,2025-10-30,Thursday,10,2025,Checkout boba tea promo diskon sore hari,Kopi Kenangan,Makanan & Minuman,32000,Pengeluaran,0,Tunai,Offline,1,Bengkulu
TRX03772,2024-07-21,Sunday,7,2024,Beli sepatu sneaker dan perlengkapan rumah tangga,Superindo,Belanja,446000,Pengeluaran,0,OVO,Online,0,Depok
TRX03773,2024-07-18,Thursday,7,2024,Gaji pokok bulanan dari PT Teknologi Karya,PT Teknologi Karya,Gaji,14521000,Pemasukan,1,DANA,Online,0,Semarang
TRX03774,2025-06-20,Friday,6,2025,Beli titipan roti sobek pakai voucher belanja,Uniqlo,Belanja,678000,Pengeluaran,0,BCA,Online,0,Yogyakarta
TRX03775,2023-02-08,Wednesday,2,2023,Pengeluaran bulanan beli snack & mie instan di Superindo,Superindo,Belanja,455000,Pengeluaran,0,QRIS,Online,0,Medan
TRX03776,2025-06-03,Tuesday,6,2025,Pelunasan iuran listrik PLN biar aliran tetap lancar,Pertagas,Utilitas,470000,Pengeluaran,0,BRI,Online,0,Bandung
TRX03777,2023-01-06,Friday,1,2023,Beli resep minyak kayu putih dan vitamin di Halodoc,Halodoc,Kesehatan,528000,Pengeluaran,0,Mandiri,Online,0,Semarang
TRX03778,2023-08-19,Saturday,8,2023,Mampir minimarket beli tas punggung stok mingguan,Uniqlo,Belanja,280000,Pengeluaran,0,BCA,Online,0,Surabaya
TRX03779,2023-09-10,Sunday,9,2023,Alokasi investasi berkala aset kripto,Indodax,Investasi,1963000,Pengeluaran,0,Mandiri,Online,0,Tangerang
TRX03780,2024-08-12,Monday,8,2024,Penerimaan bonus tahunan masuk ke rekening utama,PT Sukses Bersama,Gaji,12098000,Pemasukan,1,ShopeePay,Online,0,Yogyakarta
TRX03781,2023-10-01,Sunday,10,2023,Checkout soto betawi promo diskon sore hari,Warung Makan,Makanan & Minuman,117000,Pengeluaran,0,Mandiri,Online,0,Makassar
TRX03782,2024-07-07,Sunday,7,2024,Penerimaan insentif proyek masuk ke rekening utama,Client Freelance,Gaji,16394000,Pemasukan,1,ShopeePay,Online,0,Makassar
TRX03783,2025-02-05,Wednesday,2,2025,Beli token air PDAM prabayar via m-banking,M3 Ooredoo,Utilitas,198000,Pengeluaran,0,ShopeePay,Online,0,Makassar
TRX03784,2025-02-02,Sunday,2,2025,Mampir minimarket beli minyak goreng stok mingguan,Alfamart,Belanja,642000,Pengeluaran,0,GoPay,Online,0,Depok
TRX03785,2025-10-24,Friday,10,2025,Beli mie ayam di Solaria bareng teman,Solaria,Makanan & Minuman,54000,Pengeluaran,0,ShopeePay,Online,0,Tangerang
TRX03786,2024-06-21,Friday,6,2024,Bonus kinerja dan bonus tahunan dari perusahaan,PT Nusantara Digital,Gaji,8993000,Pemasukan,1,Mandiri,Online,0,Medan
TRX03787,2024-09-10,Tuesday,9,2024,Mampir minimarket beli detergen & sabun stok mingguan,Superindo,Belanja,233000,Pengeluaran,0,DANA,Online,0,Bengkulu
TRX03788,2023-07-16,Sunday,7,2023,Pengeluaran bulanan beli tas punggung di Blibli,Blibli,Belanja,527000,Pengeluaran,0,BNI,Online,0,Denpasar
TRX03789,2024-12-16,Monday,12,2024,Beli tiket ojek online pulang pergi luar kota,MyPertamina,Transportasi,192000,Pengeluaran,0,Mandiri,Online,0,Yogyakarta
TRX03790,2024-08-03,Saturday,8,2024,Belanja kebutuhan harian detergen & sabun di Hypermart,Hypermart,Belanja,970000,Pengeluaran,0,Tunai,Offline,1,Malang
TRX03791,2025-03-06,Thursday,3,2025,Checkout soto betawi promo diskon sore hari,KFC,Makanan & Minuman,172000,Pengeluaran,0,BCA,Online,0,Tangerang
TRX03792,2023-08-03,Thursday,8,2023,Mampir minimarket beli roti sobek stok mingguan,Alfamart,Belanja,1198000,Pengeluaran,0,QRIS,Online,0,Malang
TRX03793,2023-03-10,Friday,3,2023,Beli token gas LPG prabayar via m-banking,XL Axiata,Utilitas,591000,Pengeluaran,0,GoPay,Online,0,Makassar
TRX03794,2023-07-20,Thursday,7,2023,Pengeluaran bulanan beli baju kaos di Tokopedia,Tokopedia,Belanja,772000,Pengeluaran,0,Mandiri,Online,0,Bengkulu
TRX03795,2026-01-30,Friday,1,2026,Top up saldo kartu e-money untuk taksi online,Bluebird,Transportasi,183000,Pengeluaran,0,Mandiri,Online,0,Makassar
TRX03796,2024-02-10,Saturday,2,2024,Beli perlengkapan vitamin C dan obat flu,Alodokter,Kesehatan,719000,Pengeluaran,0,ShopeePay,Online,0,Malang
TRX03797,2025-04-14,Monday,4,2025,Pesan soto betawi via aplikasi pesan antar makanan,Gacoan,Makanan & Minuman,49000,Pengeluaran,0,Mandiri,Online,0,Semarang
TRX03798,2023-06-24,Saturday,6,2023,Top up reksa dana aset kripto di Bareksa,Bareksa,Investasi,894000,Pengeluaran,0,BCA,Online,0,Surabaya
TRX03799,2024-07-11,Thursday,7,2024,Mampir beli soto betawi sama minuman segar,Sederhana,Makanan & Minuman,57000,Pengeluaran,0,QRIS,Online,0,Malang
TRX03800,2024-04-09,Tuesday,4,2024,Mampir minimarket beli minyak goreng stok mingguan,Shopee,Belanja,1187000,Pengeluaran,0,BNI,Online,0,Bekasi
TRX03801,2024-07-02,Tuesday,7,2024,Bayar rekening air PDAM tepat waktu di PLN,PLN,Utilitas,61000,Pengeluaran,0,BCA,Online,0,Depok
TRX03802,2025-07-23,Wednesday,7,2025,Bonus kinerja dan insentif proyek dari perusahaan,PT Teknologi Karya,Gaji,15452000,Pemasukan,1,ShopeePay,Online,0,Bogor
TRX03803,2023-11-11,Saturday,11,2023,Beli titipan sepatu sneaker pakai voucher belanja,Alfamart,Belanja,726000,Pengeluaran,0,Tunai,Offline,1,Bengkulu
TRX03804,2025-04-30,Wednesday,4,2025,Mampir beli pizza sama minuman segar,Kopi Kenangan,Makanan & Minuman,196000,Pengeluaran,0,BNI,Online,0,Bandung
TRX03805,2025-11-03,Monday,11,2025,Beli tiket masuk Spotify Premium sama teman-teman,Steam,Hiburan,328000,Pengeluaran,0,BNI,Online,0,Surabaya
TRX03806,2023-09-16,Saturday,9,2023,Penerimaan bonus tahunan masuk ke rekening utama,PT Teknologi Karya,Gaji,12145000,Pemasukan,1,BRI,Online,0,Makassar
TRX03807,2023-11-22,Wednesday,11,2023,Beli masker dan obat flu & pusing untuk stok rumah,Kimia Farma,Kesehatan,530000,Pengeluaran,0,ShopeePay,Online,0,Malang
TRX03808,2023-10-28,Saturday,10,2023,Beli perlengkapan minyak kayu putih dan obat flu,RS Siloam,Kesehatan,433000,Pengeluaran,0,GoPay,Online,0,Yogyakarta
TRX03809,2024-06-24,Monday,6,2024,Transfer honor freelance atas hasil kerja keras sebulan,PT Sukses Bersama,Gaji,10537000,Pemasukan,1,BRI,Online,0,Makassar
TRX03810,2024-10-11,Friday,10,2024,Beli baju kaos baru via e-commerce,Indomaret,Belanja,224000,Pengeluaran,0,ShopeePay,Online,0,Bengkulu
TRX03811,2024-12-02,Monday,12,2024,Bayar sarapan soto betawi di warung langganan,Solaria,Makanan & Minuman,145000,Pengeluaran,0,GoPay,Online,0,Bandung
TRX03812,2023-04-29,Saturday,4,2023,Bayar sarapan bakso urat di warung langganan,Mixue,Makanan & Minuman,128000,Pengeluaran,0,OVO,Online,0,Denpasar
TRX03813,2024-09-08,Sunday,9,2024,Tebus resep obat skincare & sabun cuci muka di apotek langganan,Century,Kesehatan,112000,Pengeluaran,0,BRI,Online,0,Bandung
TRX03814,2023-02-27,Monday,2,2023,Beli instrumen investasi saham blue chip bulanan,Ajaib,Investasi,1095000,Pengeluaran,0,GoPay,Online,0,Semarang
TRX03815,2023-05-03,Wednesday,5,2023,Beli tiket masuk Netflix 1 bulan sama teman-teman,CGV,Hiburan,116000,Pengeluaran,0,ShopeePay,Online,0,Medan
TRX03816,2025-03-08,Saturday,3,2025,Jajanan burger pas nongkrong malam minggu,Gacoan,Makanan & Minuman,239000,Pengeluaran,0,QRIS,Online,0,Yogyakarta
TRX03817,2025-09-15,Monday,9,2025,Makan malam nasi goreng bareng keluarga,Sederhana,Makanan & Minuman,184000,Pengeluaran,0,OVO,Online,0,Surabaya
TRX03818,2026-01-18,Sunday,1,2026,Pesan mie ayam via aplikasi pesan antar makanan,Kopi Kenangan,Makanan & Minuman,204000,Pengeluaran,0,BCA,Online,0,Yogyakarta
TRX03819,2025-05-12,Monday,5,2025,Gaji pokok bulanan dari PT Nusantara Digital,PT Nusantara Digital,Gaji,6573000,Pemasukan,1,DANA,Online,0,Bandung
TRX03820,2023-03-27,Monday,3,2023,Beli roti sobek baru via e-commerce,Lazada,Belanja,126000,Pengeluaran,0,BNI,Online,0,Denpasar
TRX03821,2025-03-09,Sunday,3,2025,Bayar konsultasi dokter dan beli obat flu & pusing,Apotek K-24,Kesehatan,717000,Pengeluaran,0,Tunai,Offline,1,Bogor
TRX03822,2024-09-01,Sunday,9,2024,Pencairan honor insentif proyek proyek freelance,Client Freelance,Gaji,17570000,Pemasukan,1,DANA,Online,0,Semarang
TRX03823,2023-08-12,Saturday,8,2023,Penerimaan honor freelance masuk ke rekening utama,PT Nusantara Digital,Gaji,14080000,Pemasukan,1,Mandiri,Online,0,Malang
TRX03824,2023-02-11,Saturday,2,2023,Beli detergen & sabun baru via e-commerce,Superindo,Belanja,1021000,Pengeluaran,0,Mandiri,Online,0,Semarang
TRX03825,2023-09-25,Monday,9,2023,Pengeluaran bulanan beli tas punggung di Indomaret,Indomaret,Belanja,133000,Pengeluaran,0,Tunai,Offline,1,Surabaya
TRX03826,2025-02-04,Tuesday,2,2025,Isi ulang pulsa dan kuota air PDAM harian,PDAM,Utilitas,195000,Pengeluaran,0,OVO,Online,0,Yogyakarta
TRX03827,2023-01-23,Monday,1,2023,Pelunasan iuran listrik PLN biar aliran tetap lancar,Indihome,Utilitas,302000,Pengeluaran,0,BNI,Online,0,Malang
TRX03828,2024-05-24,Friday,5,2024,Transfer bonus tahunan atas hasil kerja keras sebulan,Client Freelance,Gaji,9131000,Pemasukan,1,OVO,Online,0,Tangerang
TRX03829,2023-01-08,Sunday,1,2023,Beli mie ayam di KFC bareng teman,KFC,Makanan & Minuman,155000,Pengeluaran,0,DANA,Online,0,Makassar
TRX03830,2024-07-19,Friday,7,2024,Beli token gas LPG prabayar via m-banking,Indihome,Utilitas,253000,Pengeluaran,0,GoPay,Online,0,Denpasar
TRX03831,2024-04-17,Wednesday,4,2024,Sewa kendaraan bensin Pertamax untuk perjalanan harian,KCI Commuter,Transportasi,169000,Pengeluaran,0,BNI,Online,0,Jakarta
TRX03832,2025-04-16,Wednesday,4,2025,Beli titipan minyak goreng pakai voucher belanja,Shopee,Belanja,197000,Pengeluaran,0,GoPay,Online,0,Depok
TRX03833,2024-06-03,Monday,6,2024,Belanja kebutuhan harian minyak goreng di Shopee,Shopee,Belanja,78000,Pengeluaran,0,BNI,Online,0,Semarang
TRX03834,2023-04-07,Friday,4,2023,Langganan platform belajar kursus Data Science,Gramedia,Pendidikan,1101000,Pengeluaran,0,Mandiri,Online,0,Surabaya
TRX03835,2026-03-16,Monday,3,2026,Beli tas punggung baru via e-commerce,Lazada,Belanja,49000,Pengeluaran,0,GoPay,Online,0,Tangerang
TRX03836,2026-05-19,Tuesday,5,2026,Bayar tagihan pulsa HP bulanan rumah tangga,Pertagas,Utilitas,547000,Pengeluaran,0,BCA,Online,0,Medan
TRX03837,2023-03-08,Wednesday,3,2023,Belanja kebutuhan harian tas punggung di Lazada,Lazada,Belanja,1198000,Pengeluaran,0,BRI,Online,0,Semarang
TRX03838,2025-02-21,Friday,2,2025,Mampir beli mie ayam sama minuman segar,KFC,Makanan & Minuman,153000,Pengeluaran,0,ShopeePay,Online,0,Malang
TRX03839,2024-10-18,Friday,10,2024,Mampir beli mie ayam sama minuman segar,Kopi Kenangan,Makanan & Minuman,44000,Pengeluaran,0,DANA,Online,0,Tangerang
TRX03840,2025-04-06,Sunday,4,2025,Bayar tagihan listrik PLN bulanan rumah tangga,XL Axiata,Utilitas,447000,Pengeluaran,0,QRIS,Online,0,Medan
TRX03841,2024-09-27,Friday,9,2024,Pengeluaran bulanan beli tas punggung di Matahari,Matahari,Belanja,502000,Pengeluaran,0,DANA,Online,0,Tangerang
TRX03842,2024-04-29,Monday,4,2024,Mampir beli ayam geprek sama minuman segar,Bakso Pak Kumis,Makanan & Minuman,163000,Pengeluaran,0,DANA,Online,0,Makassar
TRX03843,2025-10-20,Monday,10,2025,Beli tiket nonton game Steam di Spotify,Spotify,Hiburan,429000,Pengeluaran,0,BCA,Online,0,Semarang
TRX03844,2026-01-16,Friday,1,2026,Beli detergen & sabun baru via e-commerce,Lazada,Belanja,646000,Pengeluaran,0,DANA,Online,0,Bekasi
TRX03845,2024-03-20,Wednesday,3,2024,Beli perlengkapan obat flu & pusing dan obat flu,Century,Kesehatan,426000,Pengeluaran,0,Tunai,Offline,1,Makassar
TRX03846,2024-08-15,Thursday,8,2024,Checkout soto betawi promo diskon sore hari,Gacoan,Makanan & Minuman,224000,Pengeluaran,0,QRIS,Online,0,Tangerang
TRX03847,2025-09-04,Thursday,9,2025,Belanja kebutuhan harian baju kaos di Indomaret,Indomaret,Belanja,129000,Pengeluaran,0,DANA,Online,0,Palembang
TRX03848,2024-09-20,Friday,9,2024,Top up voucher game game Steam pas akhir pekan,Spotify,Hiburan,244000,Pengeluaran,0,GoPay,Online,0,Yogyakarta
TRX03849,2023-11-03,Friday,11,2023,Beli token air PDAM prabayar via m-banking,Pertagas,Utilitas,446000,Pengeluaran,0,Mandiri,Online,0,Semarang
TRX03850,2025-11-04,Tuesday,11,2025,Beli casing hp baru via e-commerce,Alfamart,Belanja,46000,Pengeluaran,0,QRIS,Online,0,Bengkulu
TRX03851,2025-02-17,Monday,2,2025,Bayar tagihan pulsa HP bulanan rumah tangga,M3 Ooredoo,Utilitas,494000,Pengeluaran,0,OVO,Online,0,Bekasi
TRX03852,2026-04-23,Thursday,4,2026,Bayar ongkos taksi online berangkat kerja di Maxim,Maxim,Transportasi,65000,Pengeluaran,0,ShopeePay,Online,0,Bandung
TRX03853,2025-04-19,Saturday,4,2025,Beli masker dan obat flu & pusing untuk stok rumah,Alodokter,Kesehatan,815000,Pengeluaran,0,DANA,Online,0,Depok
TRX03854,2025-07-23,Wednesday,7,2025,Belanja kebutuhan harian tas punggung di Uniqlo,Uniqlo,Belanja,445000,Pengeluaran,0,OVO,Online,0,Bandung
TRX03855,2025-02-09,Sunday,2,2025,Pesan pizza via aplikasi pesan antar makanan,Kopi Kenangan,Makanan & Minuman,240000,Pengeluaran,0,DANA,Online,0,Surabaya
TRX03856,2023-06-24,Saturday,6,2023,Checkout kopi susu promo diskon sore hari,Kopi Kenangan,Makanan & Minuman,46000,Pengeluaran,0,Tunai,Offline,1,Malang
TRX03857,2025-05-09,Friday,5,2025,Pesan mie ayam via aplikasi pesan antar makanan,Gacoan,Makanan & Minuman,88000,Pengeluaran,0,Tunai,Offline,1,Medan
TRX03858,2024-01-30,Tuesday,1,2024,Gaji pokok bulanan dari PT Teknologi Karya,PT Teknologi Karya,Gaji,10567000,Pemasukan,1,Mandiri,Online,0,Semarang
TRX03859,2024-07-27,Saturday,7,2024,Beli titipan detergen & sabun pakai voucher belanja,Hypermart,Belanja,798000,Pengeluaran,0,QRIS,Online,0,Bekasi
TRX03860,2024-04-09,Tuesday,4,2024,Pencairan honor honor freelance proyek freelance,PT Nusantara Digital,Gaji,14765000,Pemasukan,1,BRI,Online,0,Medan
TRX03861,2024-11-29,Friday,11,2024,Beli titipan minyak goreng pakai voucher belanja,Hypermart,Belanja,312000,Pengeluaran,0,BNI,Online,0,Bandung
TRX03862,2025-11-01,Saturday,11,2025,Belanja kebutuhan harian detergen & sabun di Blibli,Blibli,Belanja,808000,Pengeluaran,0,QRIS,Online,0,Semarang
TRX03863,2025-12-23,Tuesday,12,2025,Top up voucher game game Steam pas akhir pekan,Steam,Hiburan,302000,Pengeluaran,0,DANA,Online,0,Tangerang
TRX03864,2024-11-28,Thursday,11,2024,Beli pizza di KFC bareng teman,KFC,Makanan & Minuman,80000,Pengeluaran,0,Tunai,Offline,1,Makassar
TRX03865,2024-09-28,Saturday,9,2024,Pembayaran UKT semesteran buku koding Python,Kampus Universitas,Pendidikan,1114000,Pengeluaran,0,DANA,Online,0,Palembang
TRX03866,2024-09-11,Wednesday,9,2024,Booking penginapan dan hotel tiket kereta api liburan,Agoda,Perjalanan,4229000,Pengeluaran,0,ShopeePay,Online,0,Bogor
TRX03867,2025-05-18,Sunday,5,2025,Isi ulang pulsa dan kuota gas LPG harian,Pertagas,Utilitas,78000,Pengeluaran,0,BRI,Online,0,Jakarta
TRX03868,2024-04-13,Saturday,4,2024,Bayar ongkos bensin Pertamax berangkat kerja di Maxim,Maxim,Transportasi,73000,Pengeluaran,0,BNI,Online,0,Depok
TRX03869,2025-09-11,Thursday,9,2025,Checkout pizza promo diskon sore hari,KFC,Makanan & Minuman,158000,Pengeluaran,0,OVO,Online,0,Depok
TRX03870,2024-03-03,Sunday,3,2024,Alokasi investasi berkala saham blue chip,Pintu,Investasi,2417000,Pengeluaran,0,ShopeePay,Online,0,Tangerang
TRX03871,2025-09-18,Thursday,9,2025,Bayar sarapan soto betawi di warung langganan,Mixue,Makanan & Minuman,226000,Pengeluaran,0,BNI,Online,0,Semarang
TRX03872,2023-11-19,Sunday,11,2023,Tebus resep obat skincare & sabun cuci muka di apotek langganan,Century,Kesehatan,207000,Pengeluaran,0,BNI,Online,0,Yogyakarta
TRX03873,2026-03-28,Saturday,3,2026,Mampir minimarket beli baju kaos stok mingguan,Superindo,Belanja,42000,Pengeluaran,0,Tunai,Offline,1,Tangerang
TRX03874,2024-01-10,Wednesday,1,2024,Bayar tagihan pulsa HP bulanan rumah tangga,PLN,Utilitas,69000,Pengeluaran,0,GoPay,Online,0,Surabaya
TRX03875,2023-03-26,Sunday,3,2023,Checkout sate ayam promo diskon sore hari,Kopi Kenangan,Makanan & Minuman,190000,Pengeluaran,0,Tunai,Offline,1,Jakarta
TRX03876,2023-10-29,Sunday,10,2023,Bonus kinerja dan gaji pokok dari perusahaan,PT Nusantara Digital,Gaji,15324000,Pemasukan,1,QRIS,Online,0,Makassar
TRX03877,2024-07-10,Wednesday,7,2024,Jajanan burger pas nongkrong malam minggu,Chatime,Makanan & Minuman,173000,Pengeluaran,0,Tunai,Offline,1,Bogor
TRX03878,2023-05-20,Saturday,5,2023,Makan malam mie ayam bareng keluarga,Chatime,Makanan & Minuman,48000,Pengeluaran,0,GoPay,Online,0,Bengkulu
TRX03879,2023-02-06,Monday,2,2023,Top up saldo kartu e-money untuk bensin Pertamax,MyPertamina,Transportasi,184000,Pengeluaran,0,DANA,Online,0,Semarang
TRX03880,2024-07-18,Thursday,7,2024,Makan malam kopi susu bareng keluarga,Gacoan,Makanan & Minuman,29000,Pengeluaran,0,GoPay,Online,0,Semarang
TRX03881,2026-01-16,Friday,1,2026,Beli buku kursus Data Science di Ruangguru,Ruangguru,Pendidikan,2446000,Pengeluaran,0,GoPay,Online,0,Denpasar
TRX03882,2025-10-07,Tuesday,10,2025,Bayar sarapan burger di warung langganan,Bakso Pak Kumis,Makanan & Minuman,116000,Pengeluaran,0,BCA,Online,0,Palembang
TRX03883,2023-04-11,Tuesday,4,2023,Beli perlengkapan skincare & sabun cuci muka dan obat flu,RS Siloam,Kesehatan,486000,Pengeluaran,0,BRI,Online,0,Medan
TRX03884,2023-10-03,Tuesday,10,2023,Pengeluaran bulanan beli snack & mie instan di Indomaret,Indomaret,Belanja,1113000,Pengeluaran,0,BNI,Online,0,Malang
TRX03885,2026-07-22,Wednesday,7,2026,Bayar tagihan wifi internet bulanan rumah tangga,PDAM,Utilitas,159000,Pengeluaran,0,OVO,Online,0,Yogyakarta
TRX03886,2026-06-01,Monday,6,2026,Booking penginapan dan hotel tiket pesawat liburan,Garuda Indonesia,Perjalanan,1357000,Pengeluaran,0,GoPay,Online,0,Surabaya
TRX03887,2026-03-16,Monday,3,2026,Pesan burger via aplikasi pesan antar makanan,KFC,Makanan & Minuman,155000,Pengeluaran,0,GoPay,Online,0,Bandung
TRX03888,2024-05-02,Thursday,5,2024,Jajanan pizza pas nongkrong malam minggu,McDonalds,Makanan & Minuman,230000,Pengeluaran,0,Tunai,Offline,1,Semarang
TRX03889,2026-03-24,Tuesday,3,2026,Pencairan honor honor freelance proyek freelance,PT Teknologi Karya,Gaji,14656000,Pemasukan,1,ShopeePay,Online,0,Bandung
TRX03890,2026-04-30,Thursday,4,2026,Pembayaran UKT semesteran sertifikasi AI,Udemy,Pendidikan,1421000,Pengeluaran,0,BNI,Online,0,Surabaya
TRX03891,2025-05-29,Thursday,5,2025,Tebus resep obat minyak kayu putih di apotek langganan,RS Siloam,Kesehatan,115000,Pengeluaran,0,BRI,Online,0,Jakarta
TRX03892,2025-08-13,Wednesday,8,2025,Pengeluaran bulanan beli snack & mie instan di Blibli,Blibli,Belanja,251000,Pengeluaran,0,QRIS,Online,0,Depok
TRX03893,2024-01-11,Thursday,1,2024,Beli casing hp baru via e-commerce,Blibli,Belanja,868000,Pengeluaran,0,Tunai,Offline,1,Bandung
TRX03894,2024-12-09,Monday,12,2024,Gaji pokok bulanan dari Bank Central,Bank Central,Gaji,5796000,Pemasukan,1,BRI,Online,0,Semarang
TRX03895,2026-03-23,Monday,3,2026,Beli instrumen investasi obligasi negara bulanan,Stockbit,Investasi,2745000,Pengeluaran,0,OVO,Online,0,Bekasi
TRX03896,2025-08-02,Saturday,8,2025,Beli token wifi internet prabayar via m-banking,Telkomsel,Utilitas,363000,Pengeluaran,0,Mandiri,Online,0,Bengkulu
TRX03897,2024-12-02,Monday,12,2024,Langganan fitur premium Spotify Premium bulanan,Steam,Hiburan,283000,Pengeluaran,0,BRI,Online,0,Malang
TRX03898,2025-02-09,Sunday,2,2025,Mampir minimarket beli minyak goreng stok mingguan,Indomaret,Belanja,654000,Pengeluaran,0,Tunai,Offline,1,Denpasar
TRX03899,2023-03-30,Thursday,3,2023,Beli resep minyak kayu putih dan vitamin di Century,Century,Kesehatan,811000,Pengeluaran,0,QRIS,Online,0,Depok
TRX03900,2025-12-29,Monday,12,2025,Transfer bonus tahunan atas hasil kerja keras sebulan,PT Sukses Bersama,Gaji,18930000,Pemasukan,1,OVO,Online,0,Jakarta
TRX03901,2026-07-07,Tuesday,7,2026,Mampir beli pizza sama minuman segar,Gacoan,Makanan & Minuman,17000,Pengeluaran,0,OVO,Online,0,Bekasi
TRX03902,2024-12-26,Thursday,12,2024,Beli token pulsa HP prabayar via m-banking,Pertagas,Utilitas,344000,Pengeluaran,0,BRI,Online,0,Palembang
TRX03903,2025-02-21,Friday,2,2025,Pesan kendaraan online bensin Pertamax pas hujan,Maxim,Transportasi,76000,Pengeluaran,0,BRI,Online,0,Depok
TRX03904,2023-03-09,Thursday,3,2023,Beli kopi susu di Sederhana bareng teman,Sederhana,Makanan & Minuman,167000,Pengeluaran,0,QRIS,Online,0,Depok
TRX03905,2026-07-13,Monday,7,2026,Beli tiket pesawat tiket kereta api di Traveloka,Traveloka,Perjalanan,4123000,Pengeluaran,0,Mandiri,Online,0,Surabaya
TRX03906,2023-08-21,Monday,8,2023,Top up saldo kartu e-money untuk bensin Pertamax,Maxim,Transportasi,89000,Pengeluaran,0,BNI,Online,0,Semarang
TRX03907,2025-10-03,Friday,10,2025,Top up reksa dana obligasi negara di Ajaib,Ajaib,Investasi,147000,Pengeluaran,0,BNI,Online,0,Denpasar
TRX03908,2024-06-28,Friday,6,2024,Bayar sarapan kopi susu di warung langganan,Sederhana,Makanan & Minuman,99000,Pengeluaran,0,QRIS,Online,0,Yogyakarta
TRX03909,2024-09-19,Thursday,9,2024,Bayar sarapan burger di warung langganan,Sederhana,Makanan & Minuman,228000,Pengeluaran,0,GoPay,Online,0,Malang
TRX03910,2025-05-04,Sunday,5,2025,Penerimaan honor freelance masuk ke rekening utama,Client Freelance,Gaji,15064000,Pemasukan,1,Mandiri,Online,0,Bogor
TRX03911,2026-05-03,Sunday,5,2026,Makan malam ayam geprek bareng keluarga,McDonalds,Makanan & Minuman,211000,Pengeluaran,0,QRIS,Online,0,Yogyakarta
TRX03912,2024-04-28,Sunday,4,2024,Pengeluaran bulanan beli detergen & sabun di Alfamart,Alfamart,Belanja,440000,Pengeluaran,0,Tunai,Offline,1,Malang
TRX03913,2023-02-02,Thursday,2,2023,Transfer honor freelance atas hasil kerja keras sebulan,PT Nusantara Digital,Gaji,18353000,Pemasukan,1,OVO,Online,0,Surabaya
TRX03914,2024-09-30,Monday,9,2024,Checkout tas punggung pas diskon tanggal kembar,Blibli,Belanja,690000,Pengeluaran,0,BCA,Online,0,Bekasi
TRX03915,2024-08-04,Sunday,8,2024,Makan malam bakso urat bareng keluarga,Bakso Pak Kumis,Makanan & Minuman,173000,Pengeluaran,0,BRI,Online,0,Bekasi
TRX03916,2023-05-06,Saturday,5,2023,Pesan kendaraan online tiket KRL pas hujan,TransJakarta,Transportasi,156000,Pengeluaran,0,Mandiri,Online,0,Malang
TRX03917,2024-02-07,Wednesday,2,2024,Beli roti sobek baru via e-commerce,Shopee,Belanja,64000,Pengeluaran,0,Mandiri,Online,0,Bekasi
TRX03918,2026-04-23,Thursday,4,2026,Bayar langganan bulanan game Steam streaming,DuFan,Hiburan,292000,Pengeluaran,0,DANA,Online,0,Denpasar
TRX03919,2024-03-31,Sunday,3,2024,Beli titipan casing hp pakai voucher belanja,Shopee,Belanja,1071000,Pengeluaran,0,Tunai,Offline,1,Medan
TRX03920,2024-05-19,Sunday,5,2024,Mampir beli kopi susu sama minuman segar,Kopi Kenangan,Makanan & Minuman,102000,Pengeluaran,0,Tunai,Offline,1,Depok
TRX03921,2024-03-02,Saturday,3,2024,Mampir beli mie ayam sama minuman segar,Bakso Pak Kumis,Makanan & Minuman,40000,Pengeluaran,0,BRI,Online,0,Semarang
TRX03922,2025-09-01,Monday,9,2025,Langganan platform belajar sertifikasi AI,Gramedia,Pendidikan,1633000,Pengeluaran,0,Mandiri,Online,0,Bekasi
TRX03923,2025-07-28,Monday,7,2025,Checkout kopi susu promo diskon sore hari,Bakso Pak Kumis,Makanan & Minuman,26000,Pengeluaran,0,BNI,Online,0,Palembang
TRX03924,2023-04-09,Sunday,4,2023,Makan boba tea pas jam istirahat kantor,McDonalds,Makanan & Minuman,224000,Pengeluaran,0,Tunai,Offline,1,Bekasi
TRX03925,2023-07-03,Monday,7,2023,Beli minyak goreng baru via e-commerce,Uniqlo,Belanja,1046000,Pengeluaran,0,Tunai,Offline,1,Malang
TRX03926,2024-06-30,Sunday,6,2024,Gaji pokok bulanan dari PT Nusantara Digital,PT Nusantara Digital,Gaji,8490000,Pemasukan,1,QRIS,Online,0,Makassar
TRX03927,2025-03-16,Sunday,3,2025,Beli sepatu sneaker dan perlengkapan rumah tangga,Indomaret,Belanja,787000,Pengeluaran,0,BRI,Online,0,Makassar
TRX03928,2024-04-21,Sunday,4,2024,Pembayaran paket langganan pulsa HP kecepatan tinggi,PLN,Utilitas,127000,Pengeluaran,0,BNI,Online,0,Bogor
TRX03929,2024-05-25,Saturday,5,2024,Beli resep skincare & sabun cuci muka dan vitamin di Guardian,Guardian,Kesehatan,387000,Pengeluaran,0,Mandiri,Online,0,Bekasi
TRX03930,2024-09-27,Friday,9,2024,Pencairan honor gaji pokok proyek freelance,PT Sukses Bersama,Gaji,18915000,Pemasukan,1,BNI,Online,0,Makassar
TRX03931,2025-10-15,Wednesday,10,2025,Beli tiket masuk game Steam sama teman-teman,Spotify,Hiburan,92000,Pengeluaran,0,OVO,Online,0,Palembang
TRX03932,2024-04-17,Wednesday,4,2024,Mampir beli ayam geprek sama minuman segar,Mixue,Makanan & Minuman,119000,Pengeluaran,0,Tunai,Offline,1,Bogor
TRX03933,2025-05-31,Saturday,5,2025,Makan ayam geprek pas jam istirahat kantor,Solaria,Makanan & Minuman,186000,Pengeluaran,0,ShopeePay,Online,0,Bengkulu
TRX03934,2025-01-16,Thursday,1,2025,Bayar langganan bulanan Spotify Premium streaming,PlayStation Store,Hiburan,191000,Pengeluaran,0,BRI,Online,0,Jakarta
TRX03935,2023-01-02,Monday,1,2023,Bayar tagihan wifi internet bulanan rumah tangga,PDAM,Utilitas,346000,Pengeluaran,0,BRI,Online,0,Jakarta
TRX03936,2024-10-05,Saturday,10,2024,Transfer payroll bulanan atas hasil kerja keras sebulan,Client Freelance,Gaji,17263000,Pemasukan,1,DANA,Online,0,Yogyakarta
TRX03937,2023-06-08,Thursday,6,2023,Belanja kebutuhan harian roti sobek di Shopee,Shopee,Belanja,1059000,Pengeluaran,0,Tunai,Offline,1,Tangerang
TRX03938,2026-04-29,Wednesday,4,2026,Mampir beli bakso urat sama minuman segar,Gacoan,Makanan & Minuman,210000,Pengeluaran,0,BNI,Online,0,Bogor
TRX03939,2023-04-13,Thursday,4,2023,Beli tiket taksi online pulang pergi luar kota,Maxim,Transportasi,144000,Pengeluaran,0,ShopeePay,Online,0,Denpasar
TRX03940,2023-07-21,Friday,7,2023,Pelunasan iuran listrik PLN biar aliran tetap lancar,Biznet,Utilitas,450000,Pengeluaran,0,BNI,Online,0,Palembang
TRX03941,2024-05-12,Sunday,5,2024,Pembayaran paket langganan pulsa HP kecepatan tinggi,PDAM,Utilitas,534000,Pengeluaran,0,ShopeePay,Online,0,Bekasi
TRX03942,2024-12-22,Sunday,12,2024,Beli mie ayam di Warung Makan bareng teman,Warung Makan,Makanan & Minuman,104000,Pengeluaran,0,OVO,Online,0,Makassar
TRX03943,2025-03-30,Sunday,3,2025,Top up saldo kartu e-money untuk taksi online,Maxim,Transportasi,55000,Pengeluaran,0,ShopeePay,Online,0,Jakarta
TRX03944,2023-01-25,Wednesday,1,2023,Beli token pulsa HP prabayar via m-banking,Indihome,Utilitas,51000,Pengeluaran,0,ShopeePay,Online,0,Surabaya
TRX03945,2024-08-17,Saturday,8,2024,Checkout tas punggung pas diskon tanggal kembar,Shopee,Belanja,745000,Pengeluaran,0,BCA,Online,0,Yogyakarta
TRX03946,2025-11-22,Saturday,11,2025,Bayar sarapan burger di warung langganan,Gacoan,Makanan & Minuman,27000,Pengeluaran,0,DANA,Online,0,Depok
TRX03947,2025-12-01,Monday,12,2025,Sewa kendaraan ojek online untuk perjalanan harian,MyPertamina,Transportasi,75000,Pengeluaran,0,GoPay,Online,0,Semarang
TRX03948,2026-05-29,Friday,5,2026,Bayar tagihan pulsa HP bulanan rumah tangga,XL Axiata,Utilitas,316000,Pengeluaran,0,OVO,Online,0,Yogyakarta
TRX03949,2024-06-23,Sunday,6,2024,Pembayaran paket langganan pulsa HP kecepatan tinggi,XL Axiata,Utilitas,577000,Pengeluaran,0,OVO,Online,0,Yogyakarta
TRX03950,2025-02-02,Sunday,2,2025,Jajanan boba tea pas nongkrong malam minggu,Mixue,Makanan & Minuman,243000,Pengeluaran,0,Tunai,Offline,1,Palembang
TRX03951,2024-09-15,Sunday,9,2024,Pengeluaran bulanan beli minyak goreng di Alfamart,Alfamart,Belanja,773000,Pengeluaran,0,Mandiri,Online,0,Semarang
TRX03952,2024-05-24,Friday,5,2024,Beli buku sertifikasi AI di Gramedia,Gramedia,Pendidikan,2663000,Pengeluaran,0,DANA,Online,0,Medan
TRX03953,2026-04-20,Monday,4,2026,Bayar biaya kursus online buku koding Python,Gramedia,Pendidikan,1531000,Pengeluaran,0,ShopeePay,Online,0,Bogor
TRX03954,2024-12-09,Monday,12,2024,Beli titipan casing hp pakai voucher belanja,Shopee,Belanja,986000,Pengeluaran,0,DANA,Online,0,Tangerang
TRX03955,2024-05-10,Friday,5,2024,Makan malam bakso urat bareng keluarga,Bakso Pak Kumis,Makanan & Minuman,141000,Pengeluaran,0,DANA,Online,0,Surabaya
TRX03956,2026-04-27,Monday,4,2026,Beli resep suplemen imun dan vitamin di RS Siloam,RS Siloam,Kesehatan,410000,Pengeluaran,0,DANA,Online,0,Bengkulu
TRX03957,2023-11-11,Saturday,11,2023,Mampir beli ayam geprek sama minuman segar,KFC,Makanan & Minuman,185000,Pengeluaran,0,Tunai,Offline,1,Makassar
TRX03958,2024-08-17,Saturday,8,2024,Beli detergen & sabun dan perlengkapan rumah tangga,Alfamart,Belanja,630000,Pengeluaran,0,BCA,Online,0,Denpasar
TRX03959,2023-03-16,Thursday,3,2023,Gaji pokok bulanan dari Bank Central,Bank Central,Gaji,19752000,Pemasukan,1,OVO,Online,0,Bengkulu
TRX03960,2025-07-27,Sunday,7,2025,Pesan soto betawi via aplikasi pesan antar makanan,Mixue,Makanan & Minuman,94000,Pengeluaran,0,OVO,Online,0,Medan
TRX03961,2023-01-28,Saturday,1,2023,Bayar sarapan kopi susu di warung langganan,Chatime,Makanan & Minuman,212000,Pengeluaran,0,BCA,Online,0,Jakarta
TRX03962,2026-04-03,Friday,4,2026,Pesan boba tea via aplikasi pesan antar makanan,Bakso Pak Kumis,Makanan & Minuman,172000,Pengeluaran,0,Mandiri,Online,0,Jakarta
TRX03963,2025-10-04,Saturday,10,2025,Top up saldo kartu e-money untuk ojek online,KCI Commuter,Transportasi,155000,Pengeluaran,0,OVO,Online,0,Makassar
TRX03964,2024-07-09,Tuesday,7,2024,Beli sepatu sneaker baru via e-commerce,Hypermart,Belanja,1041000,Pengeluaran,0,GoPay,Online,0,Surabaya
TRX03965,2025-12-04,Thursday,12,2025,Gaji pokok bulanan dari Client Freelance,Client Freelance,Gaji,14537000,Pemasukan,1,BRI,Online,0,Yogyakarta
TRX03966,2024-11-01,Friday,11,2024,Gaji pokok bulanan dari PT Nusantara Digital,PT Nusantara Digital,Gaji,7674000,Pemasukan,1,Mandiri,Online,0,Jakarta
TRX03967,2023-09-23,Saturday,9,2023,Checkout nasi goreng promo diskon sore hari,Chatime,Makanan & Minuman,112000,Pengeluaran,0,DANA,Online,0,Bogor
TRX03968,2023-07-29,Saturday,7,2023,Beli boba tea di KFC bareng teman,KFC,Makanan & Minuman,226000,Pengeluaran,0,ShopeePay,Online,0,Bogor
TRX03969,2026-07-12,Sunday,7,2026,Checkout nasi goreng promo diskon sore hari,Mixue,Makanan & Minuman,32000,Pengeluaran,0,OVO,Online,0,Jakarta
TRX03970,2026-01-15,Thursday,1,2026,Bayar konsultasi dokter dan beli vitamin C,RS Siloam,Kesehatan,623000,Pengeluaran,0,Tunai,Offline,1,Denpasar
TRX03971,2026-02-07,Saturday,2,2026,Pengeluaran bulanan beli tas punggung di Superindo,Superindo,Belanja,93000,Pengeluaran,0,OVO,Online,0,Tangerang
TRX03972,2024-02-01,Thursday,2,2024,Mampir minimarket beli sepatu sneaker stok mingguan,Uniqlo,Belanja,825000,Pengeluaran,0,ShopeePay,Online,0,Tangerang
TRX03973,2024-07-31,Wednesday,7,2024,Checkout detergen & sabun pas diskon tanggal kembar,Tokopedia,Belanja,352000,Pengeluaran,0,QRIS,Online,0,Bekasi
TRX03974,2026-02-11,Wednesday,2,2026,Makan malam burger bareng keluarga,Mixue,Makanan & Minuman,63000,Pengeluaran,0,Mandiri,Online,0,Bogor
TRX03975,2025-08-03,Sunday,8,2025,Checkout sate ayam promo diskon sore hari,KFC,Makanan & Minuman,25000,Pengeluaran,0,Tunai,Offline,1,Surabaya
TRX03976,2023-08-14,Monday,8,2023,Beli perlengkapan alat tulis kursus Data Science kuliah,Gramedia,Pendidikan,2881000,Pengeluaran,0,OVO,Online,0,Bengkulu
TRX03977,2026-04-17,Friday,4,2026,Beli masker dan obat flu & pusing untuk stok rumah,Halodoc,Kesehatan,810000,Pengeluaran,0,Tunai,Offline,1,Malang
TRX03978,2025-04-17,Thursday,4,2025,Mampir beli nasi goreng sama minuman segar,KFC,Makanan & Minuman,131000,Pengeluaran,0,BNI,Online,0,Bogor
TRX03979,2025-10-23,Thursday,10,2025,Pembayaran paket langganan listrik PLN kecepatan tinggi,PDAM,Utilitas,178000,Pengeluaran,0,GoPay,Online,0,Bogor
TRX03980,2025-02-13,Thursday,2,2025,Pembelian aset saham blue chip untuk tabungan masa depan,Indodax,Investasi,2091000,Pengeluaran,0,OVO,Online,0,Denpasar
TRX03981,2026-02-04,Wednesday,2,2026,Penerimaan insentif proyek masuk ke rekening utama,PT Teknologi Karya,Gaji,4983000,Pemasukan,1,Mandiri,Online,0,Semarang
TRX03982,2023-06-10,Saturday,6,2023,Beli baju kaos baru via e-commerce,Shopee,Belanja,237000,Pengeluaran,0,Tunai,Offline,1,Bogor
TRX03983,2026-02-25,Wednesday,2,2026,Transfer gaji pokok atas hasil kerja keras sebulan,PT Sukses Bersama,Gaji,6315000,Pemasukan,1,Mandiri,Online,0,Bandung
TRX03984,2024-10-06,Sunday,10,2024,Penerimaan payroll bulanan masuk ke rekening utama,Client Freelance,Gaji,13648000,Pemasukan,1,QRIS,Online,0,Yogyakarta
TRX03985,2023-03-20,Monday,3,2023,Pembayaran paket langganan listrik PLN kecepatan tinggi,XL Axiata,Utilitas,331000,Pengeluaran,0,BCA,Online,0,Tangerang
TRX03986,2025-03-02,Sunday,3,2025,Isi ulang pulsa dan kuota gas LPG harian,Telkomsel,Utilitas,589000,Pengeluaran,0,Mandiri,Online,0,Surabaya
TRX03987,2023-02-14,Tuesday,2,2023,Makan malam boba tea bareng keluarga,Chatime,Makanan & Minuman,84000,Pengeluaran,0,BRI,Online,0,Tangerang
TRX03988,2023-11-09,Thursday,11,2023,Pelunasan iuran gas LPG biar aliran tetap lancar,Pertagas,Utilitas,105000,Pengeluaran,0,DANA,Online,0,Bekasi
TRX03989,2024-07-02,Tuesday,7,2024,Mampir beli soto betawi sama minuman segar,Bakso Pak Kumis,Makanan & Minuman,81000,Pengeluaran,0,ShopeePay,Online,0,Yogyakarta
TRX03990,2023-01-08,Sunday,1,2023,Pencairan honor bonus tahunan proyek freelance,PT Teknologi Karya,Gaji,6991000,Pemasukan,1,Mandiri,Online,0,Palembang
TRX03991,2026-06-13,Saturday,6,2026,Beli roti sobek dan perlengkapan rumah tangga,Tokopedia,Belanja,170000,Pengeluaran,0,Tunai,Offline,1,Palembang
TRX03992,2023-02-04,Saturday,2,2023,Checkout soto betawi promo diskon sore hari,Solaria,Makanan & Minuman,74000,Pengeluaran,0,ShopeePay,Online,0,Jakarta
TRX03993,2024-12-13,Friday,12,2024,Bayar tagihan air PDAM bulanan rumah tangga,XL Axiata,Utilitas,87000,Pengeluaran,0,BNI,Online,0,Jakarta
TRX03994,2025-12-29,Monday,12,2025,Bonus kinerja dan insentif proyek dari perusahaan,PT Sukses Bersama,Gaji,6600000,Pemasukan,1,BRI,Online,0,Makassar
TRX03995,2024-04-07,Sunday,4,2024,Belanja kebutuhan harian snack & mie instan di Hypermart,Hypermart,Belanja,150000,Pengeluaran,0,QRIS,Online,0,Denpasar
TRX03996,2025-03-30,Sunday,3,2025,Isi ulang pulsa dan kuota gas LPG harian,Telkomsel,Utilitas,581000,Pengeluaran,0,QRIS,Online,0,Denpasar
TRX03997,2024-05-31,Friday,5,2024,Bayar rekening listrik PLN tepat waktu di Pertagas,Pertagas,Utilitas,302000,Pengeluaran,0,OVO,Online,0,Tangerang
TRX03998,2023-08-07,Monday,8,2023,Jajanan soto betawi pas nongkrong malam minggu,Gacoan,Makanan & Minuman,16000,Pengeluaran,0,DANA,Online,0,Yogyakarta
TRX03999,2024-03-30,Saturday,3,2024,Transfer payroll bulanan atas hasil kerja keras sebulan,PT Sukses Bersama,Gaji,9964000,Pemasukan,1,Mandiri,Online,0,Bogor
TRX04000,2023-03-17,Friday,3,2023,Belanja kebutuhan harian baju kaos di Indomaret,Indomaret,Belanja,930000,Pengeluaran,0,Tunai,Offline,1,Bekasi
TRX04001,2025-05-16,Friday,5,2025,Beli masker dan skincare & sabun cuci muka untuk stok rumah,Kimia Farma,Kesehatan,54000,Pengeluaran,0,Tunai,Offline,1,Surabaya
TRX04002,2024-07-02,Tuesday,7,2024,Beli minyak goreng dan perlengkapan rumah tangga,Indomaret,Belanja,891000,Pengeluaran,0,Mandiri,Online,0,Medan
TRX04003,2024-04-22,Monday,4,2024,Pencairan honor insentif proyek proyek freelance,Bank Central,Gaji,16841000,Pemasukan,1,GoPay,Online,0,Makassar
TRX04004,2023-11-28,Tuesday,11,2023,Beli soto betawi di KFC bareng teman,KFC,Makanan & Minuman,224000,Pengeluaran,0,Tunai,Offline,1,Medan
TRX04005,2025-01-07,Tuesday,1,2025,Mampir beli nasi goreng sama minuman segar,Gacoan,Makanan & Minuman,173000,Pengeluaran,0,BRI,Online,0,Palembang
TRX04006,2026-07-07,Tuesday,7,2026,Pengeluaran bulanan beli casing hp di Uniqlo,Uniqlo,Belanja,815000,Pengeluaran,0,DANA,Online,0,Bengkulu
TRX04007,2025-07-23,Wednesday,7,2025,Mampir beli kopi susu sama minuman segar,Kopi Kenangan,Makanan & Minuman,210000,Pengeluaran,0,BRI,Online,0,Semarang
TRX04008,2025-11-03,Monday,11,2025,Bayar rekening air PDAM tepat waktu di Indihome,Indihome,Utilitas,407000,Pengeluaran,0,ShopeePay,Online,0,Palembang
TRX04009,2024-11-05,Tuesday,11,2024,Alokasi investasi berkala saham blue chip,Bareksa,Investasi,2798000,Pengeluaran,0,OVO,Online,0,Denpasar
TRX04010,2025-07-17,Thursday,7,2025,Gaji pokok bulanan dari PT Sukses Bersama,PT Sukses Bersama,Gaji,12461000,Pemasukan,1,Mandiri,Online,0,Tangerang
TRX04011,2023-09-12,Tuesday,9,2023,Beli tiket masuk wahana rekreasi sama teman-teman,Netflix,Hiburan,255000,Pengeluaran,0,BCA,Online,0,Palembang
TRX04012,2023-01-13,Friday,1,2023,Mampir minimarket beli baju kaos stok mingguan,Lazada,Belanja,493000,Pengeluaran,0,DANA,Online,0,Malang
TRX04013,2023-09-14,Thursday,9,2023,Pesan mie ayam via aplikasi pesan antar makanan,KFC,Makanan & Minuman,101000,Pengeluaran,0,Tunai,Offline,1,Bekasi
TRX04014,2026-04-18,Saturday,4,2026,Pelunasan iuran wifi internet biar aliran tetap lancar,Biznet,Utilitas,452000,Pengeluaran,0,QRIS,Online,0,Palembang
TRX04015,2024-03-03,Sunday,3,2024,Tebus resep obat minyak kayu putih di apotek langganan,Century,Kesehatan,45000,Pengeluaran,0,Tunai,Offline,1,Semarang
TRX04016,2026-07-10,Friday,7,2026,Penerimaan honor freelance masuk ke rekening utama,PT Sukses Bersama,Gaji,11062000,Pemasukan,1,Mandiri,Online,0,Semarang
TRX04017,2023-09-28,Thursday,9,2023,Isi ulang pulsa dan kuota gas LPG harian,PDAM,Utilitas,457000,Pengeluaran,0,BRI,Online,0,Makassar
TRX04018,2024-10-21,Monday,10,2024,Beli boba tea di Gacoan bareng teman,Gacoan,Makanan & Minuman,174000,Pengeluaran,0,OVO,Online,0,Jakarta
TRX04019,2023-01-15,Sunday,1,2023,Beli bakso urat di KFC bareng teman,KFC,Makanan & Minuman,36000,Pengeluaran,0,OVO,Online,0,Surabaya
TRX04020,2025-04-30,Wednesday,4,2025,Bayar sarapan soto betawi di warung langganan,Sederhana,Makanan & Minuman,158000,Pengeluaran,0,QRIS,Online,0,Tangerang
TRX04021,2026-06-30,Tuesday,6,2026,Penerimaan bonus tahunan masuk ke rekening utama,PT Nusantara Digital,Gaji,11069000,Pemasukan,1,BCA,Online,0,Jakarta
TRX04022,2026-02-12,Thursday,2,2026,Pelunasan iuran gas LPG biar aliran tetap lancar,Biznet,Utilitas,434000,Pengeluaran,0,BCA,Online,0,Tangerang
TRX04023,2026-02-22,Sunday,2,2026,Bayar langganan bulanan Netflix 1 bulan streaming,Netflix,Hiburan,375000,Pengeluaran,0,Mandiri,Online,0,Surabaya
TRX04024,2023-05-06,Saturday,5,2023,Mampir minimarket beli baju kaos stok mingguan,Superindo,Belanja,979000,Pengeluaran,0,Mandiri,Online,0,Bengkulu
TRX04025,2025-04-25,Friday,4,2025,Beli tiket masuk game Steam sama teman-teman,Spotify,Hiburan,65000,Pengeluaran,0,BRI,Online,0,Bandung
TRX04026,2023-05-28,Sunday,5,2023,Bayar ongkos bensin Pertamax berangkat kerja di Maxim,Maxim,Transportasi,115000,Pengeluaran,0,Mandiri,Online,0,Tangerang
TRX04027,2023-06-17,Saturday,6,2023,Bayar tagihan wifi internet bulanan rumah tangga,XL Axiata,Utilitas,542000,Pengeluaran,0,OVO,Online,0,Surabaya
TRX04028,2026-07-13,Monday,7,2026,Gaji pokok bulanan dari PT Teknologi Karya,PT Teknologi Karya,Gaji,9712000,Pemasukan,1,OVO,Online,0,Semarang
TRX04029,2023-08-27,Sunday,8,2023,Beli bensin e-toll di SPBU langganan,Bluebird,Transportasi,118000,Pengeluaran,0,ShopeePay,Online,0,Medan
TRX04030,2024-10-10,Thursday,10,2024,Beli buku sertifikasi AI di Kampus Universitas,Kampus Universitas,Pendidikan,1795000,Pengeluaran,0,DANA,Online,0,Palembang
TRX04031,2024-07-14,Sunday,7,2024,Bayar sarapan ayam geprek di warung langganan,Bakso Pak Kumis,Makanan & Minuman,215000,Pengeluaran,0,BNI,Online,0,Bekasi
TRX04032,2026-03-16,Monday,3,2026,Beli bensin tiket KRL di SPBU langganan,Maxim,Transportasi,146000,Pengeluaran,0,BRI,Online,0,Depok
TRX04033,2026-07-24,Friday,7,2026,Beli resep suplemen imun dan vitamin di RS Siloam,RS Siloam,Kesehatan,209000,Pengeluaran,0,Mandiri,Online,0,Yogyakarta
TRX04034,2026-04-09,Thursday,4,2026,Beli titipan minyak goreng pakai voucher belanja,Matahari,Belanja,363000,Pengeluaran,0,GoPay,Online,0,Bandung
TRX04035,2026-06-13,Saturday,6,2026,Beli snack & mie instan dan perlengkapan rumah tangga,Superindo,Belanja,1090000,Pengeluaran,0,Mandiri,Online,0,Tangerang
TRX04036,2026-07-13,Monday,7,2026,Beli roti sobek baru via e-commerce,Lazada,Belanja,256000,Pengeluaran,0,BNI,Online,0,Surabaya
TRX04037,2024-09-25,Wednesday,9,2024,Beli resep vitamin C dan vitamin di Apotek K-24,Apotek K-24,Kesehatan,466000,Pengeluaran,0,ShopeePay,Online,0,Jakarta
TRX04038,2024-10-18,Friday,10,2024,Pelunasan iuran listrik PLN biar aliran tetap lancar,Pertagas,Utilitas,374000,Pengeluaran,0,GoPay,Online,0,Malang
TRX04039,2023-04-25,Tuesday,4,2023,Top up saldo kartu e-money untuk bensin Pertamax,Bluebird,Transportasi,145000,Pengeluaran,0,DANA,Online,0,Depok
TRX04040,2026-06-02,Tuesday,6,2026,Makan pizza pas jam istirahat kantor,Warung Makan,Makanan & Minuman,191000,Pengeluaran,0,Tunai,Offline,1,Bekasi
TRX04041,2024-06-29,Saturday,6,2024,Beli instrumen investasi obligasi negara bulanan,Bareksa,Investasi,576000,Pengeluaran,0,OVO,Online,0,Bandung
TRX04042,2025-03-23,Sunday,3,2025,Checkout casing hp pas diskon tanggal kembar,Alfamart,Belanja,414000,Pengeluaran,0,QRIS,Online,0,Surabaya
TRX04043,2026-01-01,Thursday,1,2026,Beli perlengkapan minyak kayu putih dan obat flu,Apotek K-24,Kesehatan,382000,Pengeluaran,0,DANA,Online,0,Yogyakarta
TRX04044,2024-04-10,Wednesday,4,2024,Pesan kendaraan online e-toll pas hujan,KAI,Transportasi,135000,Pengeluaran,0,GoPay,Online,0,Tangerang
TRX04045,2024-12-10,Tuesday,12,2024,Jajanan sate ayam pas nongkrong malam minggu,McDonalds,Makanan & Minuman,83000,Pengeluaran,0,BNI,Online,0,Surabaya
TRX04046,2025-09-08,Monday,9,2025,Penerimaan honor freelance masuk ke rekening utama,Client Freelance,Gaji,10657000,Pemasukan,1,ShopeePay,Online,0,Palembang
TRX04047,2023-10-31,Tuesday,10,2023,Alokasi investasi berkala obligasi negara,Stockbit,Investasi,526000,Pengeluaran,0,BNI,Online,0,Bandung
TRX04048,2025-01-17,Friday,1,2025,Beli instrumen investasi saham blue chip bulanan,Ajaib,Investasi,951000,Pengeluaran,0,BCA,Online,0,Tangerang
TRX04049,2023-01-30,Monday,1,2023,Beli token pulsa HP prabayar via m-banking,M3 Ooredoo,Utilitas,82000,Pengeluaran,0,ShopeePay,Online,0,Bekasi
TRX04050,2023-10-27,Friday,10,2023,Pencairan honor insentif proyek proyek freelance,PT Teknologi Karya,Gaji,8065000,Pemasukan,1,ShopeePay,Online,0,Yogyakarta
TRX04051,2024-04-02,Tuesday,4,2024,Top up reksa dana reksa dana pasar uang di Bareksa,Bareksa,Investasi,2032000,Pengeluaran,0,ShopeePay,Online,0,Denpasar
TRX04052,2024-02-20,Tuesday,2,2024,Makan malam kopi susu bareng keluarga,Kopi Kenangan,Makanan & Minuman,105000,Pengeluaran,0,QRIS,Online,0,Denpasar
TRX04053,2024-12-15,Sunday,12,2024,Pesan soto betawi via aplikasi pesan antar makanan,Gacoan,Makanan & Minuman,16000,Pengeluaran,0,Tunai,Offline,1,Yogyakarta
TRX04054,2023-02-16,Thursday,2,2023,Isi ulang pulsa dan kuota gas LPG harian,Indihome,Utilitas,309000,Pengeluaran,0,BNI,Online,0,Palembang
TRX04055,2023-11-25,Saturday,11,2023,Bayar rekening air PDAM tepat waktu di XL Axiata,XL Axiata,Utilitas,455000,Pengeluaran,0,GoPay,Online,0,Surabaya
TRX04056,2023-11-18,Saturday,11,2023,Transfer insentif proyek atas hasil kerja keras sebulan,PT Sukses Bersama,Gaji,6494000,Pemasukan,1,BCA,Online,0,Jakarta
TRX04057,2025-01-14,Tuesday,1,2025,Beli tiket nonton wahana rekreasi di CGV,CGV,Hiburan,346000,Pengeluaran,0,QRIS,Online,0,Bekasi
TRX04058,2026-01-06,Tuesday,1,2026,Top up saldo kartu e-money untuk bensin Pertamax,Maxim,Transportasi,54000,Pengeluaran,0,Mandiri,Online,0,Bekasi
TRX04059,2023-04-08,Saturday,4,2023,Jajanan nasi goreng pas nongkrong malam minggu,Solaria,Makanan & Minuman,49000,Pengeluaran,0,Tunai,Offline,1,Makassar
TRX04060,2023-03-20,Monday,3,2023,Beli kopi susu di Mixue bareng teman,Mixue,Makanan & Minuman,195000,Pengeluaran,0,QRIS,Online,0,Bengkulu
TRX04061,2023-10-19,Thursday,10,2023,Bayar langganan bulanan game Steam streaming,PlayStation Store,Hiburan,263000,Pengeluaran,0,GoPay,Online,0,Tangerang
TRX04062,2024-02-24,Saturday,2,2024,Gaji pokok bulanan dari Client Freelance,Client Freelance,Gaji,4487000,Pemasukan,1,BNI,Online,0,Bogor
TRX04063,2025-05-01,Thursday,5,2025,Top up saldo kartu e-money untuk ojek online,KAI,Transportasi,119000,Pengeluaran,0,OVO,Online,0,Bogor
TRX04064,2026-02-17,Tuesday,2,2026,Beli token listrik PLN prabayar via m-banking,Telkomsel,Utilitas,261000,Pengeluaran,0,BCA,Online,0,Semarang
TRX04065,2025-02-04,Tuesday,2,2025,Belanja kebutuhan harian baju kaos di Superindo,Superindo,Belanja,822000,Pengeluaran,0,Tunai,Offline,1,Palembang
TRX04066,2024-06-24,Monday,6,2024,Pencairan honor gaji pokok proyek freelance,PT Nusantara Digital,Gaji,12917000,Pemasukan,1,QRIS,Online,0,Tangerang
TRX04067,2024-11-09,Saturday,11,2024,Bayar rekening wifi internet tepat waktu di PDAM,PDAM,Utilitas,147000,Pengeluaran,0,DANA,Online,0,Palembang
TRX04068,2024-09-05,Thursday,9,2024,Beli ayam geprek di Solaria bareng teman,Solaria,Makanan & Minuman,165000,Pengeluaran,0,Tunai,Offline,1,Surabaya
TRX04069,2023-09-01,Friday,9,2023,Pengeluaran bulanan beli detergen & sabun di Uniqlo,Uniqlo,Belanja,860000,Pengeluaran,0,OVO,Online,0,Surabaya
TRX04070,2024-02-04,Sunday,2,2024,Checkout boba tea promo diskon sore hari,McDonalds,Makanan & Minuman,55000,Pengeluaran,0,BRI,Online,0,Bandung
TRX04071,2026-02-05,Thursday,2,2026,Langganan platform belajar sertifikasi AI,Udemy,Pendidikan,890000,Pengeluaran,0,DANA,Online,0,Bengkulu
TRX04072,2025-06-30,Monday,6,2025,Transfer insentif proyek atas hasil kerja keras sebulan,PT Teknologi Karya,Gaji,5376000,Pemasukan,1,QRIS,Online,0,Yogyakarta
TRX04073,2025-04-08,Tuesday,4,2025,Checkout kopi susu promo diskon sore hari,Warung Makan,Makanan & Minuman,26000,Pengeluaran,0,BNI,Online,0,Surabaya
TRX04074,2024-11-06,Wednesday,11,2024,Beli tiket tiket KRL pulang pergi luar kota,MyPertamina,Transportasi,185000,Pengeluaran,0,OVO,Online,0,Bogor
TRX04075,2024-01-07,Sunday,1,2024,Bayar tagihan pulsa HP bulanan rumah tangga,Indihome,Utilitas,276000,Pengeluaran,0,BNI,Online,0,Yogyakarta
TRX04076,2024-07-19,Friday,7,2024,Bayar tagihan air PDAM bulanan rumah tangga,PLN,Utilitas,310000,Pengeluaran,0,GoPay,Online,0,Tangerang
TRX04077,2025-12-28,Sunday,12,2025,Langganan fitur premium film bioskop XXI bulanan,Steam,Hiburan,271000,Pengeluaran,0,BNI,Online,0,Bogor
TRX04078,2026-01-18,Sunday,1,2026,Checkout sepatu sneaker pas diskon tanggal kembar,Superindo,Belanja,475000,Pengeluaran,0,GoPay,Online,0,Bekasi
TRX04079,2024-08-27,Tuesday,8,2024,Gaji pokok bulanan dari PT Sukses Bersama,PT Sukses Bersama,Gaji,4980000,Pemasukan,1,GoPay,Online,0,Bekasi
TRX04080,2024-12-23,Monday,12,2024,Isi ulang pulsa dan kuota wifi internet harian,Pertagas,Utilitas,557000,Pengeluaran,0,BNI,Online,0,Surabaya
TRX04081,2024-01-21,Sunday,1,2024,Bayar konsultasi dokter dan beli minyak kayu putih,Century,Kesehatan,48000,Pengeluaran,0,GoPay,Online,0,Yogyakarta
TRX04082,2025-04-23,Wednesday,4,2025,Sewa akomodasi perjalanan tiket kereta api luar kota,Garuda Indonesia,Perjalanan,1152000,Pengeluaran,0,BNI,Online,0,Palembang
TRX04083,2023-01-02,Monday,1,2023,Pembayaran paket langganan gas LPG kecepatan tinggi,M3 Ooredoo,Utilitas,525000,Pengeluaran,0,BCA,Online,0,Tangerang
TRX04084,2023-08-12,Saturday,8,2023,Bayar langganan bulanan Netflix 1 bulan streaming,PlayStation Store,Hiburan,89000,Pengeluaran,0,Mandiri,Online,0,Medan
TRX04085,2025-02-15,Saturday,2,2025,Bayar ongkos ojek online berangkat kerja di Bluebird,Bluebird,Transportasi,141000,Pengeluaran,0,Mandiri,Online,0,Semarang
TRX04086,2025-07-28,Monday,7,2025,Pengeluaran bulanan beli sepatu sneaker di Indomaret,Indomaret,Belanja,1064000,Pengeluaran,0,ShopeePay,Online,0,Malang
TRX04087,2026-06-18,Thursday,6,2026,Pesan kendaraan online taksi online pas hujan,Gojek,Transportasi,109000,Pengeluaran,0,BNI,Online,0,Bekasi
TRX04088,2023-08-28,Monday,8,2023,Beli tiket e-toll pulang pergi luar kota,TransJakarta,Transportasi,42000,Pengeluaran,0,DANA,Online,0,Surabaya
TRX04089,2026-07-21,Tuesday,7,2026,Beli buku buku novel & komik di Udemy,Udemy,Pendidikan,3307000,Pengeluaran,0,Mandiri,Online,0,Medan
TRX04090,2025-12-02,Tuesday,12,2025,Transfer payroll bulanan atas hasil kerja keras sebulan,Bank Central,Gaji,8268000,Pemasukan,1,ShopeePay,Online,0,Makassar
TRX04091,2026-02-22,Sunday,2,2026,Langganan fitur premium Spotify Premium bulanan,Steam,Hiburan,363000,Pengeluaran,0,BNI,Online,0,Denpasar
TRX04092,2024-06-12,Wednesday,6,2024,Sewa kendaraan taksi online untuk perjalanan harian,TransJakarta,Transportasi,72000,Pengeluaran,0,BCA,Online,0,Bekasi
TRX04093,2026-03-10,Tuesday,3,2026,Bayar sarapan soto betawi di warung langganan,Gacoan,Makanan & Minuman,142000,Pengeluaran,0,QRIS,Online,0,Tangerang
TRX04094,2024-07-20,Saturday,7,2024,Beli snack & mie instan dan perlengkapan rumah tangga,Superindo,Belanja,250000,Pengeluaran,0,BCA,Online,0,Yogyakarta
TRX04095,2025-04-05,Saturday,4,2025,Gaji pokok bulanan dari PT Teknologi Karya,PT Teknologi Karya,Gaji,16135000,Pemasukan,1,GoPay,Online,0,Semarang
TRX04096,2024-04-20,Saturday,4,2024,Beli minyak goreng baru via e-commerce,Blibli,Belanja,248000,Pengeluaran,0,BCA,Online,0,Depok
TRX04097,2024-06-14,Friday,6,2024,Bayar sarapan burger di warung langganan,Sederhana,Makanan & Minuman,250000,Pengeluaran,0,GoPay,Online,0,Bengkulu
TRX04098,2026-03-08,Sunday,3,2026,Sewa kendaraan e-toll untuk perjalanan harian,TransJakarta,Transportasi,156000,Pengeluaran,0,OVO,Online,0,Makassar
TRX04099,2025-11-02,Sunday,11,2025,Bayar langganan bulanan wahana rekreasi streaming,Netflix,Hiburan,374000,Pengeluaran,0,DANA,Online,0,Makassar
TRX04100,2025-05-03,Saturday,5,2025,Bonus kinerja dan gaji pokok dari perusahaan,Bank Central,Gaji,19128000,Pemasukan,1,ShopeePay,Online,0,Semarang
TRX04101,2024-03-22,Friday,3,2024,Reservasi paket tur dan liburan hotel & resort,KAI Access,Perjalanan,2024000,Pengeluaran,0,BCA,Online,0,Yogyakarta
TRX04102,2023-07-20,Thursday,7,2023,Tebus resep obat suplemen imun di apotek langganan,RS Siloam,Kesehatan,427000,Pengeluaran,0,Tunai,Offline,1,Depok
TRX04103,2024-01-31,Wednesday,1,2024,Mampir minimarket beli detergen & sabun stok mingguan,Alfamart,Belanja,1065000,Pengeluaran,0,OVO,Online,0,Malang
TRX04104,2023-11-17,Friday,11,2023,Checkout burger promo diskon sore hari,Bakso Pak Kumis,Makanan & Minuman,87000,Pengeluaran,0,Tunai,Offline,1,Depok
TRX04105,2024-01-23,Tuesday,1,2024,Checkout minyak goreng pas diskon tanggal kembar,Matahari,Belanja,1160000,Pengeluaran,0,BCA,Online,0,Bekasi
TRX04106,2024-01-19,Friday,1,2024,Checkout mie ayam promo diskon sore hari,McDonalds,Makanan & Minuman,65000,Pengeluaran,0,Tunai,Offline,1,Medan
TRX04107,2024-10-04,Friday,10,2024,Pesan kendaraan online ojek online pas hujan,MyPertamina,Transportasi,169000,Pengeluaran,0,DANA,Online,0,Bandung
TRX04108,2024-06-21,Friday,6,2024,Gaji pokok bulanan dari PT Nusantara Digital,PT Nusantara Digital,Gaji,7692000,Pemasukan,1,Mandiri,Online,0,Semarang
TRX04109,2025-09-14,Sunday,9,2025,Pembayaran paket langganan pulsa HP kecepatan tinggi,Telkomsel,Utilitas,387000,Pengeluaran,0,BCA,Online,0,Malang
TRX04110,2024-05-12,Sunday,5,2024,Pesan kendaraan online tiket KRL pas hujan,MyPertamina,Transportasi,187000,Pengeluaran,0,DANA,Online,0,Jakarta
TRX04111,2023-11-01,Wednesday,11,2023,Jajanan bakso urat pas nongkrong malam minggu,Solaria,Makanan & Minuman,79000,Pengeluaran,0,Tunai,Offline,1,Palembang
TRX04112,2024-09-25,Wednesday,9,2024,Beli titipan snack & mie instan pakai voucher belanja,Uniqlo,Belanja,987000,Pengeluaran,0,BNI,Online,0,Tangerang
TRX04113,2023-11-24,Friday,11,2023,Makan kopi susu pas jam istirahat kantor,Sederhana,Makanan & Minuman,177000,Pengeluaran,0,Tunai,Offline,1,Bengkulu
TRX04114,2023-01-30,Monday,1,2023,Tebus resep obat obat flu & pusing di apotek langganan,Halodoc,Kesehatan,782000,Pengeluaran,0,BRI,Online,0,Bandung
TRX04115,2023-11-03,Friday,11,2023,Beli buku kursus Data Science di Kampus Universitas,Kampus Universitas,Pendidikan,1593000,Pengeluaran,0,OVO,Online,0,Semarang
TRX04116,2024-08-03,Saturday,8,2024,Pengeluaran bulanan beli casing hp di Uniqlo,Uniqlo,Belanja,33000,Pengeluaran,0,GoPay,Online,0,Makassar
TRX04117,2024-10-25,Friday,10,2024,Beli perlengkapan minyak kayu putih dan obat flu,Halodoc,Kesehatan,82000,Pengeluaran,0,Tunai,Offline,1,Palembang
TRX04118,2024-03-10,Sunday,3,2024,Top up saldo kartu e-money untuk ojek online,Bluebird,Transportasi,137000,Pengeluaran,0,DANA,Online,0,Tangerang
TRX04119,2026-01-08,Thursday,1,2026,Gaji pokok bulanan dari PT Sukses Bersama,PT Sukses Bersama,Gaji,7985000,Pemasukan,1,DANA,Online,0,Palembang
TRX04120,2024-01-28,Sunday,1,2024,Transfer gaji pokok atas hasil kerja keras sebulan,Bank Central,Gaji,16969000,Pemasukan,1,BCA,Online,0,Jakarta
TRX04121,2025-11-30,Sunday,11,2025,Makan malam mie ayam bareng keluarga,Bakso Pak Kumis,Makanan & Minuman,199000,Pengeluaran,0,BRI,Online,0,Palembang
TRX04122,2026-02-26,Thursday,2,2026,Beli ayam geprek di McDonalds bareng teman,McDonalds,Makanan & Minuman,159000,Pengeluaran,0,GoPay,Online,0,Bengkulu
TRX04123,2023-02-17,Friday,2,2023,Mampir minimarket beli detergen & sabun stok mingguan,Blibli,Belanja,971000,Pengeluaran,0,Tunai,Offline,1,Bekasi
TRX04124,2023-05-18,Thursday,5,2023,Beli instrumen investasi reksa dana pasar uang bulanan,Indodax,Investasi,258000,Pengeluaran,0,BCA,Online,0,Medan
TRX04125,2026-04-11,Saturday,4,2026,Beli masker dan skincare & sabun cuci muka untuk stok rumah,Halodoc,Kesehatan,63000,Pengeluaran,0,DANA,Online,0,Depok
TRX04126,2023-12-02,Saturday,12,2023,Beli buku kursus Data Science di Coursera,Coursera,Pendidikan,2357000,Pengeluaran,0,Mandiri,Online,0,Bengkulu
TRX04127,2024-05-01,Wednesday,5,2024,Sewa kendaraan e-toll untuk perjalanan harian,KAI,Transportasi,172000,Pengeluaran,0,BNI,Online,0,Bekasi
TRX04128,2026-05-06,Wednesday,5,2026,Pesan pizza via aplikasi pesan antar makanan,Solaria,Makanan & Minuman,43000,Pengeluaran,0,Tunai,Offline,1,Makassar
TRX04129,2024-04-04,Thursday,4,2024,Pesan ayam geprek via aplikasi pesan antar makanan,KFC,Makanan & Minuman,250000,Pengeluaran,0,BCA,Online,0,Depok
TRX04130,2026-02-19,Thursday,2,2026,Bayar sarapan burger di warung langganan,McDonalds,Makanan & Minuman,182000,Pengeluaran,0,QRIS,Online,0,Bandung
TRX04131,2025-07-18,Friday,7,2025,Beli tiket tiket KRL pulang pergi luar kota,MyPertamina,Transportasi,153000,Pengeluaran,0,GoPay,Online,0,Yogyakarta
TRX04132,2026-01-13,Tuesday,1,2026,Pembayaran paket langganan air PDAM kecepatan tinggi,Pertagas,Utilitas,198000,Pengeluaran,0,BCA,Online,0,Palembang
TRX04133,2024-02-01,Thursday,2,2024,Makan nasi goreng pas jam istirahat kantor,Mixue,Makanan & Minuman,57000,Pengeluaran,0,ShopeePay,Online,0,Jakarta
TRX04134,2024-08-19,Monday,8,2024,Beli minyak goreng baru via e-commerce,Hypermart,Belanja,688000,Pengeluaran,0,Tunai,Offline,1,Depok
TRX04135,2024-07-08,Monday,7,2024,Isi ulang pulsa dan kuota gas LPG harian,PLN,Utilitas,69000,Pengeluaran,0,OVO,Online,0,Depok
TRX04136,2024-06-27,Thursday,6,2024,Checkout minyak goreng pas diskon tanggal kembar,Superindo,Belanja,765000,Pengeluaran,0,DANA,Online,0,Denpasar
TRX04137,2025-08-11,Monday,8,2025,Beli tiket taksi online pulang pergi luar kota,TransJakarta,Transportasi,147000,Pengeluaran,0,QRIS,Online,0,Jakarta
TRX04138,2025-06-23,Monday,6,2025,Makan malam sate ayam bareng keluarga,Sederhana,Makanan & Minuman,96000,Pengeluaran,0,DANA,Online,0,Tangerang
TRX04139,2023-04-19,Wednesday,4,2023,Reservasi paket tur dan liburan tiket pesawat,Traveloka,Perjalanan,1554000,Pengeluaran,0,ShopeePay,Online,0,Semarang
TRX04140,2023-11-14,Tuesday,11,2023,Beli sepatu sneaker baru via e-commerce,Alfamart,Belanja,325000,Pengeluaran,0,BNI,Online,0,Bekasi
TRX04141,2025-02-12,Wednesday,2,2025,Belanja kebutuhan harian detergen & sabun di Blibli,Blibli,Belanja,724000,Pengeluaran,0,Tunai,Offline,1,Yogyakarta
TRX04142,2023-06-02,Friday,6,2023,Transfer gaji pokok atas hasil kerja keras sebulan,Client Freelance,Gaji,16187000,Pemasukan,1,OVO,Online,0,Denpasar
TRX04143,2025-11-21,Friday,11,2025,Makan malam bakso urat bareng keluarga,Bakso Pak Kumis,Makanan & Minuman,111000,Pengeluaran,0,DANA,Online,0,Bogor
TRX04144,2026-03-28,Saturday,3,2026,Bayar konsultasi dokter dan beli obat flu & pusing,Guardian,Kesehatan,507000,Pengeluaran,0,Mandiri,Online,0,Depok
TRX04145,2023-09-10,Sunday,9,2023,Bayar langganan bulanan game Steam streaming,DuFan,Hiburan,315000,Pengeluaran,0,GoPay,Online,0,Medan
TRX04146,2025-02-03,Monday,2,2025,Bonus kinerja dan gaji pokok dari perusahaan,PT Sukses Bersama,Gaji,4090000,Pemasukan,1,BNI,Online,0,Malang
TRX04147,2026-05-21,Thursday,5,2026,Mampir beli burger sama minuman segar,Sederhana,Makanan & Minuman,157000,Pengeluaran,0,Tunai,Offline,1,Yogyakarta
TRX04148,2023-01-06,Friday,1,2023,Beli buku buku novel & komik di Gramedia,Gramedia,Pendidikan,2935000,Pengeluaran,0,ShopeePay,Online,0,Tangerang
TRX04149,2025-03-30,Sunday,3,2025,Beli token wifi internet prabayar via m-banking,PDAM,Utilitas,90000,Pengeluaran,0,DANA,Online,0,Yogyakarta
TRX04150,2023-07-31,Monday,7,2023,Pesan kendaraan online taksi online pas hujan,Gojek,Transportasi,24000,Pengeluaran,0,QRIS,Online,0,Medan
TRX04151,2024-04-05,Friday,4,2024,Pengeluaran bulanan beli minyak goreng di Lazada,Lazada,Belanja,931000,Pengeluaran,0,DANA,Online,0,Bekasi
TRX04152,2023-11-07,Tuesday,11,2023,Penerimaan honor freelance masuk ke rekening utama,PT Sukses Bersama,Gaji,5259000,Pemasukan,1,GoPay,Online,0,Surabaya
TRX04153,2023-07-07,Friday,7,2023,Beli nasi goreng di Sederhana bareng teman,Sederhana,Makanan & Minuman,188000,Pengeluaran,0,BNI,Online,0,Yogyakarta
TRX04154,2026-02-11,Wednesday,2,2026,Bayar ongkos bensin Pertamax berangkat kerja di Gojek,Gojek,Transportasi,105000,Pengeluaran,0,BCA,Online,0,Bandung
TRX04155,2024-12-13,Friday,12,2024,Gaji pokok bulanan dari Bank Central,Bank Central,Gaji,11024000,Pemasukan,1,BRI,Online,0,Jakarta
TRX04156,2023-06-17,Saturday,6,2023,Jajanan pizza pas nongkrong malam minggu,McDonalds,Makanan & Minuman,108000,Pengeluaran,0,DANA,Online,0,Semarang
TRX04157,2025-08-01,Friday,8,2025,Pencairan honor bonus tahunan proyek freelance,PT Sukses Bersama,Gaji,17336000,Pemasukan,1,GoPay,Online,0,Malang
TRX04158,2025-07-13,Sunday,7,2025,Pesan kendaraan online bensin Pertamax pas hujan,KCI Commuter,Transportasi,48000,Pengeluaran,0,OVO,Online,0,Bengkulu
TRX04159,2026-06-14,Sunday,6,2026,Bayar ongkos bensin Pertamax berangkat kerja di KCI Commuter,KCI Commuter,Transportasi,82000,Pengeluaran,0,BNI,Online,0,Palembang
TRX04160,2024-08-05,Monday,8,2024,Mampir beli soto betawi sama minuman segar,Bakso Pak Kumis,Makanan & Minuman,25000,Pengeluaran,0,GoPay,Online,0,Surabaya
TRX04161,2024-01-20,Saturday,1,2024,Jajanan kopi susu pas nongkrong malam minggu,Sederhana,Makanan & Minuman,217000,Pengeluaran,0,OVO,Online,0,Bekasi
TRX04162,2026-03-20,Friday,3,2026,Beli tiket taksi online pulang pergi luar kota,TransJakarta,Transportasi,39000,Pengeluaran,0,OVO,Online,0,Tangerang
TRX04163,2023-01-10,Tuesday,1,2023,Tebus resep obat skincare & sabun cuci muka di apotek langganan,Halodoc,Kesehatan,815000,Pengeluaran,0,Tunai,Offline,1,Tangerang
TRX04164,2025-07-26,Saturday,7,2025,Beli minyak goreng baru via e-commerce,Alfamart,Belanja,635000,Pengeluaran,0,OVO,Online,0,Denpasar
TRX04165,2025-11-08,Saturday,11,2025,Beli pizza di Chatime bareng teman,Chatime,Makanan & Minuman,146000,Pengeluaran,0,Tunai,Offline,1,Bogor
TRX04166,2024-11-22,Friday,11,2024,Bayar rekening wifi internet tepat waktu di Indihome,Indihome,Utilitas,96000,Pengeluaran,0,GoPay,Online,0,Yogyakarta
TRX04167,2024-06-07,Friday,6,2024,Checkout roti sobek pas diskon tanggal kembar,Alfamart,Belanja,399000,Pengeluaran,0,Mandiri,Online,0,Makassar
TRX04168,2023-10-25,Wednesday,10,2023,Booking penginapan dan hotel hotel & resort liburan,KAI Access,Perjalanan,1254000,Pengeluaran,0,BNI,Online,0,Bekasi
TRX04169,2023-04-27,Thursday,4,2023,Beli buku UKT kuliah di Kampus Universitas,Kampus Universitas,Pendidikan,2288000,Pengeluaran,0,QRIS,Online,0,Palembang
TRX04170,2025-05-18,Sunday,5,2025,Top up voucher game wahana rekreasi pas akhir pekan,Steam,Hiburan,335000,Pengeluaran,0,Mandiri,Online,0,Bogor
TRX04171,2023-12-06,Wednesday,12,2023,Makan malam pizza bareng keluarga,Warung Makan,Makanan & Minuman,45000,Pengeluaran,0,Mandiri,Online,0,Jakarta
TRX04172,2025-07-18,Friday,7,2025,Sewa kendaraan tiket KRL untuk perjalanan harian,KAI,Transportasi,146000,Pengeluaran,0,BCA,Online,0,Depok
TRX04173,2023-03-23,Thursday,3,2023,Top up voucher game Spotify Premium pas akhir pekan,XXI Cinema,Hiburan,109000,Pengeluaran,0,GoPay,Online,0,Malang
TRX04174,2025-10-11,Saturday,10,2025,Transfer gaji pokok atas hasil kerja keras sebulan,PT Teknologi Karya,Gaji,14375000,Pemasukan,1,QRIS,Online,0,Denpasar
TRX04175,2023-12-02,Saturday,12,2023,Beli masker dan suplemen imun untuk stok rumah,Century,Kesehatan,134000,Pengeluaran,0,BRI,Online,0,Surabaya
TRX04176,2024-07-31,Wednesday,7,2024,Bayar rekening gas LPG tepat waktu di Telkomsel,Telkomsel,Utilitas,336000,Pengeluaran,0,DANA,Online,0,Semarang
TRX04177,2025-03-02,Sunday,3,2025,Bayar sarapan pizza di warung langganan,McDonalds,Makanan & Minuman,131000,Pengeluaran,0,DANA,Online,0,Bekasi
TRX04178,2026-01-26,Monday,1,2026,Bayar biaya kursus online buku novel & komik,Penerbit Erlangga,Pendidikan,430000,Pengeluaran,0,QRIS,Online,0,Palembang
TRX04179,2023-06-10,Saturday,6,2023,Pembayaran paket langganan wifi internet kecepatan tinggi,Pertagas,Utilitas,98000,Pengeluaran,0,QRIS,Online,0,Makassar
TRX04180,2023-10-23,Monday,10,2023,Bonus kinerja dan honor freelance dari perusahaan,PT Teknologi Karya,Gaji,17520000,Pemasukan,1,ShopeePay,Online,0,Denpasar
TRX04181,2026-06-21,Sunday,6,2026,Pelunasan iuran pulsa HP biar aliran tetap lancar,Pertagas,Utilitas,350000,Pengeluaran,0,QRIS,Online,0,Makassar
TRX04182,2025-11-16,Sunday,11,2025,Belanja kebutuhan harian snack & mie instan di Blibli,Blibli,Belanja,507000,Pengeluaran,0,BNI,Online,0,Depok
TRX04183,2026-06-04,Thursday,6,2026,Bayar biaya kursus online sertifikasi AI,Ruangguru,Pendidikan,1803000,Pengeluaran,0,BCA,Online,0,Bekasi
TRX04184,2024-11-03,Sunday,11,2024,Alokasi investasi berkala saham blue chip,Stockbit,Investasi,1463000,Pengeluaran,0,BNI,Online,0,Bekasi
TRX04185,2026-04-05,Sunday,4,2026,Beli kopi susu di Solaria bareng teman,Solaria,Makanan & Minuman,43000,Pengeluaran,0,Tunai,Offline,1,Semarang
TRX04186,2025-12-17,Wednesday,12,2025,Beli tas punggung baru via e-commerce,Superindo,Belanja,521000,Pengeluaran,0,GoPay,Online,0,Palembang
TRX04187,2023-09-01,Friday,9,2023,Beli perlengkapan alat tulis UKT kuliah kuliah,Gramedia,Pendidikan,2370000,Pengeluaran,0,OVO,Online,0,Bandung
TRX04188,2023-09-28,Thursday,9,2023,Top up saldo kartu e-money untuk ojek online,KAI,Transportasi,17000,Pengeluaran,0,OVO,Online,0,Makassar
TRX04189,2026-06-10,Wednesday,6,2026,Checkout minyak goreng pas diskon tanggal kembar,Alfamart,Belanja,234000,Pengeluaran,0,BRI,Online,0,Bekasi
TRX04190,2023-09-25,Monday,9,2023,Checkout casing hp pas diskon tanggal kembar,Superindo,Belanja,133000,Pengeluaran,0,Tunai,Offline,1,Yogyakarta
TRX04191,2023-12-27,Wednesday,12,2023,Beli resep suplemen imun dan vitamin di Guardian,Guardian,Kesehatan,579000,Pengeluaran,0,BRI,Online,0,Semarang
TRX04192,2024-09-02,Monday,9,2024,Beli token pulsa HP prabayar via m-banking,M3 Ooredoo,Utilitas,114000,Pengeluaran,0,BNI,Online,0,Bandung
TRX04193,2026-07-05,Sunday,7,2026,Jajanan nasi goreng pas nongkrong malam minggu,Mixue,Makanan & Minuman,154000,Pengeluaran,0,ShopeePay,Online,0,Depok
TRX04194,2025-09-26,Friday,9,2025,Isi ulang pulsa dan kuota pulsa HP harian,PLN,Utilitas,129000,Pengeluaran,0,GoPay,Online,0,Bekasi
TRX04195,2024-09-03,Tuesday,9,2024,Beli minyak goreng baru via e-commerce,Lazada,Belanja,846000,Pengeluaran,0,GoPay,Online,0,Palembang
TRX04196,2024-10-29,Tuesday,10,2024,Beli tiket ojek online pulang pergi luar kota,KCI Commuter,Transportasi,17000,Pengeluaran,0,BRI,Online,0,Bengkulu
TRX04197,2026-02-02,Monday,2,2026,Gaji pokok bulanan dari PT Teknologi Karya,PT Teknologi Karya,Gaji,5991000,Pemasukan,1,BRI,Online,0,Depok
TRX04198,2025-12-07,Sunday,12,2025,Beli tiket taksi online pulang pergi luar kota,Bluebird,Transportasi,20000,Pengeluaran,0,GoPay,Online,0,Bogor
TRX04199,2026-06-10,Wednesday,6,2026,Checkout snack & mie instan pas diskon tanggal kembar,Matahari,Belanja,1124000,Pengeluaran,0,BRI,Online,0,Bekasi
TRX04200,2025-12-26,Friday,12,2025,Sewa akomodasi perjalanan hotel & resort luar kota,Garuda Indonesia,Perjalanan,1562000,Pengeluaran,0,BCA,Online,0,Medan
TRX04201,2023-06-12,Monday,6,2023,Pencairan honor payroll bulanan proyek freelance,PT Teknologi Karya,Gaji,18582000,Pemasukan,1,BNI,Online,0,Tangerang
TRX04202,2023-12-10,Sunday,12,2023,Bayar sarapan nasi goreng di warung langganan,McDonalds,Makanan & Minuman,237000,Pengeluaran,0,OVO,Online,0,Denpasar
TRX04203,2025-06-12,Thursday,6,2025,Reservasi paket tur dan liburan villa pantai,Tiket.com,Perjalanan,3488000,Pengeluaran,0,BRI,Online,0,Palembang
TRX04204,2026-01-14,Wednesday,1,2026,Top up saldo kartu e-money untuk bensin Pertamax,MyPertamina,Transportasi,46000,Pengeluaran,0,ShopeePay,Online,0,Yogyakarta
TRX04205,2025-02-14,Friday,2,2025,Beli tiket pesawat tiket pesawat di KAI Access,KAI Access,Perjalanan,351000,Pengeluaran,0,ShopeePay,Online,0,Depok
TRX04206,2025-09-16,Tuesday,9,2025,Mampir minimarket beli snack & mie instan stok mingguan,Shopee,Belanja,188000,Pengeluaran,0,BCA,Online,0,Palembang
TRX04207,2024-01-08,Monday,1,2024,Transfer bonus tahunan atas hasil kerja keras sebulan,PT Teknologi Karya,Gaji,14869000,Pemasukan,1,GoPay,Online,0,Yogyakarta
TRX04208,2024-05-12,Sunday,5,2024,Checkout sepatu sneaker pas diskon tanggal kembar,Hypermart,Belanja,289000,Pengeluaran,0,DANA,Online,0,Yogyakarta
TRX04209,2023-03-16,Thursday,3,2023,Checkout kopi susu promo diskon sore hari,Warung Makan,Makanan & Minuman,150000,Pengeluaran,0,DANA,Online,0,Medan
TRX04210,2023-05-05,Friday,5,2023,Beli instrumen investasi saham blue chip bulanan,Stockbit,Investasi,797000,Pengeluaran,0,ShopeePay,Online,0,Makassar
TRX04211,2025-07-06,Sunday,7,2025,Bayar biaya kursus online UKT kuliah,Gramedia,Pendidikan,3330000,Pengeluaran,0,QRIS,Online,0,Jakarta
TRX04212,2023-11-09,Thursday,11,2023,Mampir minimarket beli snack & mie instan stok mingguan,Uniqlo,Belanja,1092000,Pengeluaran,0,Mandiri,Online,0,Malang
TRX04213,2025-07-10,Thursday,7,2025,Top up voucher game film bioskop XXI pas akhir pekan,Netflix,Hiburan,83000,Pengeluaran,0,BNI,Online,0,Palembang
TRX04214,2025-09-03,Wednesday,9,2025,Sewa akomodasi perjalanan hotel & resort luar kota,Lion Air,Perjalanan,3751000,Pengeluaran,0,QRIS,Online,0,Palembang
TRX04215,2025-07-31,Thursday,7,2025,Makan malam boba tea bareng keluarga,Solaria,Makanan & Minuman,170000,Pengeluaran,0,Tunai,Offline,1,Semarang
TRX04216,2025-11-20,Thursday,11,2025,Bonus kinerja dan honor freelance dari perusahaan,PT Sukses Bersama,Gaji,10979000,Pemasukan,1,Mandiri,Online,0,Bandung
TRX04217,2024-01-01,Monday,1,2024,Transfer bonus tahunan atas hasil kerja keras sebulan,PT Nusantara Digital,Gaji,14323000,Pemasukan,1,GoPay,Online,0,Denpasar
TRX04218,2025-08-10,Sunday,8,2025,Beli buku buku koding Python di Coursera,Coursera,Pendidikan,2800000,Pengeluaran,0,OVO,Online,0,Depok
TRX04219,2023-11-28,Tuesday,11,2023,Checkout sate ayam promo diskon sore hari,Sederhana,Makanan & Minuman,164000,Pengeluaran,0,QRIS,Online,0,Bandung
TRX04220,2025-05-13,Tuesday,5,2025,Belanja kebutuhan harian roti sobek di Blibli,Blibli,Belanja,1161000,Pengeluaran,0,Mandiri,Online,0,Jakarta
TRX04221,2023-06-24,Saturday,6,2023,Bayar sarapan kopi susu di warung langganan,Gacoan,Makanan & Minuman,162000,Pengeluaran,0,BNI,Online,0,Medan
TRX04222,2025-10-30,Thursday,10,2025,Pembayaran paket langganan air PDAM kecepatan tinggi,XL Axiata,Utilitas,279000,Pengeluaran,0,Mandiri,Online,0,Makassar
TRX04223,2025-05-18,Sunday,5,2025,Pembayaran paket langganan wifi internet kecepatan tinggi,PLN,Utilitas,127000,Pengeluaran,0,BCA,Online,0,Denpasar
TRX04224,2023-02-04,Saturday,2,2023,Beli instrumen investasi saham blue chip bulanan,Ajaib,Investasi,1972000,Pengeluaran,0,QRIS,Online,0,Bogor
TRX04225,2024-02-09,Friday,2,2024,Checkout detergen & sabun pas diskon tanggal kembar,Blibli,Belanja,946000,Pengeluaran,0,ShopeePay,Online,0,Tangerang
TRX04226,2025-08-01,Friday,8,2025,Checkout mie ayam promo diskon sore hari,Warung Makan,Makanan & Minuman,170000,Pengeluaran,0,GoPay,Online,0,Yogyakarta
TRX04227,2026-04-05,Sunday,4,2026,Bonus kinerja dan insentif proyek dari perusahaan,PT Sukses Bersama,Gaji,14661000,Pemasukan,1,GoPay,Online,0,Malang
TRX04228,2026-03-13,Friday,3,2026,Beli detergen & sabun dan perlengkapan rumah tangga,Uniqlo,Belanja,688000,Pengeluaran,0,Mandiri,Online,0,Bekasi
TRX04229,2026-07-12,Sunday,7,2026,Mampir minimarket beli baju kaos stok mingguan,Matahari,Belanja,259000,Pengeluaran,0,GoPay,Online,0,Depok
TRX04230,2024-08-09,Friday,8,2024,Langganan fitur premium Netflix 1 bulan bulanan,Steam,Hiburan,206000,Pengeluaran,0,BRI,Online,0,Bekasi
TRX04231,2024-10-02,Wednesday,10,2024,Beli ayam geprek di Warung Makan bareng teman,Warung Makan,Makanan & Minuman,131000,Pengeluaran,0,ShopeePay,Online,0,Bengkulu
TRX04232,2025-10-22,Wednesday,10,2025,Checkout mie ayam promo diskon sore hari,KFC,Makanan & Minuman,39000,Pengeluaran,0,BRI,Online,0,Surabaya
TRX04233,2024-09-05,Thursday,9,2024,Beli perlengkapan suplemen imun dan obat flu,Halodoc,Kesehatan,757000,Pengeluaran,0,BRI,Online,0,Jakarta
TRX04234,2024-02-23,Friday,2,2024,Makan malam soto betawi bareng keluarga,McDonalds,Makanan & Minuman,210000,Pengeluaran,0,QRIS,Online,0,Yogyakarta
TRX04235,2024-02-19,Monday,2,2024,Mampir beli ayam geprek sama minuman segar,Mixue,Makanan & Minuman,29000,Pengeluaran,0,Tunai,Offline,1,Bekasi
TRX04236,2025-01-12,Sunday,1,2025,Penerimaan bonus tahunan masuk ke rekening utama,PT Teknologi Karya,Gaji,9022000,Pemasukan,1,QRIS,Online,0,Depok
TRX04237,2024-08-08,Thursday,8,2024,Bayar sarapan pizza di warung langganan,McDonalds,Makanan & Minuman,212000,Pengeluaran,0,QRIS,Online,0,Bengkulu
TRX04238,2023-02-15,Wednesday,2,2023,Penerimaan bonus tahunan masuk ke rekening utama,PT Nusantara Digital,Gaji,4770000,Pemasukan,1,GoPay,Online,0,Bekasi
TRX04239,2023-12-04,Monday,12,2023,Beli minyak goreng baru via e-commerce,Matahari,Belanja,1188000,Pengeluaran,0,Tunai,Offline,1,Jakarta
TRX04240,2024-08-01,Thursday,8,2024,Pembayaran UKT semesteran sertifikasi AI,Coursera,Pendidikan,462000,Pengeluaran,0,BRI,Online,0,Tangerang
TRX04241,2024-04-29,Monday,4,2024,Beli perlengkapan alat tulis UKT kuliah kuliah,Udemy,Pendidikan,133000,Pengeluaran,0,BNI,Online,0,Denpasar
TRX04242,2026-05-02,Saturday,5,2026,Mampir beli kopi susu sama minuman segar,KFC,Makanan & Minuman,204000,Pengeluaran,0,Mandiri,Online,0,Semarang
TRX04243,2025-10-25,Saturday,10,2025,Beli bensin ojek online di SPBU langganan,TransJakarta,Transportasi,64000,Pengeluaran,0,OVO,Online,0,Bekasi
TRX04244,2023-12-27,Wednesday,12,2023,Beli tiket masuk wahana rekreasi sama teman-teman,Netflix,Hiburan,74000,Pengeluaran,0,BRI,Online,0,Yogyakarta
TRX04245,2024-05-04,Saturday,5,2024,Beli titipan baju kaos pakai voucher belanja,Tokopedia,Belanja,263000,Pengeluaran,0,Tunai,Offline,1,Tangerang
TRX04246,2023-12-05,Tuesday,12,2023,Penerimaan payroll bulanan masuk ke rekening utama,PT Teknologi Karya,Gaji,10833000,Pemasukan,1,BCA,Online,0,Surabaya
TRX04247,2024-08-16,Friday,8,2024,Penerimaan payroll bulanan masuk ke rekening utama,PT Sukses Bersama,Gaji,8833000,Pemasukan,1,ShopeePay,Online,0,Malang
TRX04248,2023-04-14,Friday,4,2023,Isi ulang pulsa dan kuota gas LPG harian,PDAM,Utilitas,472000,Pengeluaran,0,QRIS,Online,0,Tangerang
TRX04249,2025-01-08,Wednesday,1,2025,Makan pizza pas jam istirahat kantor,KFC,Makanan & Minuman,188000,Pengeluaran,0,BCA,Online,0,Denpasar
TRX04250,2023-11-12,Sunday,11,2023,Checkout kopi susu promo diskon sore hari,Bakso Pak Kumis,Makanan & Minuman,115000,Pengeluaran,0,Mandiri,Online,0,Surabaya
TRX04251,2025-06-24,Tuesday,6,2025,Alokasi investasi berkala obligasi negara,Bareksa,Investasi,2103000,Pengeluaran,0,BCA,Online,0,Semarang
TRX04252,2023-05-22,Monday,5,2023,Bayar biaya kursus online buku koding Python,Gramedia,Pendidikan,2929000,Pengeluaran,0,ShopeePay,Online,0,Depok
TRX04253,2026-02-27,Friday,2,2026,Jajanan burger pas nongkrong malam minggu,KFC,Makanan & Minuman,89000,Pengeluaran,0,Tunai,Offline,1,Bogor
TRX04254,2023-03-03,Friday,3,2023,Beli ayam geprek di Bakso Pak Kumis bareng teman,Bakso Pak Kumis,Makanan & Minuman,210000,Pengeluaran,0,Mandiri,Online,0,Semarang
TRX04255,2024-06-23,Sunday,6,2024,Bonus kinerja dan gaji pokok dari perusahaan,Client Freelance,Gaji,6010000,Pemasukan,1,QRIS,Online,0,Depok
TRX04256,2025-11-29,Saturday,11,2025,Bayar tagihan wifi internet bulanan rumah tangga,XL Axiata,Utilitas,557000,Pengeluaran,0,DANA,Online,0,Makassar
TRX04257,2023-11-11,Saturday,11,2023,Checkout sepatu sneaker pas diskon tanggal kembar,Blibli,Belanja,179000,Pengeluaran,0,Mandiri,Online,0,Surabaya
TRX04258,2025-03-18,Tuesday,3,2025,Makan soto betawi pas jam istirahat kantor,Bakso Pak Kumis,Makanan & Minuman,38000,Pengeluaran,0,BCA,Online,0,Makassar
TRX04259,2025-06-19,Thursday,6,2025,Reservasi paket tur dan liburan tiket pesawat,Traveloka,Perjalanan,1985000,Pengeluaran,0,BCA,Online,0,Palembang
TRX04260,2025-03-28,Friday,3,2025,Top up voucher game film bioskop XXI pas akhir pekan,CGV,Hiburan,334000,Pengeluaran,0,QRIS,Online,0,Palembang
TRX04261,2026-05-08,Friday,5,2026,Langganan fitur premium Spotify Premium bulanan,Netflix,Hiburan,155000,Pengeluaran,0,BRI,Online,0,Tangerang
TRX04262,2024-05-22,Wednesday,5,2024,Beli nasi goreng di Kopi Kenangan bareng teman,Kopi Kenangan,Makanan & Minuman,141000,Pengeluaran,0,Tunai,Offline,1,Bengkulu
TRX04263,2024-10-13,Sunday,10,2024,Pembayaran paket langganan listrik PLN kecepatan tinggi,PLN,Utilitas,557000,Pengeluaran,0,BNI,Online,0,Semarang
TRX04264,2023-04-10,Monday,4,2023,Beli token air PDAM prabayar via m-banking,Biznet,Utilitas,271000,Pengeluaran,0,QRIS,Online,0,Medan
TRX04265,2023-03-04,Saturday,3,2023,Beli masker dan skincare & sabun cuci muka untuk stok rumah,Alodokter,Kesehatan,826000,Pengeluaran,0,QRIS,Online,0,Depok
TRX04266,2026-01-14,Wednesday,1,2026,Sewa kendaraan e-toll untuk perjalanan harian,KAI,Transportasi,53000,Pengeluaran,0,Mandiri,Online,0,Yogyakarta
TRX04267,2024-11-17,Sunday,11,2024,Bonus kinerja dan payroll bulanan dari perusahaan,PT Nusantara Digital,Gaji,9611000,Pemasukan,1,BRI,Online,0,Denpasar
TRX04268,2024-10-27,Sunday,10,2024,Pembayaran UKT semesteran kursus Data Science,Penerbit Erlangga,Pendidikan,2354000,Pengeluaran,0,GoPay,Online,0,Bekasi
TRX04269,2024-07-15,Monday,7,2024,Beli casing hp baru via e-commerce,Indomaret,Belanja,259000,Pengeluaran,0,OVO,Online,0,Tangerang
TRX04270,2023-02-19,Sunday,2,2023,Beli instrumen investasi saham blue chip bulanan,Ajaib,Investasi,1854000,Pengeluaran,0,DANA,Online,0,Denpasar
TRX04271,2026-02-22,Sunday,2,2026,Bayar biaya kursus online buku novel & komik,Kampus Universitas,Pendidikan,1723000,Pengeluaran,0,Mandiri,Online,0,Bandung
TRX04272,2024-05-07,Tuesday,5,2024,Bayar rekening wifi internet tepat waktu di PLN,PLN,Utilitas,291000,Pengeluaran,0,OVO,Online,0,Semarang
TRX04273,2025-06-18,Wednesday,6,2025,Mampir minimarket beli roti sobek stok mingguan,Superindo,Belanja,585000,Pengeluaran,0,DANA,Online,0,Bekasi
TRX04274,2024-06-28,Friday,6,2024,Makan soto betawi pas jam istirahat kantor,Bakso Pak Kumis,Makanan & Minuman,48000,Pengeluaran,0,Tunai,Offline,1,Medan
TRX04275,2023-08-05,Saturday,8,2023,Pembayaran paket langganan air PDAM kecepatan tinggi,M3 Ooredoo,Utilitas,502000,Pengeluaran,0,DANA,Online,0,Palembang
TRX04276,2023-03-18,Saturday,3,2023,Mampir beli burger sama minuman segar,Warung Makan,Makanan & Minuman,16000,Pengeluaran,0,BNI,Online,0,Bekasi
TRX04277,2024-07-05,Friday,7,2024,Mampir minimarket beli minyak goreng stok mingguan,Indomaret,Belanja,390000,Pengeluaran,0,QRIS,Online,0,Bekasi
TRX04278,2024-03-14,Thursday,3,2024,Top up saldo kartu e-money untuk ojek online,Grab,Transportasi,147000,Pengeluaran,0,OVO,Online,0,Surabaya
TRX04279,2023-07-28,Friday,7,2023,Mampir minimarket beli casing hp stok mingguan,Alfamart,Belanja,180000,Pengeluaran,0,Tunai,Offline,1,Malang
TRX04280,2023-12-07,Thursday,12,2023,Beli minyak goreng dan perlengkapan rumah tangga,Alfamart,Belanja,720000,Pengeluaran,0,QRIS,Online,0,Palembang
TRX04281,2024-12-19,Thursday,12,2024,Langganan platform belajar buku novel & komik,Ruangguru,Pendidikan,1110000,Pengeluaran,0,OVO,Online,0,Denpasar
TRX04282,2024-06-07,Friday,6,2024,Beli perlengkapan alat tulis buku novel & komik kuliah,Ruangguru,Pendidikan,466000,Pengeluaran,0,QRIS,Online,0,Tangerang
TRX04283,2023-02-25,Saturday,2,2023,Mampir beli boba tea sama minuman segar,Chatime,Makanan & Minuman,101000,Pengeluaran,0,GoPay,Online,0,Bengkulu
TRX04284,2025-04-20,Sunday,4,2025,Bayar konsultasi dokter dan beli obat flu & pusing,Kimia Farma,Kesehatan,37000,Pengeluaran,0,BNI,Online,0,Malang
TRX04285,2025-04-27,Sunday,4,2025,Bonus kinerja dan bonus tahunan dari perusahaan,PT Teknologi Karya,Gaji,8409000,Pemasukan,1,Mandiri,Online,0,Denpasar
TRX04286,2025-02-09,Sunday,2,2025,Bayar konsultasi dokter dan beli skincare & sabun cuci muka,Alodokter,Kesehatan,737000,Pengeluaran,0,Tunai,Offline,1,Bogor
TRX04287,2025-06-30,Monday,6,2025,Beli tiket taksi online pulang pergi luar kota,KAI,Transportasi,69000,Pengeluaran,0,ShopeePay,Online,0,Makassar
TRX04288,2023-04-24,Monday,4,2023,Top up reksa dana obligasi negara di Ajaib,Ajaib,Investasi,2498000,Pengeluaran,0,Mandiri,Online,0,Semarang
TRX04289,2023-03-02,Thursday,3,2023,Beli resep minyak kayu putih dan vitamin di Century,Century,Kesehatan,446000,Pengeluaran,0,GoPay,Online,0,Jakarta
TRX04290,2026-01-18,Sunday,1,2026,Mampir beli mie ayam sama minuman segar,Bakso Pak Kumis,Makanan & Minuman,234000,Pengeluaran,0,BCA,Online,0,Medan
TRX04291,2024-07-17,Wednesday,7,2024,Beli masker dan skincare & sabun cuci muka untuk stok rumah,Guardian,Kesehatan,308000,Pengeluaran,0,Tunai,Offline,1,Bekasi
TRX04292,2025-08-28,Thursday,8,2025,Tebus resep obat obat flu & pusing di apotek langganan,Kimia Farma,Kesehatan,206000,Pengeluaran,0,GoPay,Online,0,Bekasi
TRX04293,2026-03-26,Thursday,3,2026,Beli titipan snack & mie instan pakai voucher belanja,Indomaret,Belanja,396000,Pengeluaran,0,GoPay,Online,0,Semarang
TRX04294,2024-08-06,Tuesday,8,2024,Pencairan honor honor freelance proyek freelance,Client Freelance,Gaji,14290000,Pemasukan,1,QRIS,Online,0,Bandung
TRX04295,2023-06-23,Friday,6,2023,Sewa akomodasi perjalanan villa pantai luar kota,KAI Access,Perjalanan,3864000,Pengeluaran,0,BRI,Online,0,Yogyakarta
TRX04296,2024-12-03,Tuesday,12,2024,Makan nasi goreng pas jam istirahat kantor,Gacoan,Makanan & Minuman,121000,Pengeluaran,0,BNI,Online,0,Bengkulu
TRX04297,2025-07-04,Friday,7,2025,Mampir beli soto betawi sama minuman segar,Chatime,Makanan & Minuman,193000,Pengeluaran,0,BRI,Online,0,Medan
TRX04298,2024-10-03,Thursday,10,2024,Pencairan honor bonus tahunan proyek freelance,Client Freelance,Gaji,10969000,Pemasukan,1,BRI,Online,0,Palembang
TRX04299,2024-07-24,Wednesday,7,2024,Beli perlengkapan alat tulis sertifikasi AI kuliah,Kampus Universitas,Pendidikan,3042000,Pengeluaran,0,BNI,Online,0,Bengkulu
TRX04300,2023-04-05,Wednesday,4,2023,Jajanan nasi goreng pas nongkrong malam minggu,Kopi Kenangan,Makanan & Minuman,157000,Pengeluaran,0,BNI,Online,0,Bandung
TRX04301,2026-06-29,Monday,6,2026,Mampir minimarket beli tas punggung stok mingguan,Uniqlo,Belanja,178000,Pengeluaran,0,Mandiri,Online,0,Jakarta
TRX04302,2024-07-08,Monday,7,2024,Top up voucher game wahana rekreasi pas akhir pekan,DuFan,Hiburan,316000,Pengeluaran,0,QRIS,Online,0,Surabaya
TRX04303,2024-08-13,Tuesday,8,2024,Checkout boba tea promo diskon sore hari,Bakso Pak Kumis,Makanan & Minuman,213000,Pengeluaran,0,Tunai,Offline,1,Depok
TRX04304,2026-01-14,Wednesday,1,2026,Pesan soto betawi via aplikasi pesan antar makanan,Bakso Pak Kumis,Makanan & Minuman,187000,Pengeluaran,0,DANA,Online,0,Bekasi
TRX04305,2025-01-05,Sunday,1,2025,Langganan fitur premium Spotify Premium bulanan,PlayStation Store,Hiburan,314000,Pengeluaran,0,BNI,Online,0,Bengkulu
TRX04306,2024-03-02,Saturday,3,2024,Checkout mie ayam promo diskon sore hari,McDonalds,Makanan & Minuman,111000,Pengeluaran,0,DANA,Online,0,Bekasi
TRX04307,2025-08-25,Monday,8,2025,Pesan boba tea via aplikasi pesan antar makanan,KFC,Makanan & Minuman,241000,Pengeluaran,0,BNI,Online,0,Bogor
TRX04308,2025-12-10,Wednesday,12,2025,Langganan fitur premium film bioskop XXI bulanan,Netflix,Hiburan,434000,Pengeluaran,0,QRIS,Online,0,Surabaya
TRX04309,2023-01-05,Thursday,1,2023,Isi ulang pulsa dan kuota listrik PLN harian,PDAM,Utilitas,172000,Pengeluaran,0,BNI,Online,0,Semarang
TRX04310,2025-04-01,Tuesday,4,2025,Belanja kebutuhan harian baju kaos di Hypermart,Hypermart,Belanja,1058000,Pengeluaran,0,Tunai,Offline,1,Tangerang
TRX04311,2026-03-26,Thursday,3,2026,Bayar rekening air PDAM tepat waktu di Telkomsel,Telkomsel,Utilitas,359000,Pengeluaran,0,DANA,Online,0,Medan
TRX04312,2025-11-23,Sunday,11,2025,Bayar biaya kursus online UKT kuliah,Penerbit Erlangga,Pendidikan,1087000,Pengeluaran,0,DANA,Online,0,Bekasi
TRX04313,2025-09-15,Monday,9,2025,Reservasi paket tur dan liburan villa pantai,Lion Air,Perjalanan,338000,Pengeluaran,0,BCA,Online,0,Yogyakarta
TRX04314,2026-02-21,Saturday,2,2026,Pelunasan iuran air PDAM biar aliran tetap lancar,PDAM,Utilitas,298000,Pengeluaran,0,BRI,Online,0,Makassar
TRX04315,2023-07-14,Friday,7,2023,Pesan nasi goreng via aplikasi pesan antar makanan,Mixue,Makanan & Minuman,208000,Pengeluaran,0,Tunai,Offline,1,Yogyakarta
TRX04316,2026-03-16,Monday,3,2026,Reservasi paket tur dan liburan villa pantai,Traveloka,Perjalanan,3674000,Pengeluaran,0,BCA,Online,0,Bandung
TRX04317,2026-01-13,Tuesday,1,2026,Beli titipan casing hp pakai voucher belanja,Shopee,Belanja,1194000,Pengeluaran,0,GoPay,Online,0,Yogyakarta
TRX04318,2023-05-10,Wednesday,5,2023,Belanja kebutuhan harian sepatu sneaker di Hypermart,Hypermart,Belanja,27000,Pengeluaran,0,Mandiri,Online,0,Bengkulu
TRX04319,2025-08-25,Monday,8,2025,Jajanan nasi goreng pas nongkrong malam minggu,Sederhana,Makanan & Minuman,26000,Pengeluaran,0,DANA,Online,0,Denpasar
TRX04320,2023-05-05,Friday,5,2023,Pembayaran paket langganan pulsa HP kecepatan tinggi,XL Axiata,Utilitas,280000,Pengeluaran,0,BRI,Online,0,Jakarta
TRX04321,2025-10-18,Saturday,10,2025,Beli masker dan obat flu & pusing untuk stok rumah,RS Siloam,Kesehatan,557000,Pengeluaran,0,Tunai,Offline,1,Denpasar
TRX04322,2024-07-09,Tuesday,7,2024,Transfer honor freelance atas hasil kerja keras sebulan,Client Freelance,Gaji,17926000,Pemasukan,1,OVO,Online,0,Depok
TRX04323,2023-12-27,Wednesday,12,2023,Bonus kinerja dan gaji pokok dari perusahaan,PT Sukses Bersama,Gaji,12884000,Pemasukan,1,QRIS,Online,0,Tangerang
TRX04324,2024-11-27,Wednesday,11,2024,Mampir minimarket beli sepatu sneaker stok mingguan,Blibli,Belanja,989000,Pengeluaran,0,QRIS,Online,0,Surabaya
TRX04325,2026-05-09,Saturday,5,2026,Pembayaran paket langganan pulsa HP kecepatan tinggi,PDAM,Utilitas,327000,Pengeluaran,0,DANA,Online,0,Yogyakarta
TRX04326,2026-03-28,Saturday,3,2026,Beli casing hp dan perlengkapan rumah tangga,Alfamart,Belanja,708000,Pengeluaran,0,BRI,Online,0,Jakarta
TRX04327,2024-01-16,Tuesday,1,2024,Beli roti sobek baru via e-commerce,Tokopedia,Belanja,487000,Pengeluaran,0,Tunai,Offline,1,Bandung
TRX04328,2025-03-07,Friday,3,2025,Gaji pokok bulanan dari PT Sukses Bersama,PT Sukses Bersama,Gaji,15664000,Pemasukan,1,DANA,Online,0,Medan
TRX04329,2024-05-09,Thursday,5,2024,Mampir beli soto betawi sama minuman segar,Gacoan,Makanan & Minuman,213000,Pengeluaran,0,OVO,Online,0,Medan
TRX04330,2024-11-17,Sunday,11,2024,Pesan boba tea via aplikasi pesan antar makanan,Mixue,Makanan & Minuman,180000,Pengeluaran,0,Tunai,Offline,1,Yogyakarta
TRX04331,2025-03-29,Saturday,3,2025,Beli bensin ojek online di SPBU langganan,MyPertamina,Transportasi,97000,Pengeluaran,0,ShopeePay,Online,0,Medan
TRX04332,2025-09-14,Sunday,9,2025,Sewa kendaraan ojek online untuk perjalanan harian,Gojek,Transportasi,101000,Pengeluaran,0,Mandiri,Online,0,Palembang
TRX04333,2025-04-15,Tuesday,4,2025,Gaji pokok bulanan dari PT Teknologi Karya,PT Teknologi Karya,Gaji,19640000,Pemasukan,1,OVO,Online,0,Medan
TRX04334,2024-03-20,Wednesday,3,2024,Sewa akomodasi perjalanan tiket pesawat luar kota,Tiket.com,Perjalanan,3578000,Pengeluaran,0,BRI,Online,0,Tangerang
TRX04335,2025-11-30,Sunday,11,2025,Jajanan kopi susu pas nongkrong malam minggu,McDonalds,Makanan & Minuman,187000,Pengeluaran,0,Tunai,Offline,1,Makassar
TRX04336,2026-04-02,Thursday,4,2026,Bayar sarapan kopi susu di warung langganan,Gacoan,Makanan & Minuman,198000,Pengeluaran,0,BCA,Online,0,Jakarta
TRX04337,2026-01-17,Saturday,1,2026,Sewa kendaraan bensin Pertamax untuk perjalanan harian,KCI Commuter,Transportasi,63000,Pengeluaran,0,QRIS,Online,0,Depok
TRX04338,2023-03-11,Saturday,3,2023,Mampir beli nasi goreng sama minuman segar,Kopi Kenangan,Makanan & Minuman,65000,Pengeluaran,0,Tunai,Offline,1,Depok
TRX04339,2024-02-07,Wednesday,2,2024,Gaji pokok bulanan dari Bank Central,Bank Central,Gaji,12705000,Pemasukan,1,GoPay,Online,0,Palembang
TRX04340,2026-07-23,Thursday,7,2026,Pesan kendaraan online bensin Pertamax pas hujan,Grab,Transportasi,175000,Pengeluaran,0,DANA,Online,0,Depok
TRX04341,2026-01-26,Monday,1,2026,Bonus kinerja dan insentif proyek dari perusahaan,PT Nusantara Digital,Gaji,10680000,Pemasukan,1,DANA,Online,0,Surabaya
TRX04342,2026-04-28,Tuesday,4,2026,Isi ulang pulsa dan kuota listrik PLN harian,M3 Ooredoo,Utilitas,481000,Pengeluaran,0,OVO,Online,0,Denpasar
TRX04343,2023-02-03,Friday,2,2023,Top up voucher game Spotify Premium pas akhir pekan,PlayStation Store,Hiburan,219000,Pengeluaran,0,GoPay,Online,0,Semarang
TRX04344,2024-09-11,Wednesday,9,2024,Pesan kendaraan online ojek online pas hujan,Maxim,Transportasi,135000,Pengeluaran,0,ShopeePay,Online,0,Tangerang
TRX04345,2024-03-31,Sunday,3,2024,Pelunasan iuran pulsa HP biar aliran tetap lancar,Indihome,Utilitas,80000,Pengeluaran,0,GoPay,Online,0,Medan
TRX04346,2023-10-25,Wednesday,10,2023,Pencairan honor bonus tahunan proyek freelance,Client Freelance,Gaji,17546000,Pemasukan,1,ShopeePay,Online,0,Denpasar
TRX04347,2025-01-12,Sunday,1,2025,Pencairan honor bonus tahunan proyek freelance,PT Sukses Bersama,Gaji,10492000,Pemasukan,1,BCA,Online,0,Medan
TRX04348,2026-05-20,Wednesday,5,2026,Beli token gas LPG prabayar via m-banking,Pertagas,Utilitas,266000,Pengeluaran,0,BNI,Online,0,Bekasi
TRX04349,2025-02-01,Saturday,2,2025,Checkout bakso urat promo diskon sore hari,McDonalds,Makanan & Minuman,208000,Pengeluaran,0,OVO,Online,0,Makassar
TRX04350,2025-01-13,Monday,1,2025,Pesan kendaraan online bensin Pertamax pas hujan,Gojek,Transportasi,12000,Pengeluaran,0,OVO,Online,0,Palembang
TRX04351,2025-06-08,Sunday,6,2025,Beli tiket masuk wahana rekreasi sama teman-teman,PlayStation Store,Hiburan,356000,Pengeluaran,0,BCA,Online,0,Palembang
TRX04352,2025-07-26,Saturday,7,2025,Makan malam soto betawi bareng keluarga,Chatime,Makanan & Minuman,135000,Pengeluaran,0,Tunai,Offline,1,Semarang
TRX04353,2026-03-09,Monday,3,2026,Gaji pokok bulanan dari Bank Central,Bank Central,Gaji,8163000,Pemasukan,1,ShopeePay,Online,0,Malang
TRX04354,2025-01-03,Friday,1,2025,Beli bensin ojek online di SPBU langganan,Grab,Transportasi,145000,Pengeluaran,0,GoPay,Online,0,Bandung
TRX04355,2024-09-27,Friday,9,2024,Pesan mie ayam via aplikasi pesan antar makanan,Kopi Kenangan,Makanan & Minuman,54000,Pengeluaran,0,Tunai,Offline,1,Makassar
TRX04356,2026-03-05,Thursday,3,2026,Pesan kendaraan online taksi online pas hujan,KAI,Transportasi,62000,Pengeluaran,0,OVO,Online,0,Medan
TRX04357,2026-05-06,Wednesday,5,2026,Pencairan honor insentif proyek proyek freelance,Bank Central,Gaji,12970000,Pemasukan,1,BCA,Online,0,Medan
TRX04358,2026-02-13,Friday,2,2026,Isi ulang pulsa dan kuota wifi internet harian,M3 Ooredoo,Utilitas,420000,Pengeluaran,0,OVO,Online,0,Tangerang
TRX04359,2025-01-23,Thursday,1,2025,Jajanan nasi goreng pas nongkrong malam minggu,Kopi Kenangan,Makanan & Minuman,70000,Pengeluaran,0,Tunai,Offline,1,Bandung
TRX04360,2023-07-06,Thursday,7,2023,Bayar sarapan soto betawi di warung langganan,McDonalds,Makanan & Minuman,112000,Pengeluaran,0,Mandiri,Online,0,Bengkulu
TRX04361,2023-12-10,Sunday,12,2023,Checkout tas punggung pas diskon tanggal kembar,Hypermart,Belanja,405000,Pengeluaran,0,Tunai,Offline,1,Bekasi
TRX04362,2024-02-23,Friday,2,2024,Beli tas punggung dan perlengkapan rumah tangga,Lazada,Belanja,1180000,Pengeluaran,0,Tunai,Offline,1,Surabaya
TRX04363,2025-05-22,Thursday,5,2025,Pencairan honor gaji pokok proyek freelance,PT Nusantara Digital,Gaji,7558000,Pemasukan,1,BCA,Online,0,Malang
TRX04364,2023-01-22,Sunday,1,2023,Mampir minimarket beli roti sobek stok mingguan,Lazada,Belanja,71000,Pengeluaran,0,Mandiri,Online,0,Bogor
TRX04365,2023-11-12,Sunday,11,2023,Beli titipan tas punggung pakai voucher belanja,Superindo,Belanja,1167000,Pengeluaran,0,Mandiri,Online,0,Bengkulu
TRX04366,2025-08-18,Monday,8,2025,Bayar tagihan wifi internet bulanan rumah tangga,M3 Ooredoo,Utilitas,545000,Pengeluaran,0,OVO,Online,0,Tangerang
TRX04367,2023-04-30,Sunday,4,2023,Beli masker dan obat flu & pusing untuk stok rumah,Century,Kesehatan,232000,Pengeluaran,0,OVO,Online,0,Semarang
TRX04368,2025-01-19,Sunday,1,2025,Penerimaan gaji pokok masuk ke rekening utama,Bank Central,Gaji,12857000,Pemasukan,1,GoPay,Online,0,Tangerang
TRX04369,2025-10-02,Thursday,10,2025,Tebus resep obat skincare & sabun cuci muka di apotek langganan,Guardian,Kesehatan,475000,Pengeluaran,0,QRIS,Online,0,Semarang
TRX04370,2025-10-08,Wednesday,10,2025,Beli masker dan vitamin C untuk stok rumah,Guardian,Kesehatan,481000,Pengeluaran,0,BCA,Online,0,Bekasi
TRX04371,2024-10-28,Monday,10,2024,Checkout nasi goreng promo diskon sore hari,Sederhana,Makanan & Minuman,114000,Pengeluaran,0,BNI,Online,0,Denpasar
TRX04372,2024-01-27,Saturday,1,2024,Mampir minimarket beli tas punggung stok mingguan,Superindo,Belanja,210000,Pengeluaran,0,ShopeePay,Online,0,Denpasar
TRX04373,2024-04-29,Monday,4,2024,Sewa akomodasi perjalanan tiket pesawat luar kota,Agoda,Perjalanan,3206000,Pengeluaran,0,BCA,Online,0,Malang
TRX04374,2025-04-05,Saturday,4,2025,Bayar tagihan gas LPG bulanan rumah tangga,Biznet,Utilitas,454000,Pengeluaran,0,BRI,Online,0,Bekasi
TRX04375,2024-10-24,Thursday,10,2024,Makan malam nasi goreng bareng keluarga,Bakso Pak Kumis,Makanan & Minuman,86000,Pengeluaran,0,BRI,Online,0,Semarang
TRX04376,2024-03-31,Sunday,3,2024,Beli minyak goreng dan perlengkapan rumah tangga,Shopee,Belanja,1107000,Pengeluaran,0,GoPay,Online,0,Bandung
TRX04377,2023-08-18,Friday,8,2023,Makan malam boba tea bareng keluarga,KFC,Makanan & Minuman,23000,Pengeluaran,0,ShopeePay,Online,0,Yogyakarta
TRX04378,2023-05-11,Thursday,5,2023,Bayar sarapan nasi goreng di warung langganan,Mixue,Makanan & Minuman,99000,Pengeluaran,0,OVO,Online,0,Malang
TRX04379,2024-08-18,Sunday,8,2024,Beli snack & mie instan baru via e-commerce,Alfamart,Belanja,145000,Pengeluaran,0,Tunai,Offline,1,Palembang
TRX04380,2024-06-15,Saturday,6,2024,Pengeluaran bulanan beli roti sobek di Blibli,Blibli,Belanja,275000,Pengeluaran,0,BNI,Online,0,Palembang
TRX04381,2023-06-16,Friday,6,2023,Beli boba tea di KFC bareng teman,KFC,Makanan & Minuman,208000,Pengeluaran,0,Tunai,Offline,1,Malang
TRX04382,2025-04-09,Wednesday,4,2025,Top up saldo kartu e-money untuk e-toll,MyPertamina,Transportasi,191000,Pengeluaran,0,ShopeePay,Online,0,Bekasi
TRX04383,2023-05-24,Wednesday,5,2023,Transfer gaji pokok atas hasil kerja keras sebulan,PT Nusantara Digital,Gaji,7518000,Pemasukan,1,GoPay,Online,0,Denpasar
TRX04384,2026-05-18,Monday,5,2026,Pesan boba tea via aplikasi pesan antar makanan,Bakso Pak Kumis,Makanan & Minuman,231000,Pengeluaran,0,OVO,Online,0,Jakarta
TRX04385,2023-07-25,Tuesday,7,2023,Beli perlengkapan skincare & sabun cuci muka dan obat flu,Century,Kesehatan,797000,Pengeluaran,0,Tunai,Offline,1,Bogor
TRX04386,2023-02-23,Thursday,2,2023,Bayar sarapan soto betawi di warung langganan,Warung Makan,Makanan & Minuman,217000,Pengeluaran,0,BNI,Online,0,Depok
TRX04387,2023-03-05,Sunday,3,2023,Jajanan boba tea pas nongkrong malam minggu,Chatime,Makanan & Minuman,39000,Pengeluaran,0,BNI,Online,0,Depok
TRX04388,2025-02-06,Thursday,2,2025,Pembayaran paket langganan listrik PLN kecepatan tinggi,XL Axiata,Utilitas,352000,Pengeluaran,0,BNI,Online,0,Medan
TRX04389,2025-04-01,Tuesday,4,2025,Transfer gaji pokok atas hasil kerja keras sebulan,PT Sukses Bersama,Gaji,14511000,Pemasukan,1,BNI,Online,0,Malang
TRX04390,2023-07-14,Friday,7,2023,Pencairan honor bonus tahunan proyek freelance,Bank Central,Gaji,16993000,Pemasukan,1,ShopeePay,Online,0,Yogyakarta
TRX04391,2023-06-16,Friday,6,2023,Isi ulang pulsa dan kuota listrik PLN harian,Pertagas,Utilitas,57000,Pengeluaran,0,ShopeePay,Online,0,Jakarta
TRX04392,2024-09-29,Sunday,9,2024,Gaji pokok bulanan dari PT Teknologi Karya,PT Teknologi Karya,Gaji,8839000,Pemasukan,1,ShopeePay,Online,0,Depok
TRX04393,2025-01-18,Saturday,1,2025,Makan malam pizza bareng keluarga,KFC,Makanan & Minuman,36000,Pengeluaran,0,Tunai,Offline,1,Malang
TRX04394,2024-03-26,Tuesday,3,2024,Bayar sarapan bakso urat di warung langganan,McDonalds,Makanan & Minuman,86000,Pengeluaran,0,BRI,Online,0,Bandung
TRX04395,2023-03-28,Tuesday,3,2023,Bayar rekening listrik PLN tepat waktu di Telkomsel,Telkomsel,Utilitas,103000,Pengeluaran,0,Mandiri,Online,0,Yogyakarta
TRX04396,2023-05-30,Tuesday,5,2023,Pembayaran UKT semesteran buku novel & komik,Coursera,Pendidikan,2238000,Pengeluaran,0,ShopeePay,Online,0,Makassar
TRX04397,2025-02-28,Friday,2,2025,Beli sate ayam di Kopi Kenangan bareng teman,Kopi Kenangan,Makanan & Minuman,114000,Pengeluaran,0,BNI,Online,0,Bekasi
TRX04398,2024-01-07,Sunday,1,2024,Beli buku kursus Data Science di Penerbit Erlangga,Penerbit Erlangga,Pendidikan,2761000,Pengeluaran,0,Mandiri,Online,0,Depok
TRX04399,2023-05-02,Tuesday,5,2023,Booking penginapan dan hotel tiket kereta api liburan,Lion Air,Perjalanan,3817000,Pengeluaran,0,GoPay,Online,0,Yogyakarta
TRX04400,2023-07-11,Tuesday,7,2023,Makan malam burger bareng keluarga,KFC,Makanan & Minuman,27000,Pengeluaran,0,BNI,Online,0,Denpasar
TRX04401,2023-06-17,Saturday,6,2023,Bayar langganan bulanan Netflix 1 bulan streaming,PlayStation Store,Hiburan,377000,Pengeluaran,0,Mandiri,Online,0,Medan
TRX04402,2023-05-02,Tuesday,5,2023,Jajanan pizza pas nongkrong malam minggu,Warung Makan,Makanan & Minuman,163000,Pengeluaran,0,BRI,Online,0,Jakarta
TRX04403,2025-05-28,Wednesday,5,2025,Beli perlengkapan obat flu & pusing dan obat flu,Apotek K-24,Kesehatan,708000,Pengeluaran,0,OVO,Online,0,Denpasar
TRX04404,2025-10-31,Friday,10,2025,Beli tiket ojek online pulang pergi luar kota,Grab,Transportasi,190000,Pengeluaran,0,OVO,Online,0,Bengkulu
TRX04405,2023-08-09,Wednesday,8,2023,Penerimaan payroll bulanan masuk ke rekening utama,Client Freelance,Gaji,12943000,Pemasukan,1,GoPay,Online,0,Jakarta
TRX04406,2024-12-05,Thursday,12,2024,Beli ayam geprek di KFC bareng teman,KFC,Makanan & Minuman,230000,Pengeluaran,0,Tunai,Offline,1,Palembang
TRX04407,2023-01-13,Friday,1,2023,Bayar tagihan wifi internet bulanan rumah tangga,XL Axiata,Utilitas,63000,Pengeluaran,0,QRIS,Online,0,Semarang
TRX04408,2025-04-13,Sunday,4,2025,Beli masker dan obat flu & pusing untuk stok rumah,Century,Kesehatan,541000,Pengeluaran,0,QRIS,Online,0,Jakarta
TRX04409,2026-02-04,Wednesday,2,2026,Beli masker dan suplemen imun untuk stok rumah,Halodoc,Kesehatan,363000,Pengeluaran,0,GoPay,Online,0,Jakarta
TRX04410,2025-04-07,Monday,4,2025,Beli burger di Warung Makan bareng teman,Warung Makan,Makanan & Minuman,120000,Pengeluaran,0,DANA,Online,0,Semarang
TRX04411,2024-11-28,Thursday,11,2024,Pengeluaran bulanan beli casing hp di Matahari,Matahari,Belanja,1143000,Pengeluaran,0,GoPay,Online,0,Malang
TRX04412,2023-03-25,Saturday,3,2023,Pelunasan iuran gas LPG biar aliran tetap lancar,Indihome,Utilitas,130000,Pengeluaran,0,QRIS,Online,0,Bandung
TRX04413,2026-06-21,Sunday,6,2026,Transfer payroll bulanan atas hasil kerja keras sebulan,PT Sukses Bersama,Gaji,18386000,Pemasukan,1,DANA,Online,0,Depok
TRX04414,2025-06-01,Sunday,6,2025,Mampir beli burger sama minuman segar,Bakso Pak Kumis,Makanan & Minuman,131000,Pengeluaran,0,OVO,Online,0,Malang
TRX04415,2023-06-25,Sunday,6,2023,Bayar langganan bulanan game Steam streaming,DuFan,Hiburan,52000,Pengeluaran,0,BNI,Online,0,Palembang
TRX04416,2024-08-08,Thursday,8,2024,Isi ulang pulsa dan kuota listrik PLN harian,XL Axiata,Utilitas,350000,Pengeluaran,0,OVO,Online,0,Depok
TRX04417,2025-11-28,Friday,11,2025,Beli titipan sepatu sneaker pakai voucher belanja,Alfamart,Belanja,818000,Pengeluaran,0,Tunai,Offline,1,Tangerang
TRX04418,2025-07-02,Wednesday,7,2025,Alokasi investasi berkala reksa dana pasar uang,Bibit,Investasi,1684000,Pengeluaran,0,BRI,Online,0,Tangerang
TRX04419,2026-01-11,Sunday,1,2026,Beli casing hp dan perlengkapan rumah tangga,Alfamart,Belanja,1094000,Pengeluaran,0,Tunai,Offline,1,Tangerang
TRX04420,2025-03-30,Sunday,3,2025,Beli tiket masuk Spotify Premium sama teman-teman,Steam,Hiburan,363000,Pengeluaran,0,BCA,Online,0,Surabaya
TRX04421,2025-03-21,Friday,3,2025,Pengeluaran bulanan beli tas punggung di Tokopedia,Tokopedia,Belanja,1030000,Pengeluaran,0,QRIS,Online,0,Jakarta
TRX04422,2023-11-20,Monday,11,2023,Pesan soto betawi via aplikasi pesan antar makanan,Warung Makan,Makanan & Minuman,67000,Pengeluaran,0,Tunai,Offline,1,Bandung
TRX04423,2024-10-22,Tuesday,10,2024,Checkout kopi susu promo diskon sore hari,McDonalds,Makanan & Minuman,53000,Pengeluaran,0,OVO,Online,0,Bogor
TRX04424,2023-03-11,Saturday,3,2023,Mampir beli burger sama minuman segar,Warung Makan,Makanan & Minuman,168000,Pengeluaran,0,BNI,Online,0,Yogyakarta
TRX04425,2024-01-04,Thursday,1,2024,Pesan boba tea via aplikasi pesan antar makanan,Gacoan,Makanan & Minuman,17000,Pengeluaran,0,Mandiri,Online,0,Makassar
TRX04426,2024-02-12,Monday,2,2024,Beli tiket ojek online pulang pergi luar kota,KAI,Transportasi,79000,Pengeluaran,0,GoPay,Online,0,Depok
TRX04427,2025-04-27,Sunday,4,2025,Bayar sarapan pizza di warung langganan,Sederhana,Makanan & Minuman,88000,Pengeluaran,0,Mandiri,Online,0,Bandung
TRX04428,2023-09-17,Sunday,9,2023,Beli tiket ojek online pulang pergi luar kota,Grab,Transportasi,31000,Pengeluaran,0,BRI,Online,0,Depok
TRX04429,2026-03-31,Tuesday,3,2026,Pengeluaran bulanan beli casing hp di Superindo,Superindo,Belanja,248000,Pengeluaran,0,QRIS,Online,0,Depok
TRX04430,2023-06-03,Saturday,6,2023,Beli tas punggung baru via e-commerce,Alfamart,Belanja,480000,Pengeluaran,0,Mandiri,Online,0,Bengkulu
TRX04431,2026-07-24,Friday,7,2026,Pembayaran paket langganan gas LPG kecepatan tinggi,Pertagas,Utilitas,204000,Pengeluaran,0,QRIS,Online,0,Jakarta
TRX04432,2023-11-01,Wednesday,11,2023,Pesan mie ayam via aplikasi pesan antar makanan,KFC,Makanan & Minuman,73000,Pengeluaran,0,Tunai,Offline,1,Yogyakarta
TRX04433,2026-06-29,Monday,6,2026,Top up reksa dana reksa dana pasar uang di Indodax,Indodax,Investasi,2775000,Pengeluaran,0,BCA,Online,0,Jakarta
TRX04434,2026-03-06,Friday,3,2026,Mampir minimarket beli sepatu sneaker stok mingguan,Superindo,Belanja,729000,Pengeluaran,0,ShopeePay,Online,0,Tangerang
TRX04435,2026-06-16,Tuesday,6,2026,Sewa kendaraan bensin Pertamax untuk perjalanan harian,Bluebird,Transportasi,95000,Pengeluaran,0,GoPay,Online,0,Denpasar
TRX04436,2025-08-27,Wednesday,8,2025,Beli token wifi internet prabayar via m-banking,Telkomsel,Utilitas,477000,Pengeluaran,0,Mandiri,Online,0,Tangerang
TRX04437,2024-09-07,Saturday,9,2024,Bayar rekening air PDAM tepat waktu di Indihome,Indihome,Utilitas,555000,Pengeluaran,0,BRI,Online,0,Makassar
TRX04438,2024-09-28,Saturday,9,2024,Pengeluaran bulanan beli sepatu sneaker di Tokopedia,Tokopedia,Belanja,684000,Pengeluaran,0,Tunai,Offline,1,Surabaya
TRX04439,2023-05-19,Friday,5,2023,Bayar langganan bulanan wahana rekreasi streaming,Steam,Hiburan,313000,Pengeluaran,0,BCA,Online,0,Makassar
TRX04440,2023-04-05,Wednesday,4,2023,Sewa akomodasi perjalanan tiket kereta api luar kota,Agoda,Perjalanan,2187000,Pengeluaran,0,ShopeePay,Online,0,Bekasi
TRX04441,2025-12-15,Monday,12,2025,Beli ayam geprek di Kopi Kenangan bareng teman,Kopi Kenangan,Makanan & Minuman,82000,Pengeluaran,0,DANA,Online,0,Palembang
TRX04442,2025-02-16,Sunday,2,2025,Langganan platform belajar buku koding Python,Penerbit Erlangga,Pendidikan,626000,Pengeluaran,0,ShopeePay,Online,0,Denpasar
TRX04443,2025-10-11,Saturday,10,2025,Belanja kebutuhan harian tas punggung di Lazada,Lazada,Belanja,289000,Pengeluaran,0,Tunai,Offline,1,Yogyakarta
TRX04444,2024-10-03,Thursday,10,2024,Checkout mie ayam promo diskon sore hari,Bakso Pak Kumis,Makanan & Minuman,169000,Pengeluaran,0,Tunai,Offline,1,Makassar
TRX04445,2023-10-07,Saturday,10,2023,Mampir minimarket beli detergen & sabun stok mingguan,Indomaret,Belanja,630000,Pengeluaran,0,BNI,Online,0,Semarang
TRX04446,2024-06-23,Sunday,6,2024,Makan malam nasi goreng bareng keluarga,KFC,Makanan & Minuman,35000,Pengeluaran,0,QRIS,Online,0,Makassar
TRX04447,2023-10-19,Thursday,10,2023,Transfer honor freelance atas hasil kerja keras sebulan,Bank Central,Gaji,15051000,Pemasukan,1,DANA,Online,0,Semarang
TRX04448,2024-07-09,Tuesday,7,2024,Langganan platform belajar buku koding Python,Ruangguru,Pendidikan,3359000,Pengeluaran,0,DANA,Online,0,Surabaya
TRX04449,2023-09-08,Friday,9,2023,Gaji pokok bulanan dari PT Sukses Bersama,PT Sukses Bersama,Gaji,11463000,Pemasukan,1,QRIS,Online,0,Tangerang
TRX04450,2026-04-04,Saturday,4,2026,Beli perlengkapan alat tulis sertifikasi AI kuliah,Ruangguru,Pendidikan,2620000,Pengeluaran,0,DANA,Online,0,Jakarta
TRX04451,2023-07-08,Saturday,7,2023,Mampir beli kopi susu sama minuman segar,Gacoan,Makanan & Minuman,72000,Pengeluaran,0,DANA,Online,0,Makassar
TRX04452,2026-01-16,Friday,1,2026,Sewa kendaraan ojek online untuk perjalanan harian,Bluebird,Transportasi,145000,Pengeluaran,0,ShopeePay,Online,0,Denpasar
TRX04453,2023-07-09,Sunday,7,2023,Tebus resep obat minyak kayu putih di apotek langganan,Alodokter,Kesehatan,84000,Pengeluaran,0,BRI,Online,0,Surabaya
TRX04454,2025-01-20,Monday,1,2025,Pencairan honor honor freelance proyek freelance,PT Teknologi Karya,Gaji,11860000,Pemasukan,1,Mandiri,Online,0,Yogyakarta
TRX04455,2025-06-14,Saturday,6,2025,Reservasi paket tur dan liburan tiket pesawat,Tiket.com,Perjalanan,2663000,Pengeluaran,0,BCA,Online,0,Depok
TRX04456,2024-03-07,Thursday,3,2024,Pesan ayam geprek via aplikasi pesan antar makanan,McDonalds,Makanan & Minuman,73000,Pengeluaran,0,GoPay,Online,0,Semarang
TRX04457,2026-02-14,Saturday,2,2026,Mampir beli nasi goreng sama minuman segar,Kopi Kenangan,Makanan & Minuman,130000,Pengeluaran,0,Tunai,Offline,1,Surabaya
TRX04458,2024-10-01,Tuesday,10,2024,Beli tiket taksi online pulang pergi luar kota,KAI,Transportasi,128000,Pengeluaran,0,QRIS,Online,0,Yogyakarta
TRX04459,2025-08-23,Saturday,8,2025,Bayar ongkos tiket KRL berangkat kerja di TransJakarta,TransJakarta,Transportasi,127000,Pengeluaran,0,BCA,Online,0,Medan
TRX04460,2025-04-04,Friday,4,2025,Belanja kebutuhan harian roti sobek di Uniqlo,Uniqlo,Belanja,32000,Pengeluaran,0,DANA,Online,0,Palembang
TRX04461,2023-10-13,Friday,10,2023,Makan ayam geprek pas jam istirahat kantor,Mixue,Makanan & Minuman,236000,Pengeluaran,0,ShopeePay,Online,0,Bandung
TRX04462,2023-09-05,Tuesday,9,2023,Bonus kinerja dan payroll bulanan dari perusahaan,PT Teknologi Karya,Gaji,8907000,Pemasukan,1,DANA,Online,0,Denpasar
TRX04463,2024-06-19,Wednesday,6,2024,Pesan kendaraan online taksi online pas hujan,Maxim,Transportasi,191000,Pengeluaran,0,Mandiri,Online,0,Malang
TRX04464,2024-02-26,Monday,2,2024,Checkout sate ayam promo diskon sore hari,Gacoan,Makanan & Minuman,179000,Pengeluaran,0,OVO,Online,0,Malang
TRX04465,2023-12-07,Thursday,12,2023,Bonus kinerja dan honor freelance dari perusahaan,PT Nusantara Digital,Gaji,16511000,Pemasukan,1,BCA,Online,0,Depok
TRX04466,2024-07-13,Saturday,7,2024,Beli token listrik PLN prabayar via m-banking,Biznet,Utilitas,257000,Pengeluaran,0,QRIS,Online,0,Bengkulu
TRX04467,2024-06-25,Tuesday,6,2024,Mampir beli burger sama minuman segar,Warung Makan,Makanan & Minuman,163000,Pengeluaran,0,ShopeePay,Online,0,Surabaya
TRX04468,2023-08-19,Saturday,8,2023,Alokasi investasi berkala aset kripto,Indodax,Investasi,1539000,Pengeluaran,0,BNI,Online,0,Bandung
TRX04469,2024-06-19,Wednesday,6,2024,Bayar sarapan mie ayam di warung langganan,Gacoan,Makanan & Minuman,134000,Pengeluaran,0,BNI,Online,0,Yogyakarta
TRX04470,2023-02-08,Wednesday,2,2023,Beli roti sobek dan perlengkapan rumah tangga,Shopee,Belanja,1108000,Pengeluaran,0,Tunai,Offline,1,Bekasi
TRX04471,2025-04-21,Monday,4,2025,Sewa kendaraan tiket KRL untuk perjalanan harian,MyPertamina,Transportasi,151000,Pengeluaran,0,GoPay,Online,0,Malang
TRX04472,2024-06-12,Wednesday,6,2024,Jajanan kopi susu pas nongkrong malam minggu,Sederhana,Makanan & Minuman,161000,Pengeluaran,0,BNI,Online,0,Medan
TRX04473,2025-04-19,Saturday,4,2025,Jajanan boba tea pas nongkrong malam minggu,Solaria,Makanan & Minuman,60000,Pengeluaran,0,DANA,Online,0,Palembang
TRX04474,2025-11-30,Sunday,11,2025,Pembayaran paket langganan wifi internet kecepatan tinggi,Pertagas,Utilitas,264000,Pengeluaran,0,GoPay,Online,0,Tangerang
TRX04475,2026-02-18,Wednesday,2,2026,Belanja kebutuhan harian snack & mie instan di Shopee,Shopee,Belanja,1019000,Pengeluaran,0,BNI,Online,0,Malang
TRX04476,2024-12-09,Monday,12,2024,Mampir beli nasi goreng sama minuman segar,Mixue,Makanan & Minuman,60000,Pengeluaran,0,DANA,Online,0,Bogor
TRX04477,2023-09-24,Sunday,9,2023,Beli pizza di Sederhana bareng teman,Sederhana,Makanan & Minuman,188000,Pengeluaran,0,OVO,Online,0,Surabaya
TRX04478,2025-01-14,Tuesday,1,2025,Beli tiket nonton film bioskop XXI di CGV,CGV,Hiburan,71000,Pengeluaran,0,Mandiri,Online,0,Malang
TRX04479,2023-08-06,Sunday,8,2023,Beli detergen & sabun dan perlengkapan rumah tangga,Lazada,Belanja,604000,Pengeluaran,0,Tunai,Offline,1,Medan
TRX04480,2025-04-25,Friday,4,2025,Booking penginapan dan hotel tiket pesawat liburan,Garuda Indonesia,Perjalanan,2442000,Pengeluaran,0,BCA,Online,0,Surabaya
TRX04481,2023-01-06,Friday,1,2023,Beli tiket nonton Spotify Premium di Steam,Steam,Hiburan,439000,Pengeluaran,0,OVO,Online,0,Tangerang
TRX04482,2024-05-27,Monday,5,2024,Beli resep minyak kayu putih dan vitamin di Guardian,Guardian,Kesehatan,349000,Pengeluaran,0,BNI,Online,0,Makassar
TRX04483,2025-09-12,Friday,9,2025,Jajanan mie ayam pas nongkrong malam minggu,Gacoan,Makanan & Minuman,171000,Pengeluaran,0,OVO,Online,0,Yogyakarta
TRX04484,2024-04-18,Thursday,4,2024,Beli detergen & sabun baru via e-commerce,Tokopedia,Belanja,832000,Pengeluaran,0,Tunai,Offline,1,Tangerang
TRX04485,2024-01-07,Sunday,1,2024,Top up saldo kartu e-money untuk bensin Pertamax,TransJakarta,Transportasi,88000,Pengeluaran,0,Mandiri,Online,0,Bengkulu
TRX04486,2023-12-22,Friday,12,2023,Jajanan mie ayam pas nongkrong malam minggu,Mixue,Makanan & Minuman,55000,Pengeluaran,0,GoPay,Online,0,Malang
TRX04487,2025-08-18,Monday,8,2025,Jajanan boba tea pas nongkrong malam minggu,Warung Makan,Makanan & Minuman,173000,Pengeluaran,0,Tunai,Offline,1,Tangerang
TRX04488,2025-09-28,Sunday,9,2025,Bayar rekening listrik PLN tepat waktu di PDAM,PDAM,Utilitas,393000,Pengeluaran,0,QRIS,Online,0,Bengkulu
TRX04489,2026-06-20,Saturday,6,2026,Bayar sarapan soto betawi di warung langganan,Kopi Kenangan,Makanan & Minuman,175000,Pengeluaran,0,OVO,Online,0,Jakarta
TRX04490,2026-04-15,Wednesday,4,2026,Beli roti sobek baru via e-commerce,Uniqlo,Belanja,1155000,Pengeluaran,0,ShopeePay,Online,0,Palembang
TRX04491,2023-05-09,Tuesday,5,2023,Jajanan boba tea pas nongkrong malam minggu,Mixue,Makanan & Minuman,66000,Pengeluaran,0,ShopeePay,Online,0,Palembang
TRX04492,2025-09-07,Sunday,9,2025,Top up voucher game wahana rekreasi pas akhir pekan,DuFan,Hiburan,138000,Pengeluaran,0,Mandiri,Online,0,Bogor
TRX04493,2025-04-21,Monday,4,2025,Checkout detergen & sabun pas diskon tanggal kembar,Blibli,Belanja,808000,Pengeluaran,0,Tunai,Offline,1,Yogyakarta
TRX04494,2025-03-21,Friday,3,2025,Beli perlengkapan suplemen imun dan obat flu,Guardian,Kesehatan,638000,Pengeluaran,0,QRIS,Online,0,Bekasi
TRX04495,2024-11-16,Saturday,11,2024,Pembayaran paket langganan pulsa HP kecepatan tinggi,XL Axiata,Utilitas,315000,Pengeluaran,0,QRIS,Online,0,Yogyakarta
TRX04496,2023-06-10,Saturday,6,2023,Beli titipan snack & mie instan pakai voucher belanja,Shopee,Belanja,932000,Pengeluaran,0,GoPay,Online,0,Bengkulu
TRX04497,2023-03-15,Wednesday,3,2023,Bayar ongkos tiket KRL berangkat kerja di Maxim,Maxim,Transportasi,103000,Pengeluaran,0,Mandiri,Online,0,Yogyakarta
TRX04498,2025-10-11,Saturday,10,2025,Mampir beli burger sama minuman segar,Gacoan,Makanan & Minuman,188000,Pengeluaran,0,ShopeePay,Online,0,Malang
TRX04499,2025-03-26,Wednesday,3,2025,Beli snack & mie instan dan perlengkapan rumah tangga,Shopee,Belanja,80000,Pengeluaran,0,Tunai,Offline,1,Tangerang
TRX04500,2024-12-16,Monday,12,2024,Beli tas punggung baru via e-commerce,Alfamart,Belanja,39000,Pengeluaran,0,ShopeePay,Online,0,Medan
TRX04501,2024-02-11,Sunday,2,2024,Beli tiket taksi online pulang pergi luar kota,MyPertamina,Transportasi,58000,Pengeluaran,0,BRI,Online,0,Bekasi
TRX04502,2026-05-28,Thursday,5,2026,Makan malam pizza bareng keluarga,Solaria,Makanan & Minuman,92000,Pengeluaran,0,ShopeePay,Online,0,Jakarta
TRX04503,2024-07-20,Saturday,7,2024,Bayar konsultasi dokter dan beli suplemen imun,Kimia Farma,Kesehatan,499000,Pengeluaran,0,Tunai,Offline,1,Tangerang
TRX04504,2024-07-16,Tuesday,7,2024,Bayar sarapan mie ayam di warung langganan,Gacoan,Makanan & Minuman,60000,Pengeluaran,0,QRIS,Online,0,Bogor
TRX04505,2023-03-02,Thursday,3,2023,Mampir minimarket beli sepatu sneaker stok mingguan,Alfamart,Belanja,764000,Pengeluaran,0,ShopeePay,Online,0,Yogyakarta
TRX04506,2026-07-17,Friday,7,2026,Transfer bonus tahunan atas hasil kerja keras sebulan,PT Teknologi Karya,Gaji,16429000,Pemasukan,1,DANA,Online,0,Semarang
TRX04507,2025-05-24,Saturday,5,2025,Pengeluaran bulanan beli roti sobek di Hypermart,Hypermart,Belanja,101000,Pengeluaran,0,Tunai,Offline,1,Bogor
TRX04508,2023-10-07,Saturday,10,2023,Langganan platform belajar sertifikasi AI,Ruangguru,Pendidikan,2043000,Pengeluaran,0,QRIS,Online,0,Surabaya
TRX04509,2024-11-18,Monday,11,2024,Transfer payroll bulanan atas hasil kerja keras sebulan,PT Nusantara Digital,Gaji,5787000,Pemasukan,1,BCA,Online,0,Depok
TRX04510,2023-07-01,Saturday,7,2023,Beli mie ayam di Kopi Kenangan bareng teman,Kopi Kenangan,Makanan & Minuman,138000,Pengeluaran,0,BNI,Online,0,Bengkulu
TRX04511,2026-05-06,Wednesday,5,2026,Beli snack & mie instan baru via e-commerce,Hypermart,Belanja,562000,Pengeluaran,0,DANA,Online,0,Yogyakarta
TRX04512,2026-03-04,Wednesday,3,2026,Gaji pokok bulanan dari PT Teknologi Karya,PT Teknologi Karya,Gaji,11235000,Pemasukan,1,BCA,Online,0,Palembang
TRX04513,2023-06-28,Wednesday,6,2023,Mampir minimarket beli minyak goreng stok mingguan,Shopee,Belanja,785000,Pengeluaran,0,DANA,Online,0,Denpasar
TRX04514,2026-04-23,Thursday,4,2026,Checkout nasi goreng promo diskon sore hari,Warung Makan,Makanan & Minuman,186000,Pengeluaran,0,BRI,Online,0,Palembang
TRX04515,2023-03-06,Monday,3,2023,Makan malam nasi goreng bareng keluarga,Kopi Kenangan,Makanan & Minuman,235000,Pengeluaran,0,GoPay,Online,0,Palembang
TRX04516,2025-08-21,Thursday,8,2025,Makan burger pas jam istirahat kantor,KFC,Makanan & Minuman,55000,Pengeluaran,0,Mandiri,Online,0,Depok
TRX04517,2025-03-28,Friday,3,2025,Beli buku sertifikasi AI di Ruangguru,Ruangguru,Pendidikan,621000,Pengeluaran,0,Mandiri,Online,0,Yogyakarta
TRX04518,2025-08-03,Sunday,8,2025,Pengeluaran bulanan beli snack & mie instan di Matahari,Matahari,Belanja,234000,Pengeluaran,0,Mandiri,Online,0,Depok
TRX04519,2024-05-23,Thursday,5,2024,Pelunasan iuran listrik PLN biar aliran tetap lancar,Pertagas,Utilitas,567000,Pengeluaran,0,BCA,Online,0,Yogyakarta
TRX04520,2026-03-31,Tuesday,3,2026,Checkout mie ayam promo diskon sore hari,Gacoan,Makanan & Minuman,45000,Pengeluaran,0,OVO,Online,0,Semarang
TRX04521,2023-03-25,Saturday,3,2023,Beli token gas LPG prabayar via m-banking,Pertagas,Utilitas,600000,Pengeluaran,0,QRIS,Online,0,Yogyakarta
TRX04522,2025-12-23,Tuesday,12,2025,Beli bensin ojek online di SPBU langganan,KAI,Transportasi,75000,Pengeluaran,0,ShopeePay,Online,0,Bogor
TRX04523,2024-12-20,Friday,12,2024,Bayar rekening wifi internet tepat waktu di XL Axiata,XL Axiata,Utilitas,341000,Pengeluaran,0,BCA,Online,0,Bogor
TRX04524,2024-08-19,Monday,8,2024,Beli tiket masuk Netflix 1 bulan sama teman-teman,Steam,Hiburan,124000,Pengeluaran,0,ShopeePay,Online,0,Jakarta
TRX04525,2026-06-12,Friday,6,2026,Bayar sarapan soto betawi di warung langganan,KFC,Makanan & Minuman,217000,Pengeluaran,0,OVO,Online,0,Tangerang
TRX04526,2024-06-08,Saturday,6,2024,Jajanan mie ayam pas nongkrong malam minggu,KFC,Makanan & Minuman,205000,Pengeluaran,0,ShopeePay,Online,0,Bogor
TRX04527,2024-06-30,Sunday,6,2024,Pembelian aset reksa dana pasar uang untuk tabungan masa depan,Ajaib,Investasi,2506000,Pengeluaran,0,Mandiri,Online,0,Jakarta
TRX04528,2024-02-14,Wednesday,2,2024,Reservasi paket tur dan liburan hotel & resort,KAI Access,Perjalanan,3345000,Pengeluaran,0,OVO,Online,0,Jakarta
TRX04529,2024-12-01,Sunday,12,2024,Beli pizza di Sederhana bareng teman,Sederhana,Makanan & Minuman,46000,Pengeluaran,0,BRI,Online,0,Medan
TRX04530,2023-03-19,Sunday,3,2023,Langganan fitur premium wahana rekreasi bulanan,Steam,Hiburan,235000,Pengeluaran,0,OVO,Online,0,Medan
TRX04531,2024-03-24,Sunday,3,2024,Bayar sarapan ayam geprek di warung langganan,Sederhana,Makanan & Minuman,106000,Pengeluaran,0,OVO,Online,0,Makassar
TRX04532,2024-06-26,Wednesday,6,2024,Alokasi investasi berkala reksa dana pasar uang,Bareksa,Investasi,2546000,Pengeluaran,0,BNI,Online,0,Tangerang
TRX04533,2024-12-24,Tuesday,12,2024,Pengeluaran bulanan beli sepatu sneaker di Alfamart,Alfamart,Belanja,973000,Pengeluaran,0,Tunai,Offline,1,Bandung
TRX04534,2023-02-22,Wednesday,2,2023,Bayar sarapan boba tea di warung langganan,Sederhana,Makanan & Minuman,38000,Pengeluaran,0,GoPay,Online,0,Jakarta
TRX04535,2023-02-15,Wednesday,2,2023,Pengeluaran bulanan beli baju kaos di Shopee,Shopee,Belanja,1113000,Pengeluaran,0,Tunai,Offline,1,Jakarta
TRX04536,2025-02-26,Wednesday,2,2025,Pembayaran UKT semesteran buku koding Python,Ruangguru,Pendidikan,2264000,Pengeluaran,0,BNI,Online,0,Tangerang
TRX04537,2023-03-08,Wednesday,3,2023,Pelunasan iuran wifi internet biar aliran tetap lancar,PLN,Utilitas,593000,Pengeluaran,0,QRIS,Online,0,Bekasi
TRX04538,2025-07-07,Monday,7,2025,Jajanan boba tea pas nongkrong malam minggu,Mixue,Makanan & Minuman,208000,Pengeluaran,0,DANA,Online,0,Depok
TRX04539,2024-02-23,Friday,2,2024,Transfer bonus tahunan atas hasil kerja keras sebulan,Bank Central,Gaji,14297000,Pemasukan,1,GoPay,Online,0,Medan
TRX04540,2025-12-13,Saturday,12,2025,Beli masker dan obat flu & pusing untuk stok rumah,Halodoc,Kesehatan,190000,Pengeluaran,0,Mandiri,Online,0,Tangerang
TRX04541,2025-11-21,Friday,11,2025,Bayar langganan bulanan game Steam streaming,Netflix,Hiburan,330000,Pengeluaran,0,GoPay,Online,0,Bogor
TRX04542,2023-07-21,Friday,7,2023,Pelunasan iuran wifi internet biar aliran tetap lancar,Indihome,Utilitas,528000,Pengeluaran,0,OVO,Online,0,Tangerang
TRX04543,2025-12-17,Wednesday,12,2025,Beli perlengkapan obat flu & pusing dan obat flu,Guardian,Kesehatan,376000,Pengeluaran,0,Mandiri,Online,0,Jakarta
TRX04544,2025-11-17,Monday,11,2025,Checkout pizza promo diskon sore hari,Solaria,Makanan & Minuman,231000,Pengeluaran,0,ShopeePay,Online,0,Yogyakarta
TRX04545,2025-03-04,Tuesday,3,2025,Mampir beli nasi goreng sama minuman segar,Warung Makan,Makanan & Minuman,146000,Pengeluaran,0,BNI,Online,0,Depok
TRX04546,2024-10-28,Monday,10,2024,Pesan kendaraan online tiket KRL pas hujan,Maxim,Transportasi,114000,Pengeluaran,0,QRIS,Online,0,Jakarta
TRX04547,2024-05-01,Wednesday,5,2024,Beli perlengkapan alat tulis buku novel & komik kuliah,Gramedia,Pendidikan,2539000,Pengeluaran,0,GoPay,Online,0,Makassar
TRX04548,2024-12-22,Sunday,12,2024,Transfer insentif proyek atas hasil kerja keras sebulan,PT Teknologi Karya,Gaji,6049000,Pemasukan,1,BCA,Online,0,Denpasar
TRX04549,2023-10-02,Monday,10,2023,Transfer honor freelance atas hasil kerja keras sebulan,Client Freelance,Gaji,13331000,Pemasukan,1,DANA,Online,0,Tangerang
TRX04550,2025-07-14,Monday,7,2025,Transfer insentif proyek atas hasil kerja keras sebulan,Client Freelance,Gaji,9395000,Pemasukan,1,GoPay,Online,0,Semarang
TRX04551,2023-08-29,Tuesday,8,2023,Pesan soto betawi via aplikasi pesan antar makanan,Mixue,Makanan & Minuman,232000,Pengeluaran,0,Mandiri,Online,0,Yogyakarta
TRX04552,2026-05-05,Tuesday,5,2026,Isi ulang pulsa dan kuota listrik PLN harian,PLN,Utilitas,113000,Pengeluaran,0,QRIS,Online,0,Bogor
TRX04553,2024-11-08,Friday,11,2024,Langganan fitur premium game Steam bulanan,Steam,Hiburan,188000,Pengeluaran,0,OVO,Online,0,Yogyakarta
TRX04554,2024-06-27,Thursday,6,2024,Beli perlengkapan alat tulis buku novel & komik kuliah,Gramedia,Pendidikan,643000,Pengeluaran,0,Mandiri,Online,0,Bengkulu
TRX04555,2026-02-28,Saturday,2,2026,Belanja kebutuhan harian tas punggung di Hypermart,Hypermart,Belanja,340000,Pengeluaran,0,Mandiri,Online,0,Makassar
TRX04556,2023-03-03,Friday,3,2023,Beli perlengkapan alat tulis buku novel & komik kuliah,Coursera,Pendidikan,1179000,Pengeluaran,0,BCA,Online,0,Palembang
TRX04557,2024-09-08,Sunday,9,2024,Jajanan ayam geprek pas nongkrong malam minggu,McDonalds,Makanan & Minuman,52000,Pengeluaran,0,OVO,Online,0,Makassar
TRX04558,2024-02-09,Friday,2,2024,Beli resep skincare & sabun cuci muka dan vitamin di Halodoc,Halodoc,Kesehatan,740000,Pengeluaran,0,QRIS,Online,0,Surabaya
TRX04559,2025-10-13,Monday,10,2025,Beli buku buku koding Python di Penerbit Erlangga,Penerbit Erlangga,Pendidikan,1488000,Pengeluaran,0,QRIS,Online,0,Makassar
TRX04560,2024-11-19,Tuesday,11,2024,Pelunasan iuran wifi internet biar aliran tetap lancar,Telkomsel,Utilitas,394000,Pengeluaran,0,GoPay,Online,0,Depok
TRX04561,2025-06-10,Tuesday,6,2025,Beli masker dan suplemen imun untuk stok rumah,Kimia Farma,Kesehatan,709000,Pengeluaran,0,Tunai,Offline,1,Makassar
TRX04562,2025-09-17,Wednesday,9,2025,Beli tiket taksi online pulang pergi luar kota,Bluebird,Transportasi,23000,Pengeluaran,0,ShopeePay,Online,0,Bogor
TRX04563,2026-06-08,Monday,6,2026,Beli titipan snack & mie instan pakai voucher belanja,Alfamart,Belanja,212000,Pengeluaran,0,Tunai,Offline,1,Palembang
TRX04564,2023-04-15,Saturday,4,2023,Belanja kebutuhan harian tas punggung di Indomaret,Indomaret,Belanja,783000,Pengeluaran,0,DANA,Online,0,Denpasar
TRX04565,2024-10-19,Saturday,10,2024,Top up saldo kartu e-money untuk e-toll,Grab,Transportasi,159000,Pengeluaran,0,Mandiri,Online,0,Medan
TRX04566,2025-03-11,Tuesday,3,2025,Bayar rekening gas LPG tepat waktu di PLN,PLN,Utilitas,298000,Pengeluaran,0,BNI,Online,0,Bengkulu
TRX04567,2025-05-10,Saturday,5,2025,Checkout burger promo diskon sore hari,Sederhana,Makanan & Minuman,180000,Pengeluaran,0,BNI,Online,0,Jakarta
TRX04568,2025-01-24,Friday,1,2025,Beli casing hp baru via e-commerce,Lazada,Belanja,185000,Pengeluaran,0,Tunai,Offline,1,Makassar
TRX04569,2024-02-24,Saturday,2,2024,Mampir beli mie ayam sama minuman segar,McDonalds,Makanan & Minuman,27000,Pengeluaran,0,Tunai,Offline,1,Bekasi
TRX04570,2024-01-24,Wednesday,1,2024,Pencairan honor bonus tahunan proyek freelance,PT Teknologi Karya,Gaji,17702000,Pemasukan,1,Mandiri,Online,0,Yogyakarta
TRX04571,2026-04-18,Saturday,4,2026,Jajanan kopi susu pas nongkrong malam minggu,Gacoan,Makanan & Minuman,147000,Pengeluaran,0,Tunai,Offline,1,Bengkulu
TRX04572,2023-05-09,Tuesday,5,2023,Pelunasan iuran gas LPG biar aliran tetap lancar,Biznet,Utilitas,340000,Pengeluaran,0,DANA,Online,0,Denpasar
TRX04573,2023-07-23,Sunday,7,2023,Top up saldo kartu e-money untuk taksi online,Bluebird,Transportasi,113000,Pengeluaran,0,Mandiri,Online,0,Bekasi
TRX04574,2024-07-13,Saturday,7,2024,Beli tiket nonton Netflix 1 bulan di DuFan,DuFan,Hiburan,308000,Pengeluaran,0,Mandiri,Online,0,Semarang
TRX04575,2025-11-15,Saturday,11,2025,Beli bensin tiket KRL di SPBU langganan,Maxim,Transportasi,200000,Pengeluaran,0,OVO,Online,0,Palembang
TRX04576,2024-08-21,Wednesday,8,2024,Pelunasan iuran pulsa HP biar aliran tetap lancar,Indihome,Utilitas,331000,Pengeluaran,0,BCA,Online,0,Semarang
TRX04577,2025-08-06,Wednesday,8,2025,Bonus kinerja dan bonus tahunan dari perusahaan,PT Teknologi Karya,Gaji,17724000,Pemasukan,1,OVO,Online,0,Medan
TRX04578,2025-06-24,Tuesday,6,2025,Penerimaan payroll bulanan masuk ke rekening utama,PT Sukses Bersama,Gaji,19044000,Pemasukan,1,DANA,Online,0,Bogor
TRX04579,2024-09-11,Wednesday,9,2024,Beli sepatu sneaker dan perlengkapan rumah tangga,Matahari,Belanja,819000,Pengeluaran,0,BNI,Online,0,Semarang
TRX04580,2024-06-10,Monday,6,2024,Beli titipan casing hp pakai voucher belanja,Matahari,Belanja,1190000,Pengeluaran,0,GoPay,Online,0,Medan
TRX04581,2023-07-08,Saturday,7,2023,Tebus resep obat suplemen imun di apotek langganan,Halodoc,Kesehatan,348000,Pengeluaran,0,Mandiri,Online,0,Malang
TRX04582,2024-07-25,Thursday,7,2024,Beli mie ayam di McDonalds bareng teman,McDonalds,Makanan & Minuman,231000,Pengeluaran,0,OVO,Online,0,Semarang
TRX04583,2026-04-21,Tuesday,4,2026,Belanja kebutuhan harian baju kaos di Hypermart,Hypermart,Belanja,1126000,Pengeluaran,0,Tunai,Offline,1,Bandung
TRX04584,2026-03-26,Thursday,3,2026,Bayar konsultasi dokter dan beli vitamin C,Apotek K-24,Kesehatan,302000,Pengeluaran,0,DANA,Online,0,Bandung
TRX04585,2024-01-16,Tuesday,1,2024,Bayar biaya kursus online buku novel & komik,Ruangguru,Pendidikan,1043000,Pengeluaran,0,DANA,Online,0,Bekasi
TRX04586,2026-02-16,Monday,2,2026,Sewa kendaraan taksi online untuk perjalanan harian,Gojek,Transportasi,192000,Pengeluaran,0,BNI,Online,0,Medan
TRX04587,2025-11-20,Thursday,11,2025,Mampir minimarket beli minyak goreng stok mingguan,Superindo,Belanja,1051000,Pengeluaran,0,Tunai,Offline,1,Depok
TRX04588,2024-06-27,Thursday,6,2024,Tebus resep obat minyak kayu putih di apotek langganan,Halodoc,Kesehatan,732000,Pengeluaran,0,GoPay,Online,0,Bengkulu
TRX04589,2025-07-09,Wednesday,7,2025,Pencairan honor honor freelance proyek freelance,PT Sukses Bersama,Gaji,16127000,Pemasukan,1,ShopeePay,Online,0,Bengkulu
TRX04590,2023-01-05,Thursday,1,2023,Makan boba tea pas jam istirahat kantor,Warung Makan,Makanan & Minuman,232000,Pengeluaran,0,OVO,Online,0,Bengkulu
TRX04591,2025-09-07,Sunday,9,2025,Pencairan honor insentif proyek proyek freelance,PT Sukses Bersama,Gaji,12149000,Pemasukan,1,Mandiri,Online,0,Palembang
TRX04592,2024-04-04,Thursday,4,2024,Makan malam boba tea bareng keluarga,Gacoan,Makanan & Minuman,42000,Pengeluaran,0,OVO,Online,0,Makassar
TRX04593,2024-01-31,Wednesday,1,2024,Bayar langganan bulanan game Steam streaming,DuFan,Hiburan,51000,Pengeluaran,0,BCA,Online,0,Semarang
TRX04594,2023-11-06,Monday,11,2023,Jajanan mie ayam pas nongkrong malam minggu,Mixue,Makanan & Minuman,79000,Pengeluaran,0,BNI,Online,0,Bogor
TRX04595,2025-01-25,Saturday,1,2025,Makan boba tea pas jam istirahat kantor,Bakso Pak Kumis,Makanan & Minuman,176000,Pengeluaran,0,ShopeePay,Online,0,Makassar
TRX04596,2023-02-14,Tuesday,2,2023,Beli resep skincare & sabun cuci muka dan vitamin di Alodokter,Alodokter,Kesehatan,271000,Pengeluaran,0,Tunai,Offline,1,Depok
TRX04597,2026-01-25,Sunday,1,2026,Pengeluaran bulanan beli baju kaos di Lazada,Lazada,Belanja,563000,Pengeluaran,0,BRI,Online,0,Bogor
TRX04598,2024-01-16,Tuesday,1,2024,Top up saldo kartu e-money untuk taksi online,TransJakarta,Transportasi,191000,Pengeluaran,0,Mandiri,Online,0,Bandung
TRX04599,2025-09-30,Tuesday,9,2025,Gaji pokok bulanan dari PT Nusantara Digital,PT Nusantara Digital,Gaji,10289000,Pemasukan,1,Mandiri,Online,0,Denpasar
TRX04600,2023-07-16,Sunday,7,2023,Makan burger pas jam istirahat kantor,Gacoan,Makanan & Minuman,203000,Pengeluaran,0,BCA,Online,0,Jakarta
TRX04601,2025-01-14,Tuesday,1,2025,Mampir beli bakso urat sama minuman segar,Sederhana,Makanan & Minuman,104000,Pengeluaran,0,QRIS,Online,0,Malang
TRX04602,2025-04-12,Saturday,4,2025,Beli detergen & sabun dan perlengkapan rumah tangga,Matahari,Belanja,296000,Pengeluaran,0,BRI,Online,0,Makassar
TRX04603,2026-06-16,Tuesday,6,2026,Transfer gaji pokok atas hasil kerja keras sebulan,PT Nusantara Digital,Gaji,10563000,Pemasukan,1,GoPay,Online,0,Depok
TRX04604,2025-10-28,Tuesday,10,2025,Beli resep skincare & sabun cuci muka dan vitamin di Kimia Farma,Kimia Farma,Kesehatan,672000,Pengeluaran,0,GoPay,Online,0,Surabaya
TRX04605,2024-03-28,Thursday,3,2024,Pesan nasi goreng via aplikasi pesan antar makanan,KFC,Makanan & Minuman,244000,Pengeluaran,0,BRI,Online,0,Surabaya
TRX04606,2025-04-02,Wednesday,4,2025,Pelunasan iuran wifi internet biar aliran tetap lancar,Pertagas,Utilitas,255000,Pengeluaran,0,DANA,Online,0,Surabaya
TRX04607,2024-08-01,Thursday,8,2024,Booking penginapan dan hotel tiket pesawat liburan,Tiket.com,Perjalanan,2621000,Pengeluaran,0,Mandiri,Online,0,Surabaya
TRX04608,2026-06-02,Tuesday,6,2026,Makan kopi susu pas jam istirahat kantor,Chatime,Makanan & Minuman,60000,Pengeluaran,0,OVO,Online,0,Makassar
TRX04609,2025-03-26,Wednesday,3,2025,Bayar langganan bulanan Netflix 1 bulan streaming,XXI Cinema,Hiburan,235000,Pengeluaran,0,BNI,Online,0,Depok
TRX04610,2025-04-27,Sunday,4,2025,Alokasi investasi berkala reksa dana pasar uang,Ajaib,Investasi,696000,Pengeluaran,0,QRIS,Online,0,Yogyakarta
TRX04611,2024-10-29,Tuesday,10,2024,Mampir minimarket beli roti sobek stok mingguan,Tokopedia,Belanja,309000,Pengeluaran,0,Mandiri,Online,0,Palembang
TRX04612,2026-07-12,Sunday,7,2026,Bayar langganan bulanan film bioskop XXI streaming,PlayStation Store,Hiburan,262000,Pengeluaran,0,GoPay,Online,0,Surabaya
TRX04613,2023-01-16,Monday,1,2023,Jajanan mie ayam pas nongkrong malam minggu,Warung Makan,Makanan & Minuman,25000,Pengeluaran,0,BCA,Online,0,Makassar
TRX04614,2025-08-04,Monday,8,2025,Top up reksa dana saham blue chip di Bibit,Bibit,Investasi,2958000,Pengeluaran,0,ShopeePay,Online,0,Surabaya
TRX04615,2025-02-23,Sunday,2,2025,Beli token air PDAM prabayar via m-banking,Biznet,Utilitas,423000,Pengeluaran,0,Mandiri,Online,0,Malang
TRX04616,2024-04-15,Monday,4,2024,Sewa kendaraan ojek online untuk perjalanan harian,KAI,Transportasi,104000,Pengeluaran,0,QRIS,Online,0,Denpasar
TRX04617,2024-07-31,Wednesday,7,2024,Top up saldo kartu e-money untuk ojek online,MyPertamina,Transportasi,94000,Pengeluaran,0,DANA,Online,0,Bogor
TRX04618,2023-04-25,Tuesday,4,2023,Bayar langganan bulanan game Steam streaming,Steam,Hiburan,104000,Pengeluaran,0,BNI,Online,0,Bekasi
TRX04619,2025-12-17,Wednesday,12,2025,Pesan sate ayam via aplikasi pesan antar makanan,McDonalds,Makanan & Minuman,116000,Pengeluaran,0,OVO,Online,0,Bekasi
TRX04620,2025-12-18,Thursday,12,2025,Beli resep skincare & sabun cuci muka dan vitamin di Guardian,Guardian,Kesehatan,617000,Pengeluaran,0,Tunai,Offline,1,Bekasi
TRX04621,2023-03-12,Sunday,3,2023,Pengeluaran bulanan beli minyak goreng di Indomaret,Indomaret,Belanja,649000,Pengeluaran,0,BCA,Online,0,Tangerang
TRX04622,2024-10-09,Wednesday,10,2024,Bayar sarapan kopi susu di warung langganan,Sederhana,Makanan & Minuman,87000,Pengeluaran,0,GoPay,Online,0,Bekasi
TRX04623,2024-05-22,Wednesday,5,2024,Bayar sarapan kopi susu di warung langganan,Solaria,Makanan & Minuman,16000,Pengeluaran,0,GoPay,Online,0,Bekasi
TRX04624,2024-09-11,Wednesday,9,2024,Mampir beli nasi goreng sama minuman segar,Gacoan,Makanan & Minuman,45000,Pengeluaran,0,QRIS,Online,0,Medan
TRX04625,2025-07-12,Saturday,7,2025,Beli buku kursus Data Science di Gramedia,Gramedia,Pendidikan,3320000,Pengeluaran,0,DANA,Online,0,Jakarta
TRX04626,2024-07-06,Saturday,7,2024,Beli sepatu sneaker dan perlengkapan rumah tangga,Indomaret,Belanja,372000,Pengeluaran,0,Mandiri,Online,0,Bogor
TRX04627,2024-03-10,Sunday,3,2024,Beli perlengkapan alat tulis sertifikasi AI kuliah,Penerbit Erlangga,Pendidikan,479000,Pengeluaran,0,DANA,Online,0,Bengkulu
TRX04628,2026-01-09,Friday,1,2026,Mampir minimarket beli baju kaos stok mingguan,Lazada,Belanja,800000,Pengeluaran,0,GoPay,Online,0,Jakarta
TRX04629,2024-12-27,Friday,12,2024,Pencairan honor bonus tahunan proyek freelance,Client Freelance,Gaji,11330000,Pemasukan,1,BCA,Online,0,Tangerang
TRX04630,2023-05-22,Monday,5,2023,Sewa akomodasi perjalanan tiket kereta api luar kota,KAI Access,Perjalanan,987000,Pengeluaran,0,OVO,Online,0,Malang
TRX04631,2026-01-27,Tuesday,1,2026,Bayar sarapan soto betawi di warung langganan,KFC,Makanan & Minuman,242000,Pengeluaran,0,DANA,Online,0,Jakarta
TRX04632,2025-11-29,Saturday,11,2025,Penerimaan insentif proyek masuk ke rekening utama,PT Sukses Bersama,Gaji,16138000,Pemasukan,1,GoPay,Online,0,Bekasi
TRX04633,2026-07-13,Monday,7,2026,Pengeluaran bulanan beli sepatu sneaker di Uniqlo,Uniqlo,Belanja,709000,Pengeluaran,0,GoPay,Online,0,Yogyakarta
TRX04634,2023-02-13,Monday,2,2023,Penerimaan insentif proyek masuk ke rekening utama,Client Freelance,Gaji,12051000,Pemasukan,1,OVO,Online,0,Bandung
TRX04635,2023-01-26,Thursday,1,2023,Beli token pulsa HP prabayar via m-banking,M3 Ooredoo,Utilitas,236000,Pengeluaran,0,DANA,Online,0,Surabaya
TRX04636,2026-04-04,Saturday,4,2026,Penerimaan honor freelance masuk ke rekening utama,PT Teknologi Karya,Gaji,7716000,Pemasukan,1,OVO,Online,0,Tangerang
TRX04637,2023-05-13,Saturday,5,2023,Beli burger di Solaria bareng teman,Solaria,Makanan & Minuman,204000,Pengeluaran,0,Tunai,Offline,1,Malang
TRX04638,2024-03-27,Wednesday,3,2024,Beli baju kaos baru via e-commerce,Alfamart,Belanja,595000,Pengeluaran,0,BCA,Online,0,Bogor
TRX04639,2026-02-12,Thursday,2,2026,Beli nasi goreng di Kopi Kenangan bareng teman,Kopi Kenangan,Makanan & Minuman,238000,Pengeluaran,0,Tunai,Offline,1,Bandung
TRX04640,2025-10-20,Monday,10,2025,Bayar ongkos e-toll berangkat kerja di Maxim,Maxim,Transportasi,98000,Pengeluaran,0,ShopeePay,Online,0,Yogyakarta
TRX04641,2025-08-10,Sunday,8,2025,Beli resep suplemen imun dan vitamin di RS Siloam,RS Siloam,Kesehatan,116000,Pengeluaran,0,DANA,Online,0,Bandung
TRX04642,2025-02-28,Friday,2,2025,Pembayaran paket langganan listrik PLN kecepatan tinggi,PDAM,Utilitas,393000,Pengeluaran,0,OVO,Online,0,Bengkulu
TRX04643,2026-05-13,Wednesday,5,2026,Beli buku buku novel & komik di Udemy,Udemy,Pendidikan,2110000,Pengeluaran,0,DANA,Online,0,Medan
TRX04644,2026-07-25,Saturday,7,2026,Mampir minimarket beli minyak goreng stok mingguan,Matahari,Belanja,1177000,Pengeluaran,0,BRI,Online,0,Bandung
TRX04645,2023-03-17,Friday,3,2023,Beli casing hp dan perlengkapan rumah tangga,Indomaret,Belanja,846000,Pengeluaran,0,Tunai,Offline,1,Depok
TRX04646,2026-03-11,Wednesday,3,2026,Pembayaran UKT semesteran buku novel & komik,Penerbit Erlangga,Pendidikan,3092000,Pengeluaran,0,ShopeePay,Online,0,Tangerang
TRX04647,2026-06-02,Tuesday,6,2026,Jajanan nasi goreng pas nongkrong malam minggu,Gacoan,Makanan & Minuman,106000,Pengeluaran,0,Tunai,Offline,1,Yogyakarta
TRX04648,2024-06-28,Friday,6,2024,Beli tiket masuk wahana rekreasi sama teman-teman,PlayStation Store,Hiburan,357000,Pengeluaran,0,DANA,Online,0,Medan
TRX04649,2025-01-13,Monday,1,2025,Isi ulang pulsa dan kuota listrik PLN harian,Indihome,Utilitas,558000,Pengeluaran,0,QRIS,Online,0,Denpasar
TRX04650,2025-07-09,Wednesday,7,2025,Alokasi investasi berkala obligasi negara,Ajaib,Investasi,2587000,Pengeluaran,0,Mandiri,Online,0,Makassar
TRX04651,2026-06-11,Thursday,6,2026,Langganan platform belajar UKT kuliah,Penerbit Erlangga,Pendidikan,1357000,Pengeluaran,0,Mandiri,Online,0,Denpasar
TRX04652,2024-04-26,Friday,4,2024,Beli titipan tas punggung pakai voucher belanja,Matahari,Belanja,279000,Pengeluaran,0,Tunai,Offline,1,Bandung
TRX04653,2023-03-15,Wednesday,3,2023,Beli resep vitamin C dan vitamin di Century,Century,Kesehatan,743000,Pengeluaran,0,QRIS,Online,0,Palembang
TRX04654,2026-03-29,Sunday,3,2026,Makan soto betawi pas jam istirahat kantor,Solaria,Makanan & Minuman,162000,Pengeluaran,0,Tunai,Offline,1,Palembang
TRX04655,2026-04-13,Monday,4,2026,Gaji pokok bulanan dari PT Teknologi Karya,PT Teknologi Karya,Gaji,4731000,Pemasukan,1,Mandiri,Online,0,Bengkulu
TRX04656,2023-06-06,Tuesday,6,2023,Bayar sarapan soto betawi di warung langganan,Mixue,Makanan & Minuman,25000,Pengeluaran,0,OVO,Online,0,Denpasar
TRX04657,2023-09-29,Friday,9,2023,Beli token wifi internet prabayar via m-banking,Pertagas,Utilitas,291000,Pengeluaran,0,GoPay,Online,0,Bogor
TRX04658,2024-11-09,Saturday,11,2024,Pesan nasi goreng via aplikasi pesan antar makanan,McDonalds,Makanan & Minuman,168000,Pengeluaran,0,ShopeePay,Online,0,Yogyakarta
TRX04659,2024-06-03,Monday,6,2024,Beli token listrik PLN prabayar via m-banking,PDAM,Utilitas,211000,Pengeluaran,0,OVO,Online,0,Malang
TRX04660,2026-04-21,Tuesday,4,2026,Jajanan bakso urat pas nongkrong malam minggu,Warung Makan,Makanan & Minuman,74000,Pengeluaran,0,BRI,Online,0,Tangerang
TRX04661,2023-09-19,Tuesday,9,2023,Jajanan bakso urat pas nongkrong malam minggu,Bakso Pak Kumis,Makanan & Minuman,180000,Pengeluaran,0,OVO,Online,0,Makassar
TRX04662,2023-01-17,Tuesday,1,2023,Tebus resep obat skincare & sabun cuci muka di apotek langganan,Century,Kesehatan,412000,Pengeluaran,0,BCA,Online,0,Makassar
TRX04663,2024-10-28,Monday,10,2024,Alokasi investasi berkala obligasi negara,Indodax,Investasi,2404000,Pengeluaran,0,BNI,Online,0,Yogyakarta
TRX04664,2024-09-07,Saturday,9,2024,Bayar sarapan sate ayam di warung langganan,McDonalds,Makanan & Minuman,92000,Pengeluaran,0,Mandiri,Online,0,Makassar
TRX04665,2024-05-22,Wednesday,5,2024,Bayar rekening listrik PLN tepat waktu di PDAM,PDAM,Utilitas,388000,Pengeluaran,0,DANA,Online,0,Makassar
TRX04666,2023-03-06,Monday,3,2023,Bayar langganan bulanan Spotify Premium streaming,XXI Cinema,Hiburan,55000,Pengeluaran,0,QRIS,Online,0,Denpasar
TRX04667,2023-03-12,Sunday,3,2023,Beli tiket taksi online pulang pergi luar kota,KAI,Transportasi,189000,Pengeluaran,0,GoPay,Online,0,Yogyakarta
TRX04668,2024-12-22,Sunday,12,2024,Beli tiket pesawat tiket kereta api di Tiket.com,Tiket.com,Perjalanan,1934000,Pengeluaran,0,BNI,Online,0,Palembang
TRX04669,2026-01-02,Friday,1,2026,Beli titipan detergen & sabun pakai voucher belanja,Blibli,Belanja,1091000,Pengeluaran,0,GoPay,Online,0,Jakarta
TRX04670,2025-03-29,Saturday,3,2025,Pencairan honor bonus tahunan proyek freelance,PT Sukses Bersama,Gaji,12432000,Pemasukan,1,QRIS,Online,0,Tangerang
TRX04671,2023-08-06,Sunday,8,2023,Mampir beli nasi goreng sama minuman segar,KFC,Makanan & Minuman,52000,Pengeluaran,0,DANA,Online,0,Semarang
TRX04672,2026-06-28,Sunday,6,2026,Pesan pizza via aplikasi pesan antar makanan,Chatime,Makanan & Minuman,44000,Pengeluaran,0,BCA,Online,0,Surabaya
TRX04673,2025-12-10,Wednesday,12,2025,Beli masker dan minyak kayu putih untuk stok rumah,Century,Kesehatan,455000,Pengeluaran,0,BNI,Online,0,Medan
TRX04674,2023-11-15,Wednesday,11,2023,Top up saldo kartu e-money untuk tiket KRL,KAI,Transportasi,92000,Pengeluaran,0,Mandiri,Online,0,Denpasar
TRX04675,2024-09-20,Friday,9,2024,Beli resep obat flu & pusing dan vitamin di Guardian,Guardian,Kesehatan,121000,Pengeluaran,0,DANA,Online,0,Jakarta
TRX04676,2024-01-22,Monday,1,2024,Belanja kebutuhan harian roti sobek di Uniqlo,Uniqlo,Belanja,214000,Pengeluaran,0,OVO,Online,0,Semarang
TRX04677,2023-11-27,Monday,11,2023,Beli minyak goreng dan perlengkapan rumah tangga,Superindo,Belanja,606000,Pengeluaran,0,BRI,Online,0,Jakarta
TRX04678,2023-12-31,Sunday,12,2023,Pembelian aset aset kripto untuk tabungan masa depan,Bareksa,Investasi,1694000,Pengeluaran,0,BRI,Online,0,Bandung
TRX04679,2024-05-26,Sunday,5,2024,Bayar tagihan pulsa HP bulanan rumah tangga,PLN,Utilitas,505000,Pengeluaran,0,Mandiri,Online,0,Bengkulu
TRX04680,2024-08-27,Tuesday,8,2024,Beli mie ayam di Solaria bareng teman,Solaria,Makanan & Minuman,250000,Pengeluaran,0,GoPay,Online,0,Bogor
TRX04681,2024-06-14,Friday,6,2024,Isi ulang pulsa dan kuota listrik PLN harian,PLN,Utilitas,101000,Pengeluaran,0,Mandiri,Online,0,Depok
TRX04682,2026-03-14,Saturday,3,2026,Isi ulang pulsa dan kuota listrik PLN harian,PDAM,Utilitas,416000,Pengeluaran,0,BNI,Online,0,Palembang
TRX04683,2024-01-24,Wednesday,1,2024,Pengeluaran bulanan beli snack & mie instan di Indomaret,Indomaret,Belanja,199000,Pengeluaran,0,BCA,Online,0,Depok
TRX04684,2023-12-16,Saturday,12,2023,Checkout soto betawi promo diskon sore hari,KFC,Makanan & Minuman,117000,Pengeluaran,0,Tunai,Offline,1,Denpasar
TRX04685,2023-03-27,Monday,3,2023,Pembayaran UKT semesteran buku novel & komik,Udemy,Pendidikan,2821000,Pengeluaran,0,BNI,Online,0,Denpasar
TRX04686,2024-11-18,Monday,11,2024,Pengeluaran bulanan beli casing hp di Shopee,Shopee,Belanja,428000,Pengeluaran,0,GoPay,Online,0,Bekasi
TRX04687,2023-01-26,Thursday,1,2023,Makan pizza pas jam istirahat kantor,Warung Makan,Makanan & Minuman,99000,Pengeluaran,0,GoPay,Online,0,Denpasar
TRX04688,2023-08-27,Sunday,8,2023,Pengeluaran bulanan beli baju kaos di Matahari,Matahari,Belanja,789000,Pengeluaran,0,ShopeePay,Online,0,Bandung
TRX04689,2026-03-04,Wednesday,3,2026,Mampir beli ayam geprek sama minuman segar,Warung Makan,Makanan & Minuman,166000,Pengeluaran,0,Tunai,Offline,1,Surabaya
TRX04690,2026-04-12,Sunday,4,2026,Top up voucher game film bioskop XXI pas akhir pekan,PlayStation Store,Hiburan,111000,Pengeluaran,0,QRIS,Online,0,Denpasar
TRX04691,2023-08-20,Sunday,8,2023,Beli titipan detergen & sabun pakai voucher belanja,Superindo,Belanja,197000,Pengeluaran,0,Tunai,Offline,1,Denpasar
TRX04692,2025-01-11,Saturday,1,2025,Beli tiket e-toll pulang pergi luar kota,Bluebird,Transportasi,58000,Pengeluaran,0,BNI,Online,0,Semarang
TRX04693,2023-12-11,Monday,12,2023,Belanja kebutuhan harian detergen & sabun di Tokopedia,Tokopedia,Belanja,357000,Pengeluaran,0,BCA,Online,0,Surabaya
TRX04694,2025-07-11,Friday,7,2025,Belanja kebutuhan harian sepatu sneaker di Alfamart,Alfamart,Belanja,1061000,Pengeluaran,0,QRIS,Online,0,Palembang
TRX04695,2026-06-20,Saturday,6,2026,Reservasi paket tur dan liburan villa pantai,Lion Air,Perjalanan,3281000,Pengeluaran,0,QRIS,Online,0,Denpasar
TRX04696,2023-06-01,Thursday,6,2023,Beli bensin taksi online di SPBU langganan,Maxim,Transportasi,163000,Pengeluaran,0,BNI,Online,0,Medan
TRX04697,2025-02-28,Friday,2,2025,Bayar tagihan gas LPG bulanan rumah tangga,M3 Ooredoo,Utilitas,476000,Pengeluaran,0,QRIS,Online,0,Semarang
TRX04698,2026-03-27,Friday,3,2026,Pesan kopi susu via aplikasi pesan antar makanan,Warung Makan,Makanan & Minuman,199000,Pengeluaran,0,Tunai,Offline,1,Bengkulu
TRX04699,2023-02-22,Wednesday,2,2023,Beli tiket nonton Netflix 1 bulan di CGV,CGV,Hiburan,294000,Pengeluaran,0,GoPay,Online,0,Depok
TRX04700,2023-10-09,Monday,10,2023,Pesan mie ayam via aplikasi pesan antar makanan,Warung Makan,Makanan & Minuman,242000,Pengeluaran,0,QRIS,Online,0,Bandung
TRX04701,2026-01-17,Saturday,1,2026,Checkout sepatu sneaker pas diskon tanggal kembar,Alfamart,Belanja,540000,Pengeluaran,0,OVO,Online,0,Yogyakarta
TRX04702,2023-06-17,Saturday,6,2023,Gaji pokok bulanan dari PT Teknologi Karya,PT Teknologi Karya,Gaji,13760000,Pemasukan,1,Mandiri,Online,0,Depok
TRX04703,2024-06-02,Sunday,6,2024,Jajanan mie ayam pas nongkrong malam minggu,Mixue,Makanan & Minuman,219000,Pengeluaran,0,Tunai,Offline,1,Yogyakarta
TRX04704,2025-08-28,Thursday,8,2025,Beli sepatu sneaker baru via e-commerce,Superindo,Belanja,430000,Pengeluaran,0,ShopeePay,Online,0,Yogyakarta
TRX04705,2025-05-23,Friday,5,2025,Bayar ongkos tiket KRL berangkat kerja di TransJakarta,TransJakarta,Transportasi,148000,Pengeluaran,0,DANA,Online,0,Yogyakarta
TRX04706,2023-10-02,Monday,10,2023,Pesan boba tea via aplikasi pesan antar makanan,Kopi Kenangan,Makanan & Minuman,218000,Pengeluaran,0,BCA,Online,0,Jakarta
TRX04707,2024-05-08,Wednesday,5,2024,Beli perlengkapan obat flu & pusing dan obat flu,Guardian,Kesehatan,104000,Pengeluaran,0,Tunai,Offline,1,Bengkulu
TRX04708,2026-05-10,Sunday,5,2026,Pesan kendaraan online bensin Pertamax pas hujan,TransJakarta,Transportasi,128000,Pengeluaran,0,BRI,Online,0,Makassar
TRX04709,2024-07-20,Saturday,7,2024,Makan sate ayam pas jam istirahat kantor,Warung Makan,Makanan & Minuman,126000,Pengeluaran,0,ShopeePay,Online,0,Malang
TRX04710,2024-02-29,Thursday,2,2024,Gaji pokok bulanan dari Client Freelance,Client Freelance,Gaji,13955000,Pemasukan,1,BRI,Online,0,Medan
TRX04711,2026-02-11,Wednesday,2,2026,Pencairan honor bonus tahunan proyek freelance,Bank Central,Gaji,9749000,Pemasukan,1,OVO,Online,0,Bengkulu
TRX04712,2024-01-28,Sunday,1,2024,Reservasi paket tur dan liburan tiket pesawat,KAI Access,Perjalanan,3793000,Pengeluaran,0,ShopeePay,Online,0,Jakarta
TRX04713,2025-09-06,Saturday,9,2025,Top up voucher game film bioskop XXI pas akhir pekan,PlayStation Store,Hiburan,122000,Pengeluaran,0,Mandiri,Online,0,Makassar
TRX04714,2025-07-24,Thursday,7,2025,Beli tiket ojek online pulang pergi luar kota,KAI,Transportasi,167000,Pengeluaran,0,GoPay,Online,0,Malang
TRX04715,2024-04-26,Friday,4,2024,Pesan mie ayam via aplikasi pesan antar makanan,KFC,Makanan & Minuman,187000,Pengeluaran,0,Tunai,Offline,1,Medan
TRX04716,2024-10-14,Monday,10,2024,Checkout nasi goreng promo diskon sore hari,Kopi Kenangan,Makanan & Minuman,16000,Pengeluaran,0,BCA,Online,0,Yogyakarta
TRX04717,2025-09-08,Monday,9,2025,Beli snack & mie instan baru via e-commerce,Lazada,Belanja,603000,Pengeluaran,0,OVO,Online,0,Medan
TRX04718,2024-12-10,Tuesday,12,2024,Beli token pulsa HP prabayar via m-banking,XL Axiata,Utilitas,122000,Pengeluaran,0,Mandiri,Online,0,Denpasar
TRX04719,2023-01-24,Tuesday,1,2023,Beli resep skincare & sabun cuci muka dan vitamin di Century,Century,Kesehatan,655000,Pengeluaran,0,QRIS,Online,0,Denpasar
TRX04720,2024-07-26,Friday,7,2024,Beli bensin bensin Pertamax di SPBU langganan,KCI Commuter,Transportasi,104000,Pengeluaran,0,GoPay,Online,0,Makassar
TRX04721,2023-07-26,Wednesday,7,2023,Checkout nasi goreng promo diskon sore hari,Bakso Pak Kumis,Makanan & Minuman,171000,Pengeluaran,0,Tunai,Offline,1,Semarang
TRX04722,2023-07-17,Monday,7,2023,Penerimaan insentif proyek masuk ke rekening utama,PT Teknologi Karya,Gaji,6760000,Pemasukan,1,BCA,Online,0,Malang
TRX04723,2025-04-21,Monday,4,2025,Bayar rekening listrik PLN tepat waktu di M3 Ooredoo,M3 Ooredoo,Utilitas,285000,Pengeluaran,0,OVO,Online,0,Medan
TRX04724,2025-04-03,Thursday,4,2025,Sewa kendaraan tiket KRL untuk perjalanan harian,Gojek,Transportasi,17000,Pengeluaran,0,QRIS,Online,0,Surabaya
TRX04725,2025-10-03,Friday,10,2025,Bayar sarapan ayam geprek di warung langganan,McDonalds,Makanan & Minuman,81000,Pengeluaran,0,Tunai,Offline,1,Bogor
TRX04726,2025-09-24,Wednesday,9,2025,Beli resep suplemen imun dan vitamin di RS Siloam,RS Siloam,Kesehatan,756000,Pengeluaran,0,Tunai,Offline,1,Bogor
TRX04727,2023-12-20,Wednesday,12,2023,Pesan bakso urat via aplikasi pesan antar makanan,Mixue,Makanan & Minuman,147000,Pengeluaran,0,Tunai,Offline,1,Surabaya
TRX04728,2025-12-13,Saturday,12,2025,Bayar konsultasi dokter dan beli minyak kayu putih,Guardian,Kesehatan,391000,Pengeluaran,0,QRIS,Online,0,Bengkulu
TRX04729,2025-06-26,Thursday,6,2025,Bayar ongkos bensin Pertamax berangkat kerja di MyPertamina,MyPertamina,Transportasi,28000,Pengeluaran,0,BRI,Online,0,Yogyakarta
TRX04730,2024-10-11,Friday,10,2024,Alokasi investasi berkala saham blue chip,Stockbit,Investasi,990000,Pengeluaran,0,BNI,Online,0,Surabaya
TRX04731,2024-09-18,Wednesday,9,2024,Penerimaan bonus tahunan masuk ke rekening utama,PT Teknologi Karya,Gaji,4029000,Pemasukan,1,ShopeePay,Online,0,Denpasar
TRX04732,2025-04-04,Friday,4,2025,Makan malam nasi goreng bareng keluarga,Bakso Pak Kumis,Makanan & Minuman,202000,Pengeluaran,0,QRIS,Online,0,Bengkulu
TRX04733,2023-02-23,Thursday,2,2023,Beli bakso urat di Mixue bareng teman,Mixue,Makanan & Minuman,77000,Pengeluaran,0,QRIS,Online,0,Denpasar
TRX04734,2025-02-01,Saturday,2,2025,Beli bensin ojek online di SPBU langganan,Gojek,Transportasi,27000,Pengeluaran,0,ShopeePay,Online,0,Bandung
TRX04735,2024-09-15,Sunday,9,2024,Makan nasi goreng pas jam istirahat kantor,Chatime,Makanan & Minuman,129000,Pengeluaran,0,Tunai,Offline,1,Denpasar
TRX04736,2024-06-20,Thursday,6,2024,Reservasi paket tur dan liburan villa pantai,Traveloka,Perjalanan,3950000,Pengeluaran,0,Mandiri,Online,0,Bandung
TRX04737,2023-05-12,Friday,5,2023,Beli titipan tas punggung pakai voucher belanja,Matahari,Belanja,47000,Pengeluaran,0,Tunai,Offline,1,Bandung
TRX04738,2023-02-12,Sunday,2,2023,Beli tas punggung dan perlengkapan rumah tangga,Superindo,Belanja,461000,Pengeluaran,0,QRIS,Online,0,Semarang
TRX04739,2023-09-23,Saturday,9,2023,Makan boba tea pas jam istirahat kantor,Solaria,Makanan & Minuman,237000,Pengeluaran,0,Tunai,Offline,1,Jakarta
TRX04740,2024-08-25,Sunday,8,2024,Beli resep obat flu & pusing dan vitamin di Kimia Farma,Kimia Farma,Kesehatan,674000,Pengeluaran,0,Mandiri,Online,0,Surabaya
TRX04741,2024-04-25,Thursday,4,2024,Beli tas punggung baru via e-commerce,Uniqlo,Belanja,646000,Pengeluaran,0,Tunai,Offline,1,Bekasi
TRX04742,2025-08-25,Monday,8,2025,Sewa kendaraan bensin Pertamax untuk perjalanan harian,Maxim,Transportasi,69000,Pengeluaran,0,GoPay,Online,0,Palembang
TRX04743,2025-08-08,Friday,8,2025,Makan malam soto betawi bareng keluarga,KFC,Makanan & Minuman,218000,Pengeluaran,0,ShopeePay,Online,0,Tangerang
TRX04744,2026-05-13,Wednesday,5,2026,Langganan fitur premium wahana rekreasi bulanan,Steam,Hiburan,284000,Pengeluaran,0,ShopeePay,Online,0,Depok
TRX04745,2025-07-18,Friday,7,2025,Pelunasan iuran pulsa HP biar aliran tetap lancar,Pertagas,Utilitas,115000,Pengeluaran,0,Mandiri,Online,0,Denpasar
TRX04746,2025-09-10,Wednesday,9,2025,Beli token air PDAM prabayar via m-banking,PDAM,Utilitas,599000,Pengeluaran,0,BNI,Online,0,Denpasar
TRX04747,2026-03-21,Saturday,3,2026,Beli ayam geprek di Kopi Kenangan bareng teman,Kopi Kenangan,Makanan & Minuman,86000,Pengeluaran,0,Mandiri,Online,0,Jakarta
TRX04748,2024-07-17,Wednesday,7,2024,Beli snack & mie instan dan perlengkapan rumah tangga,Matahari,Belanja,724000,Pengeluaran,0,OVO,Online,0,Depok
TRX04749,2025-11-10,Monday,11,2025,Bayar konsultasi dokter dan beli suplemen imun,Kimia Farma,Kesehatan,317000,Pengeluaran,0,Tunai,Offline,1,Denpasar
TRX04750,2023-03-04,Saturday,3,2023,Bayar rekening wifi internet tepat waktu di XL Axiata,XL Axiata,Utilitas,91000,Pengeluaran,0,Mandiri,Online,0,Bengkulu
TRX04751,2026-07-21,Tuesday,7,2026,Beli perlengkapan suplemen imun dan obat flu,Halodoc,Kesehatan,552000,Pengeluaran,0,Mandiri,Online,0,Depok
TRX04752,2026-03-10,Tuesday,3,2026,Bayar sarapan boba tea di warung langganan,Mixue,Makanan & Minuman,184000,Pengeluaran,0,BRI,Online,0,Jakarta
TRX04753,2025-01-10,Friday,1,2025,Bayar biaya kursus online sertifikasi AI,Udemy,Pendidikan,3242000,Pengeluaran,0,Mandiri,Online,0,Malang
TRX04754,2024-01-10,Wednesday,1,2024,Beli minyak goreng dan perlengkapan rumah tangga,Matahari,Belanja,88000,Pengeluaran,0,Mandiri,Online,0,Denpasar
TRX04755,2024-10-05,Saturday,10,2024,Bayar konsultasi dokter dan beli obat flu & pusing,Alodokter,Kesehatan,85000,Pengeluaran,0,BNI,Online,0,Tangerang
TRX04756,2024-12-28,Saturday,12,2024,Pesan sate ayam via aplikasi pesan antar makanan,Mixue,Makanan & Minuman,29000,Pengeluaran,0,GoPay,Online,0,Makassar
TRX04757,2024-12-14,Saturday,12,2024,Pesan kendaraan online tiket KRL pas hujan,KAI,Transportasi,82000,Pengeluaran,0,BCA,Online,0,Yogyakarta
TRX04758,2025-11-23,Sunday,11,2025,Top up saldo kartu e-money untuk taksi online,Bluebird,Transportasi,188000,Pengeluaran,0,ShopeePay,Online,0,Bogor
TRX04759,2025-12-12,Friday,12,2025,Bayar tagihan air PDAM bulanan rumah tangga,Indihome,Utilitas,82000,Pengeluaran,0,BCA,Online,0,Yogyakarta
TRX04760,2023-10-14,Saturday,10,2023,Penerimaan insentif proyek masuk ke rekening utama,PT Nusantara Digital,Gaji,13669000,Pemasukan,1,DANA,Online,0,Tangerang
TRX04761,2023-05-20,Saturday,5,2023,Reservasi paket tur dan liburan tiket kereta api,Tiket.com,Perjalanan,1165000,Pengeluaran,0,DANA,Online,0,Makassar
TRX04762,2025-10-04,Saturday,10,2025,Bayar tagihan wifi internet bulanan rumah tangga,PLN,Utilitas,73000,Pengeluaran,0,QRIS,Online,0,Denpasar
TRX04763,2025-05-25,Sunday,5,2025,Beli roti sobek dan perlengkapan rumah tangga,Indomaret,Belanja,584000,Pengeluaran,0,Tunai,Offline,1,Palembang
TRX04764,2023-09-16,Saturday,9,2023,Bayar ongkos taksi online berangkat kerja di KCI Commuter,KCI Commuter,Transportasi,188000,Pengeluaran,0,QRIS,Online,0,Malang
TRX04765,2026-01-28,Wednesday,1,2026,Beli titipan baju kaos pakai voucher belanja,Indomaret,Belanja,57000,Pengeluaran,0,ShopeePay,Online,0,Yogyakarta
TRX04766,2025-08-12,Tuesday,8,2025,Beli bensin bensin Pertamax di SPBU langganan,KAI,Transportasi,93000,Pengeluaran,0,DANA,Online,0,Tangerang
TRX04767,2023-04-07,Friday,4,2023,Bayar ongkos bensin Pertamax berangkat kerja di KCI Commuter,KCI Commuter,Transportasi,128000,Pengeluaran,0,Mandiri,Online,0,Bandung
TRX04768,2024-09-22,Sunday,9,2024,Beli masker dan suplemen imun untuk stok rumah,Guardian,Kesehatan,609000,Pengeluaran,0,DANA,Online,0,Bengkulu
TRX04769,2024-06-09,Sunday,6,2024,Penerimaan bonus tahunan masuk ke rekening utama,PT Nusantara Digital,Gaji,12045000,Pemasukan,1,Mandiri,Online,0,Denpasar
TRX04770,2023-07-27,Thursday,7,2023,Beli masker dan minyak kayu putih untuk stok rumah,Alodokter,Kesehatan,788000,Pengeluaran,0,BRI,Online,0,Semarang
TRX04771,2025-04-07,Monday,4,2025,Tebus resep obat skincare & sabun cuci muka di apotek langganan,Apotek K-24,Kesehatan,52000,Pengeluaran,0,ShopeePay,Online,0,Surabaya
TRX04772,2023-08-04,Friday,8,2023,Beli buku kursus Data Science di Penerbit Erlangga,Penerbit Erlangga,Pendidikan,481000,Pengeluaran,0,ShopeePay,Online,0,Palembang
TRX04773,2024-08-13,Tuesday,8,2024,Mampir beli bakso urat sama minuman segar,Bakso Pak Kumis,Makanan & Minuman,106000,Pengeluaran,0,GoPay,Online,0,Surabaya
TRX04774,2025-11-10,Monday,11,2025,Beli perlengkapan suplemen imun dan obat flu,Apotek K-24,Kesehatan,638000,Pengeluaran,0,Tunai,Offline,1,Bogor
TRX04775,2025-08-30,Saturday,8,2025,Bayar sarapan sate ayam di warung langganan,Bakso Pak Kumis,Makanan & Minuman,246000,Pengeluaran,0,QRIS,Online,0,Medan
TRX04776,2023-11-13,Monday,11,2023,Beli tas punggung dan perlengkapan rumah tangga,Hypermart,Belanja,83000,Pengeluaran,0,GoPay,Online,0,Medan
TRX04777,2025-02-17,Monday,2,2025,Bayar sarapan ayam geprek di warung langganan,KFC,Makanan & Minuman,46000,Pengeluaran,0,Tunai,Offline,1,Makassar
TRX04778,2024-06-12,Wednesday,6,2024,Beli bakso urat di KFC bareng teman,KFC,Makanan & Minuman,178000,Pengeluaran,0,Tunai,Offline,1,Palembang
TRX04779,2023-01-24,Tuesday,1,2023,Bayar rekening pulsa HP tepat waktu di Biznet,Biznet,Utilitas,258000,Pengeluaran,0,BCA,Online,0,Tangerang
TRX04780,2023-03-09,Thursday,3,2023,Belanja kebutuhan harian sepatu sneaker di Tokopedia,Tokopedia,Belanja,658000,Pengeluaran,0,OVO,Online,0,Tangerang
TRX04781,2025-06-15,Sunday,6,2025,Gaji pokok bulanan dari PT Teknologi Karya,PT Teknologi Karya,Gaji,12200000,Pemasukan,1,BRI,Online,0,Makassar
TRX04782,2025-05-19,Monday,5,2025,Checkout bakso urat promo diskon sore hari,Solaria,Makanan & Minuman,186000,Pengeluaran,0,QRIS,Online,0,Semarang
TRX04783,2023-10-18,Wednesday,10,2023,Beli titipan snack & mie instan pakai voucher belanja,Indomaret,Belanja,699000,Pengeluaran,0,DANA,Online,0,Tangerang
TRX04784,2024-10-10,Thursday,10,2024,Pembayaran paket langganan pulsa HP kecepatan tinggi,Indihome,Utilitas,180000,Pengeluaran,0,GoPay,Online,0,Jakarta
TRX04785,2025-12-29,Monday,12,2025,Mampir beli pizza sama minuman segar,Sederhana,Makanan & Minuman,23000,Pengeluaran,0,Tunai,Offline,1,Medan
TRX04786,2023-10-01,Sunday,10,2023,Bayar sarapan boba tea di warung langganan,Mixue,Makanan & Minuman,226000,Pengeluaran,0,BCA,Online,0,Bekasi
TRX04787,2024-02-27,Tuesday,2,2024,Beli instrumen investasi aset kripto bulanan,Indodax,Investasi,2180000,Pengeluaran,0,ShopeePay,Online,0,Jakarta
TRX04788,2024-11-19,Tuesday,11,2024,Beli boba tea di Kopi Kenangan bareng teman,Kopi Kenangan,Makanan & Minuman,238000,Pengeluaran,0,ShopeePay,Online,0,Surabaya
TRX04789,2026-04-14,Tuesday,4,2026,Transfer bonus tahunan atas hasil kerja keras sebulan,Client Freelance,Gaji,11995000,Pemasukan,1,QRIS,Online,0,Depok
TRX04790,2023-09-27,Wednesday,9,2023,Mampir minimarket beli tas punggung stok mingguan,Superindo,Belanja,1025000,Pengeluaran,0,QRIS,Online,0,Tangerang
TRX04791,2024-07-14,Sunday,7,2024,Beli token gas LPG prabayar via m-banking,Telkomsel,Utilitas,84000,Pengeluaran,0,QRIS,Online,0,Palembang
TRX04792,2024-08-01,Thursday,8,2024,Beli resep suplemen imun dan vitamin di Kimia Farma,Kimia Farma,Kesehatan,425000,Pengeluaran,0,ShopeePay,Online,0,Depok
TRX04793,2023-10-05,Thursday,10,2023,Checkout roti sobek pas diskon tanggal kembar,Lazada,Belanja,961000,Pengeluaran,0,GoPay,Online,0,Tangerang
TRX04794,2024-03-01,Friday,3,2024,Pelunasan iuran gas LPG biar aliran tetap lancar,Biznet,Utilitas,347000,Pengeluaran,0,OVO,Online,0,Jakarta
TRX04795,2026-04-08,Wednesday,4,2026,Mampir beli nasi goreng sama minuman segar,KFC,Makanan & Minuman,21000,Pengeluaran,0,GoPay,Online,0,Semarang
TRX04796,2024-12-26,Thursday,12,2024,Bayar ongkos ojek online berangkat kerja di Bluebird,Bluebird,Transportasi,121000,Pengeluaran,0,BCA,Online,0,Malang
TRX04797,2026-06-12,Friday,6,2026,Bayar langganan bulanan Netflix 1 bulan streaming,DuFan,Hiburan,353000,Pengeluaran,0,QRIS,Online,0,Yogyakarta
TRX04798,2023-03-05,Sunday,3,2023,Checkout roti sobek pas diskon tanggal kembar,Tokopedia,Belanja,763000,Pengeluaran,0,BNI,Online,0,Bekasi
TRX04799,2025-09-03,Wednesday,9,2025,Beli titipan roti sobek pakai voucher belanja,Indomaret,Belanja,141000,Pengeluaran,0,Tunai,Offline,1,Makassar
TRX04800,2023-05-01,Monday,5,2023,Transfer payroll bulanan atas hasil kerja keras sebulan,PT Teknologi Karya,Gaji,11578000,Pemasukan,1,ShopeePay,Online,0,Depok
TRX04801,2025-12-23,Tuesday,12,2025,Mampir minimarket beli sepatu sneaker stok mingguan,Superindo,Belanja,1165000,Pengeluaran,0,BRI,Online,0,Bengkulu
TRX04802,2024-05-12,Sunday,5,2024,Beli snack & mie instan baru via e-commerce,Blibli,Belanja,873000,Pengeluaran,0,GoPay,Online,0,Depok
TRX04803,2024-09-19,Thursday,9,2024,Transfer payroll bulanan atas hasil kerja keras sebulan,PT Sukses Bersama,Gaji,18455000,Pemasukan,1,ShopeePay,Online,0,Depok
TRX04804,2023-08-26,Saturday,8,2023,Jajanan bakso urat pas nongkrong malam minggu,Bakso Pak Kumis,Makanan & Minuman,196000,Pengeluaran,0,BRI,Online,0,Yogyakarta
TRX04805,2023-08-07,Monday,8,2023,Bayar rekening air PDAM tepat waktu di Indihome,Indihome,Utilitas,336000,Pengeluaran,0,BCA,Online,0,Bandung
TRX04806,2024-03-12,Tuesday,3,2024,Gaji pokok bulanan dari PT Teknologi Karya,PT Teknologi Karya,Gaji,19090000,Pemasukan,1,OVO,Online,0,Surabaya
TRX04807,2025-08-03,Sunday,8,2025,Beli titipan detergen & sabun pakai voucher belanja,Superindo,Belanja,591000,Pengeluaran,0,QRIS,Online,0,Bekasi
TRX04808,2025-03-08,Saturday,3,2025,Belanja kebutuhan harian baju kaos di Uniqlo,Uniqlo,Belanja,359000,Pengeluaran,0,Mandiri,Online,0,Denpasar
TRX04809,2023-06-12,Monday,6,2023,Top up reksa dana aset kripto di Bibit,Bibit,Investasi,656000,Pengeluaran,0,BRI,Online,0,Denpasar
TRX04810,2026-05-20,Wednesday,5,2026,Checkout sate ayam promo diskon sore hari,Kopi Kenangan,Makanan & Minuman,165000,Pengeluaran,0,ShopeePay,Online,0,Bekasi
TRX04811,2023-10-04,Wednesday,10,2023,Mampir minimarket beli tas punggung stok mingguan,Hypermart,Belanja,583000,Pengeluaran,0,Tunai,Offline,1,Malang
TRX04812,2024-03-06,Wednesday,3,2024,Beli titipan casing hp pakai voucher belanja,Superindo,Belanja,494000,Pengeluaran,0,DANA,Online,0,Medan
TRX04813,2023-09-30,Saturday,9,2023,Top up saldo kartu e-money untuk e-toll,KAI,Transportasi,158000,Pengeluaran,0,BRI,Online,0,Surabaya
TRX04814,2024-12-06,Friday,12,2024,Makan malam ayam geprek bareng keluarga,Gacoan,Makanan & Minuman,15000,Pengeluaran,0,BRI,Online,0,Surabaya
TRX04815,2024-06-11,Tuesday,6,2024,Makan malam burger bareng keluarga,Chatime,Makanan & Minuman,239000,Pengeluaran,0,OVO,Online,0,Tangerang
TRX04816,2024-12-04,Wednesday,12,2024,Checkout bakso urat promo diskon sore hari,Kopi Kenangan,Makanan & Minuman,246000,Pengeluaran,0,Mandiri,Online,0,Surabaya
TRX04817,2023-02-23,Thursday,2,2023,Belanja kebutuhan harian casing hp di Alfamart,Alfamart,Belanja,1163000,Pengeluaran,0,BCA,Online,0,Bengkulu
TRX04818,2026-03-09,Monday,3,2026,Beli tiket pesawat villa pantai di Traveloka,Traveloka,Perjalanan,2208000,Pengeluaran,0,DANA,Online,0,Yogyakarta
TRX04819,2024-04-11,Thursday,4,2024,Jajanan pizza pas nongkrong malam minggu,McDonalds,Makanan & Minuman,64000,Pengeluaran,0,QRIS,Online,0,Surabaya
TRX04820,2024-09-29,Sunday,9,2024,Bayar rekening air PDAM tepat waktu di PLN,PLN,Utilitas,514000,Pengeluaran,0,GoPay,Online,0,Malang
TRX04821,2023-02-24,Friday,2,2023,Bayar rekening gas LPG tepat waktu di XL Axiata,XL Axiata,Utilitas,68000,Pengeluaran,0,BCA,Online,0,Malang
TRX04822,2023-05-01,Monday,5,2023,Pembayaran paket langganan listrik PLN kecepatan tinggi,Indihome,Utilitas,539000,Pengeluaran,0,BNI,Online,0,Bogor
TRX04823,2023-11-17,Friday,11,2023,Pembelian aset aset kripto untuk tabungan masa depan,Bibit,Investasi,837000,Pengeluaran,0,Mandiri,Online,0,Malang
TRX04824,2024-10-24,Thursday,10,2024,Gaji pokok bulanan dari PT Nusantara Digital,PT Nusantara Digital,Gaji,10371000,Pemasukan,1,BNI,Online,0,Bogor
TRX04825,2024-11-02,Saturday,11,2024,Beli masker dan minyak kayu putih untuk stok rumah,RS Siloam,Kesehatan,768000,Pengeluaran,0,GoPay,Online,0,Surabaya
TRX04826,2025-07-31,Thursday,7,2025,Checkout detergen & sabun pas diskon tanggal kembar,Matahari,Belanja,367000,Pengeluaran,0,Tunai,Offline,1,Bogor
TRX04827,2026-02-02,Monday,2,2026,Bayar tagihan pulsa HP bulanan rumah tangga,PLN,Utilitas,339000,Pengeluaran,0,BNI,Online,0,Yogyakarta
TRX04828,2024-11-19,Tuesday,11,2024,Bayar sarapan bakso urat di warung langganan,Chatime,Makanan & Minuman,21000,Pengeluaran,0,Tunai,Offline,1,Denpasar
TRX04829,2026-07-04,Saturday,7,2026,Pembayaran paket langganan wifi internet kecepatan tinggi,Pertagas,Utilitas,546000,Pengeluaran,0,GoPay,Online,0,Makassar
TRX04830,2026-01-13,Tuesday,1,2026,Beli minyak goreng baru via e-commerce,Alfamart,Belanja,223000,Pengeluaran,0,BCA,Online,0,Semarang
TRX04831,2026-06-20,Saturday,6,2026,Bayar konsultasi dokter dan beli vitamin C,Alodokter,Kesehatan,430000,Pengeluaran,0,QRIS,Online,0,Bengkulu
TRX04832,2025-03-16,Sunday,3,2025,Makan malam burger bareng keluarga,McDonalds,Makanan & Minuman,101000,Pengeluaran,0,Tunai,Offline,1,Depok
TRX04833,2023-09-13,Wednesday,9,2023,Beli detergen & sabun dan perlengkapan rumah tangga,Tokopedia,Belanja,487000,Pengeluaran,0,QRIS,Online,0,Tangerang
TRX04834,2024-10-25,Friday,10,2024,Beli perlengkapan alat tulis UKT kuliah kuliah,Penerbit Erlangga,Pendidikan,698000,Pengeluaran,0,BNI,Online,0,Yogyakarta
TRX04835,2025-03-01,Saturday,3,2025,Beli snack & mie instan baru via e-commerce,Shopee,Belanja,437000,Pengeluaran,0,QRIS,Online,0,Surabaya
TRX04836,2025-05-21,Wednesday,5,2025,Tebus resep obat suplemen imun di apotek langganan,Guardian,Kesehatan,292000,Pengeluaran,0,DANA,Online,0,Denpasar
TRX04837,2026-02-20,Friday,2,2026,Pencairan honor payroll bulanan proyek freelance,Client Freelance,Gaji,15293000,Pemasukan,1,ShopeePay,Online,0,Makassar
TRX04838,2025-07-03,Thursday,7,2025,Belanja kebutuhan harian baju kaos di Indomaret,Indomaret,Belanja,834000,Pengeluaran,0,OVO,Online,0,Yogyakarta
TRX04839,2023-11-06,Monday,11,2023,Reservasi paket tur dan liburan hotel & resort,Agoda,Perjalanan,2234000,Pengeluaran,0,DANA,Online,0,Denpasar
TRX04840,2026-06-05,Friday,6,2026,Beli tiket masuk Spotify Premium sama teman-teman,XXI Cinema,Hiburan,56000,Pengeluaran,0,BNI,Online,0,Bandung
TRX04841,2024-07-24,Wednesday,7,2024,Transfer honor freelance atas hasil kerja keras sebulan,PT Nusantara Digital,Gaji,15177000,Pemasukan,1,ShopeePay,Online,0,Bandung
TRX04842,2024-06-13,Thursday,6,2024,Sewa akomodasi perjalanan hotel & resort luar kota,Garuda Indonesia,Perjalanan,3907000,Pengeluaran,0,BCA,Online,0,Semarang
TRX04843,2023-03-22,Wednesday,3,2023,Pelunasan iuran pulsa HP biar aliran tetap lancar,Biznet,Utilitas,119000,Pengeluaran,0,ShopeePay,Online,0,Bogor
TRX04844,2025-07-04,Friday,7,2025,Mampir minimarket beli sepatu sneaker stok mingguan,Matahari,Belanja,310000,Pengeluaran,0,Mandiri,Online,0,Bengkulu
TRX04845,2023-11-22,Wednesday,11,2023,Isi ulang pulsa dan kuota wifi internet harian,Biznet,Utilitas,170000,Pengeluaran,0,BRI,Online,0,Makassar
TRX04846,2025-03-08,Saturday,3,2025,Bayar langganan bulanan film bioskop XXI streaming,XXI Cinema,Hiburan,157000,Pengeluaran,0,BCA,Online,0,Jakarta
TRX04847,2026-02-05,Thursday,2,2026,Beli masker dan minyak kayu putih untuk stok rumah,Alodokter,Kesehatan,387000,Pengeluaran,0,BNI,Online,0,Makassar
TRX04848,2024-04-24,Wednesday,4,2024,Checkout ayam geprek promo diskon sore hari,Chatime,Makanan & Minuman,213000,Pengeluaran,0,BCA,Online,0,Jakarta
TRX04849,2026-04-03,Friday,4,2026,Isi ulang pulsa dan kuota wifi internet harian,PLN,Utilitas,600000,Pengeluaran,0,Mandiri,Online,0,Palembang
TRX04850,2026-05-25,Monday,5,2026,Bayar sarapan nasi goreng di warung langganan,Bakso Pak Kumis,Makanan & Minuman,245000,Pengeluaran,0,BNI,Online,0,Bogor
TRX04851,2024-05-18,Saturday,5,2024,Bayar konsultasi dokter dan beli skincare & sabun cuci muka,Alodokter,Kesehatan,158000,Pengeluaran,0,GoPay,Online,0,Palembang
TRX04852,2026-01-02,Friday,1,2026,Beli titipan tas punggung pakai voucher belanja,Matahari,Belanja,928000,Pengeluaran,0,BCA,Online,0,Bekasi
TRX04853,2025-10-17,Friday,10,2025,Beli resep obat flu & pusing dan vitamin di Alodokter,Alodokter,Kesehatan,540000,Pengeluaran,0,OVO,Online,0,Surabaya
TRX04854,2024-07-23,Tuesday,7,2024,Beli resep suplemen imun dan vitamin di Apotek K-24,Apotek K-24,Kesehatan,82000,Pengeluaran,0,BNI,Online,0,Bekasi
TRX04855,2025-09-26,Friday,9,2025,Reservasi paket tur dan liburan tiket pesawat,Agoda,Perjalanan,3885000,Pengeluaran,0,BNI,Online,0,Bengkulu
TRX04856,2025-02-20,Thursday,2,2025,Pesan mie ayam via aplikasi pesan antar makanan,Kopi Kenangan,Makanan & Minuman,238000,Pengeluaran,0,Tunai,Offline,1,Makassar
TRX04857,2025-09-05,Friday,9,2025,Sewa kendaraan ojek online untuk perjalanan harian,KCI Commuter,Transportasi,93000,Pengeluaran,0,QRIS,Online,0,Makassar
TRX04858,2025-10-24,Friday,10,2025,Beli sepatu sneaker dan perlengkapan rumah tangga,Indomaret,Belanja,1129000,Pengeluaran,0,QRIS,Online,0,Surabaya
TRX04859,2024-07-15,Monday,7,2024,Bayar sarapan boba tea di warung langganan,Mixue,Makanan & Minuman,175000,Pengeluaran,0,Tunai,Offline,1,Surabaya
TRX04860,2026-05-22,Friday,5,2026,Isi ulang pulsa dan kuota air PDAM harian,Pertagas,Utilitas,262000,Pengeluaran,0,QRIS,Online,0,Bengkulu
TRX04861,2026-03-17,Tuesday,3,2026,Bayar sarapan ayam geprek di warung langganan,McDonalds,Makanan & Minuman,197000,Pengeluaran,0,Tunai,Offline,1,Bogor
TRX04862,2026-04-13,Monday,4,2026,Beli resep vitamin C dan vitamin di Century,Century,Kesehatan,351000,Pengeluaran,0,BCA,Online,0,Jakarta
TRX04863,2025-08-02,Saturday,8,2025,Beli bensin bensin Pertamax di SPBU langganan,Grab,Transportasi,179000,Pengeluaran,0,BCA,Online,0,Semarang
TRX04864,2024-07-13,Saturday,7,2024,Alokasi investasi berkala aset kripto,Ajaib,Investasi,1957000,Pengeluaran,0,DANA,Online,0,Surabaya
TRX04865,2025-01-14,Tuesday,1,2025,Beli resep skincare & sabun cuci muka dan vitamin di Guardian,Guardian,Kesehatan,781000,Pengeluaran,0,OVO,Online,0,Palembang
TRX04866,2023-01-15,Sunday,1,2023,Beli casing hp baru via e-commerce,Hypermart,Belanja,198000,Pengeluaran,0,OVO,Online,0,Bengkulu
TRX04867,2024-09-27,Friday,9,2024,Beli titipan tas punggung pakai voucher belanja,Hypermart,Belanja,946000,Pengeluaran,0,OVO,Online,0,Depok
TRX04868,2025-02-01,Saturday,2,2025,Tebus resep obat suplemen imun di apotek langganan,Guardian,Kesehatan,440000,Pengeluaran,0,DANA,Online,0,Palembang
TRX04869,2023-04-06,Thursday,4,2023,Pembayaran paket langganan listrik PLN kecepatan tinggi,Indihome,Utilitas,400000,Pengeluaran,0,BRI,Online,0,Malang
TRX04870,2025-06-11,Wednesday,6,2025,Belanja kebutuhan harian sepatu sneaker di Uniqlo,Uniqlo,Belanja,1030000,Pengeluaran,0,QRIS,Online,0,Malang
TRX04871,2026-06-30,Tuesday,6,2026,Beli token gas LPG prabayar via m-banking,Pertagas,Utilitas,563000,Pengeluaran,0,DANA,Online,0,Bandung
TRX04872,2025-08-16,Saturday,8,2025,Checkout sepatu sneaker pas diskon tanggal kembar,Superindo,Belanja,35000,Pengeluaran,0,ShopeePay,Online,0,Makassar
TRX04873,2023-03-25,Saturday,3,2023,Beli sepatu sneaker baru via e-commerce,Matahari,Belanja,1123000,Pengeluaran,0,Mandiri,Online,0,Bengkulu
TRX04874,2025-12-13,Saturday,12,2025,Belanja kebutuhan harian detergen & sabun di Superindo,Superindo,Belanja,803000,Pengeluaran,0,BRI,Online,0,Semarang
TRX04875,2025-04-29,Tuesday,4,2025,Langganan fitur premium Netflix 1 bulan bulanan,Netflix,Hiburan,49000,Pengeluaran,0,Mandiri,Online,0,Bandung
TRX04876,2023-06-29,Thursday,6,2023,Belanja kebutuhan harian casing hp di Alfamart,Alfamart,Belanja,1139000,Pengeluaran,0,Mandiri,Online,0,Medan
TRX04877,2023-02-10,Friday,2,2023,Langganan fitur premium film bioskop XXI bulanan,CGV,Hiburan,164000,Pengeluaran,0,BCA,Online,0,Palembang
TRX04878,2024-12-25,Wednesday,12,2024,Beli minyak goreng dan perlengkapan rumah tangga,Lazada,Belanja,1096000,Pengeluaran,0,GoPay,Online,0,Bandung
TRX04879,2024-08-15,Thursday,8,2024,Belanja kebutuhan harian roti sobek di Matahari,Matahari,Belanja,728000,Pengeluaran,0,Tunai,Offline,1,Medan
TRX04880,2025-04-23,Wednesday,4,2025,Bonus kinerja dan insentif proyek dari perusahaan,PT Sukses Bersama,Gaji,10418000,Pemasukan,1,GoPay,Online,0,Surabaya
TRX04881,2025-07-16,Wednesday,7,2025,Alokasi investasi berkala saham blue chip,Pintu,Investasi,464000,Pengeluaran,0,Mandiri,Online,0,Makassar
TRX04882,2024-12-15,Sunday,12,2024,Beli instrumen investasi obligasi negara bulanan,Stockbit,Investasi,2791000,Pengeluaran,0,Mandiri,Online,0,Tangerang
TRX04883,2026-01-16,Friday,1,2026,Top up saldo kartu e-money untuk e-toll,MyPertamina,Transportasi,180000,Pengeluaran,0,QRIS,Online,0,Surabaya
TRX04884,2025-08-08,Friday,8,2025,Bonus kinerja dan insentif proyek dari perusahaan,PT Teknologi Karya,Gaji,5004000,Pemasukan,1,BNI,Online,0,Malang
TRX04885,2026-06-12,Friday,6,2026,Beli bensin taksi online di SPBU langganan,Grab,Transportasi,77000,Pengeluaran,0,OVO,Online,0,Depok
TRX04886,2026-05-19,Tuesday,5,2026,Pengeluaran bulanan beli roti sobek di Blibli,Blibli,Belanja,369000,Pengeluaran,0,OVO,Online,0,Tangerang
TRX04887,2026-01-04,Sunday,1,2026,Beli titipan minyak goreng pakai voucher belanja,Hypermart,Belanja,264000,Pengeluaran,0,DANA,Online,0,Medan
TRX04888,2025-06-08,Sunday,6,2025,Bayar tagihan listrik PLN bulanan rumah tangga,PLN,Utilitas,184000,Pengeluaran,0,DANA,Online,0,Bogor
TRX04889,2023-06-07,Wednesday,6,2023,Transfer payroll bulanan atas hasil kerja keras sebulan,PT Nusantara Digital,Gaji,7668000,Pemasukan,1,BCA,Online,0,Medan
TRX04890,2026-01-10,Saturday,1,2026,Top up reksa dana saham blue chip di Stockbit,Stockbit,Investasi,626000,Pengeluaran,0,BNI,Online,0,Tangerang
TRX04891,2025-01-18,Saturday,1,2025,Transfer gaji pokok atas hasil kerja keras sebulan,Bank Central,Gaji,15029000,Pemasukan,1,OVO,Online,0,Bandung
TRX04892,2024-09-16,Monday,9,2024,Tebus resep obat skincare & sabun cuci muka di apotek langganan,Guardian,Kesehatan,735000,Pengeluaran,0,Tunai,Offline,1,Jakarta
TRX04893,2023-07-12,Wednesday,7,2023,Checkout roti sobek pas diskon tanggal kembar,Hypermart,Belanja,507000,Pengeluaran,0,GoPay,Online,0,Jakarta
TRX04894,2025-12-04,Thursday,12,2025,Makan malam ayam geprek bareng keluarga,Bakso Pak Kumis,Makanan & Minuman,47000,Pengeluaran,0,ShopeePay,Online,0,Surabaya
TRX04895,2024-07-20,Saturday,7,2024,Checkout soto betawi promo diskon sore hari,Gacoan,Makanan & Minuman,95000,Pengeluaran,0,ShopeePay,Online,0,Bogor
TRX04896,2024-08-04,Sunday,8,2024,Beli ayam geprek di Chatime bareng teman,Chatime,Makanan & Minuman,51000,Pengeluaran,0,ShopeePay,Online,0,Semarang
TRX04897,2024-01-24,Wednesday,1,2024,Top up saldo kartu e-money untuk ojek online,MyPertamina,Transportasi,81000,Pengeluaran,0,GoPay,Online,0,Jakarta
TRX04898,2026-05-14,Thursday,5,2026,Beli ayam geprek di Bakso Pak Kumis bareng teman,Bakso Pak Kumis,Makanan & Minuman,233000,Pengeluaran,0,DANA,Online,0,Jakarta
TRX04899,2023-10-14,Saturday,10,2023,Beli titipan snack & mie instan pakai voucher belanja,Alfamart,Belanja,439000,Pengeluaran,0,Tunai,Offline,1,Depok
TRX04900,2026-06-23,Tuesday,6,2026,Pesan bakso urat via aplikasi pesan antar makanan,Kopi Kenangan,Makanan & Minuman,75000,Pengeluaran,0,Mandiri,Online,0,Depok
TRX04901,2023-09-22,Friday,9,2023,Sewa kendaraan taksi online untuk perjalanan harian,TransJakarta,Transportasi,174000,Pengeluaran,0,Mandiri,Online,0,Yogyakarta
TRX04902,2025-06-12,Thursday,6,2025,Mampir minimarket beli tas punggung stok mingguan,Superindo,Belanja,157000,Pengeluaran,0,DANA,Online,0,Makassar
TRX04903,2025-09-01,Monday,9,2025,Pembelian aset aset kripto untuk tabungan masa depan,Ajaib,Investasi,2383000,Pengeluaran,0,BNI,Online,0,Semarang
TRX04904,2025-08-16,Saturday,8,2025,Beli perlengkapan alat tulis buku novel & komik kuliah,Ruangguru,Pendidikan,1853000,Pengeluaran,0,BNI,Online,0,Makassar
TRX04905,2024-05-20,Monday,5,2024,Pencairan honor bonus tahunan proyek freelance,Bank Central,Gaji,12224000,Pemasukan,1,BRI,Online,0,Yogyakarta
TRX04906,2023-04-15,Saturday,4,2023,Beli resep skincare & sabun cuci muka dan vitamin di Kimia Farma,Kimia Farma,Kesehatan,687000,Pengeluaran,0,Tunai,Offline,1,Depok
TRX04907,2024-06-05,Wednesday,6,2024,Beli masker dan vitamin C untuk stok rumah,Apotek K-24,Kesehatan,81000,Pengeluaran,0,DANA,Online,0,Malang
TRX04908,2026-01-10,Saturday,1,2026,Beli tiket pesawat tiket kereta api di KAI Access,KAI Access,Perjalanan,2659000,Pengeluaran,0,DANA,Online,0,Yogyakarta
TRX04909,2024-01-22,Monday,1,2024,Pesan bakso urat via aplikasi pesan antar makanan,Sederhana,Makanan & Minuman,169000,Pengeluaran,0,BCA,Online,0,Medan
TRX04910,2025-07-10,Thursday,7,2025,Beli buku sertifikasi AI di Penerbit Erlangga,Penerbit Erlangga,Pendidikan,706000,Pengeluaran,0,DANA,Online,0,Makassar
TRX04911,2026-05-12,Tuesday,5,2026,Jajanan boba tea pas nongkrong malam minggu,Warung Makan,Makanan & Minuman,185000,Pengeluaran,0,QRIS,Online,0,Tangerang
TRX04912,2024-01-06,Saturday,1,2024,Pesan mie ayam via aplikasi pesan antar makanan,KFC,Makanan & Minuman,60000,Pengeluaran,0,Tunai,Offline,1,Depok
TRX04913,2025-03-12,Wednesday,3,2025,Langganan fitur premium game Steam bulanan,PlayStation Store,Hiburan,75000,Pengeluaran,0,BCA,Online,0,Jakarta
TRX04914,2024-07-19,Friday,7,2024,Beli perlengkapan suplemen imun dan obat flu,Apotek K-24,Kesehatan,250000,Pengeluaran,0,QRIS,Online,0,Semarang
TRX04915,2024-03-06,Wednesday,3,2024,Tebus resep obat minyak kayu putih di apotek langganan,Guardian,Kesehatan,632000,Pengeluaran,0,Tunai,Offline,1,Bandung
TRX04916,2023-11-17,Friday,11,2023,Top up saldo kartu e-money untuk ojek online,Gojek,Transportasi,171000,Pengeluaran,0,BRI,Online,0,Bandung
TRX04917,2025-06-23,Monday,6,2025,Beli casing hp dan perlengkapan rumah tangga,Lazada,Belanja,346000,Pengeluaran,0,BCA,Online,0,Bogor
TRX04918,2026-07-08,Wednesday,7,2026,Pelunasan iuran gas LPG biar aliran tetap lancar,Pertagas,Utilitas,543000,Pengeluaran,0,BNI,Online,0,Jakarta
TRX04919,2026-05-17,Sunday,5,2026,Pembayaran UKT semesteran sertifikasi AI,Ruangguru,Pendidikan,993000,Pengeluaran,0,BCA,Online,0,Jakarta
TRX04920,2023-03-31,Friday,3,2023,Gaji pokok bulanan dari PT Nusantara Digital,PT Nusantara Digital,Gaji,8104000,Pemasukan,1,GoPay,Online,0,Denpasar
TRX04921,2025-05-18,Sunday,5,2025,Transfer honor freelance atas hasil kerja keras sebulan,Client Freelance,Gaji,12795000,Pemasukan,1,OVO,Online,0,Makassar
TRX04922,2026-02-03,Tuesday,2,2026,Beli sepatu sneaker baru via e-commerce,Blibli,Belanja,657000,Pengeluaran,0,BCA,Online,0,Medan
TRX04923,2024-08-15,Thursday,8,2024,Checkout casing hp pas diskon tanggal kembar,Hypermart,Belanja,401000,Pengeluaran,0,OVO,Online,0,Makassar
TRX04924,2025-04-26,Saturday,4,2025,Beli tiket nonton game Steam di Steam,Steam,Hiburan,201000,Pengeluaran,0,QRIS,Online,0,Bekasi
TRX04925,2025-04-21,Monday,4,2025,Top up saldo kartu e-money untuk ojek online,MyPertamina,Transportasi,90000,Pengeluaran,0,DANA,Online,0,Medan
TRX04926,2024-10-04,Friday,10,2024,Booking penginapan dan hotel tiket kereta api liburan,Traveloka,Perjalanan,4393000,Pengeluaran,0,OVO,Online,0,Malang
TRX04927,2025-03-02,Sunday,3,2025,Beli minyak goreng baru via e-commerce,Matahari,Belanja,861000,Pengeluaran,0,OVO,Online,0,Jakarta
TRX04928,2023-03-27,Monday,3,2023,Bayar konsultasi dokter dan beli vitamin C,Guardian,Kesehatan,488000,Pengeluaran,0,BRI,Online,0,Bandung
TRX04929,2026-03-12,Thursday,3,2026,Beli masker dan skincare & sabun cuci muka untuk stok rumah,Guardian,Kesehatan,292000,Pengeluaran,0,BNI,Online,0,Jakarta
TRX04930,2026-02-28,Saturday,2,2026,Makan boba tea pas jam istirahat kantor,McDonalds,Makanan & Minuman,202000,Pengeluaran,0,GoPay,Online,0,Yogyakarta
TRX04931,2026-04-18,Saturday,4,2026,Gaji pokok bulanan dari PT Teknologi Karya,PT Teknologi Karya,Gaji,11031000,Pemasukan,1,DANA,Online,0,Palembang
TRX04932,2025-04-26,Saturday,4,2025,Pesan sate ayam via aplikasi pesan antar makanan,KFC,Makanan & Minuman,124000,Pengeluaran,0,BCA,Online,0,Bandung
TRX04933,2026-06-21,Sunday,6,2026,Beli resep minyak kayu putih dan vitamin di Kimia Farma,Kimia Farma,Kesehatan,255000,Pengeluaran,0,BRI,Online,0,Bandung
TRX04934,2026-04-24,Friday,4,2026,Pembayaran paket langganan listrik PLN kecepatan tinggi,PDAM,Utilitas,255000,Pengeluaran,0,GoPay,Online,0,Bengkulu
TRX04935,2023-11-01,Wednesday,11,2023,Checkout sepatu sneaker pas diskon tanggal kembar,Shopee,Belanja,781000,Pengeluaran,0,Tunai,Offline,1,Bekasi
TRX04936,2024-09-17,Tuesday,9,2024,Pelunasan iuran gas LPG biar aliran tetap lancar,Indihome,Utilitas,76000,Pengeluaran,0,DANA,Online,0,Tangerang
TRX04937,2025-06-04,Wednesday,6,2025,Gaji pokok bulanan dari Bank Central,Bank Central,Gaji,5283000,Pemasukan,1,ShopeePay,Online,0,Yogyakarta
TRX04938,2026-01-07,Wednesday,1,2026,Beli perlengkapan alat tulis UKT kuliah kuliah,Penerbit Erlangga,Pendidikan,1750000,Pengeluaran,0,DANA,Online,0,Bengkulu
TRX04939,2026-07-01,Wednesday,7,2026,Pesan burger via aplikasi pesan antar makanan,Kopi Kenangan,Makanan & Minuman,94000,Pengeluaran,0,OVO,Online,0,Palembang
TRX04940,2025-02-11,Tuesday,2,2025,Bonus kinerja dan bonus tahunan dari perusahaan,Bank Central,Gaji,3659000,Pemasukan,1,QRIS,Online,0,Medan
TRX04941,2025-11-26,Wednesday,11,2025,Pengeluaran bulanan beli minyak goreng di Tokopedia,Tokopedia,Belanja,58000,Pengeluaran,0,GoPay,Online,0,Malang
TRX04942,2024-01-06,Saturday,1,2024,Beli sepatu sneaker baru via e-commerce,Hypermart,Belanja,1001000,Pengeluaran,0,OVO,Online,0,Palembang
TRX04943,2026-03-04,Wednesday,3,2026,Beli bensin bensin Pertamax di SPBU langganan,Maxim,Transportasi,93000,Pengeluaran,0,DANA,Online,0,Bekasi
TRX04944,2023-11-22,Wednesday,11,2023,Pembayaran paket langganan pulsa HP kecepatan tinggi,Telkomsel,Utilitas,219000,Pengeluaran,0,DANA,Online,0,Jakarta
TRX04945,2024-07-07,Sunday,7,2024,Pelunasan iuran air PDAM biar aliran tetap lancar,Biznet,Utilitas,307000,Pengeluaran,0,OVO,Online,0,Palembang
TRX04946,2025-03-25,Tuesday,3,2025,Mampir beli bakso urat sama minuman segar,Warung Makan,Makanan & Minuman,168000,Pengeluaran,0,OVO,Online,0,Surabaya
TRX04947,2026-01-24,Saturday,1,2026,Makan malam burger bareng keluarga,Solaria,Makanan & Minuman,58000,Pengeluaran,0,ShopeePay,Online,0,Palembang
TRX04948,2025-11-30,Sunday,11,2025,Beli bensin e-toll di SPBU langganan,TransJakarta,Transportasi,79000,Pengeluaran,0,QRIS,Online,0,Malang
TRX04949,2024-06-05,Wednesday,6,2024,Langganan fitur premium Netflix 1 bulan bulanan,DuFan,Hiburan,214000,Pengeluaran,0,BNI,Online,0,Denpasar
TRX04950,2025-05-24,Saturday,5,2025,Penerimaan honor freelance masuk ke rekening utama,PT Sukses Bersama,Gaji,11021000,Pemasukan,1,QRIS,Online,0,Semarang
TRX04951,2023-04-07,Friday,4,2023,Bayar langganan bulanan Netflix 1 bulan streaming,Steam,Hiburan,81000,Pengeluaran,0,ShopeePay,Online,0,Medan
TRX04952,2026-01-20,Tuesday,1,2026,Bayar sarapan pizza di warung langganan,Solaria,Makanan & Minuman,83000,Pengeluaran,0,BNI,Online,0,Tangerang
TRX04953,2023-10-04,Wednesday,10,2023,Bonus kinerja dan honor freelance dari perusahaan,PT Teknologi Karya,Gaji,11616000,Pemasukan,1,ShopeePay,Online,0,Tangerang
TRX04954,2023-01-05,Thursday,1,2023,Beli ayam geprek di McDonalds bareng teman,McDonalds,Makanan & Minuman,34000,Pengeluaran,0,BNI,Online,0,Denpasar
TRX04955,2025-01-21,Tuesday,1,2025,Bayar sarapan ayam geprek di warung langganan,Gacoan,Makanan & Minuman,163000,Pengeluaran,0,Tunai,Offline,1,Bandung
TRX04956,2024-03-18,Monday,3,2024,Makan malam kopi susu bareng keluarga,Bakso Pak Kumis,Makanan & Minuman,178000,Pengeluaran,0,Mandiri,Online,0,Bengkulu
TRX04957,2023-05-17,Wednesday,5,2023,Belanja kebutuhan harian sepatu sneaker di Alfamart,Alfamart,Belanja,368000,Pengeluaran,0,BRI,Online,0,Medan
TRX04958,2023-09-08,Friday,9,2023,Beli token pulsa HP prabayar via m-banking,XL Axiata,Utilitas,85000,Pengeluaran,0,BNI,Online,0,Bandung
TRX04959,2026-06-28,Sunday,6,2026,Belanja kebutuhan harian casing hp di Alfamart,Alfamart,Belanja,959000,Pengeluaran,0,GoPay,Online,0,Palembang
TRX04960,2026-03-24,Tuesday,3,2026,Sewa kendaraan ojek online untuk perjalanan harian,Gojek,Transportasi,11000,Pengeluaran,0,BNI,Online,0,Bengkulu
TRX04961,2026-04-06,Monday,4,2026,Bonus kinerja dan honor freelance dari perusahaan,PT Nusantara Digital,Gaji,14731000,Pemasukan,1,Mandiri,Online,0,Bogor
TRX04962,2023-12-23,Saturday,12,2023,Bayar biaya kursus online sertifikasi AI,Udemy,Pendidikan,1153000,Pengeluaran,0,Mandiri,Online,0,Tangerang
TRX04963,2025-11-11,Tuesday,11,2025,Pembayaran UKT semesteran buku koding Python,Coursera,Pendidikan,397000,Pengeluaran,0,GoPay,Online,0,Semarang
TRX04964,2025-10-06,Monday,10,2025,Belanja kebutuhan harian baju kaos di Matahari,Matahari,Belanja,977000,Pengeluaran,0,BCA,Online,0,Depok
TRX04965,2026-02-05,Thursday,2,2026,Beli token pulsa HP prabayar via m-banking,Indihome,Utilitas,595000,Pengeluaran,0,BRI,Online,0,Depok
TRX04966,2023-03-09,Thursday,3,2023,Beli masker dan obat flu & pusing untuk stok rumah,Kimia Farma,Kesehatan,273000,Pengeluaran,0,ShopeePay,Online,0,Jakarta
TRX04967,2026-01-21,Wednesday,1,2026,Langganan platform belajar UKT kuliah,Ruangguru,Pendidikan,2727000,Pengeluaran,0,BNI,Online,0,Bandung
TRX04968,2024-02-24,Saturday,2,2024,Beli nasi goreng di Solaria bareng teman,Solaria,Makanan & Minuman,110000,Pengeluaran,0,Mandiri,Online,0,Bandung
TRX04969,2024-06-27,Thursday,6,2024,Sewa kendaraan bensin Pertamax untuk perjalanan harian,KAI,Transportasi,198000,Pengeluaran,0,GoPay,Online,0,Bandung
TRX04970,2025-07-12,Saturday,7,2025,Pengeluaran bulanan beli sepatu sneaker di Uniqlo,Uniqlo,Belanja,112000,Pengeluaran,0,BNI,Online,0,Medan
TRX04971,2023-08-17,Thursday,8,2023,Checkout pizza promo diskon sore hari,Kopi Kenangan,Makanan & Minuman,200000,Pengeluaran,0,ShopeePay,Online,0,Depok
TRX04972,2024-03-16,Saturday,3,2024,Beli soto betawi di Solaria bareng teman,Solaria,Makanan & Minuman,40000,Pengeluaran,0,BNI,Online,0,Palembang
TRX04973,2025-07-02,Wednesday,7,2025,Isi ulang pulsa dan kuota pulsa HP harian,PDAM,Utilitas,599000,Pengeluaran,0,OVO,Online,0,Bekasi
TRX04974,2023-10-05,Thursday,10,2023,Pembelian aset saham blue chip untuk tabungan masa depan,Bibit,Investasi,492000,Pengeluaran,0,GoPay,Online,0,Medan
TRX04975,2025-11-04,Tuesday,11,2025,Mampir minimarket beli sepatu sneaker stok mingguan,Superindo,Belanja,931000,Pengeluaran,0,Tunai,Offline,1,Jakarta
TRX04976,2023-12-16,Saturday,12,2023,Mampir beli pizza sama minuman segar,Sederhana,Makanan & Minuman,36000,Pengeluaran,0,GoPay,Online,0,Medan
TRX04977,2023-02-17,Friday,2,2023,Beli titipan minyak goreng pakai voucher belanja,Alfamart,Belanja,429000,Pengeluaran,0,Tunai,Offline,1,Denpasar
TRX04978,2024-07-29,Monday,7,2024,Bayar ongkos tiket KRL berangkat kerja di Gojek,Gojek,Transportasi,124000,Pengeluaran,0,GoPay,Online,0,Tangerang
TRX04979,2024-10-16,Wednesday,10,2024,Checkout burger promo diskon sore hari,Chatime,Makanan & Minuman,56000,Pengeluaran,0,OVO,Online,0,Depok
TRX04980,2025-09-29,Monday,9,2025,Beli tas punggung baru via e-commerce,Shopee,Belanja,538000,Pengeluaran,0,DANA,Online,0,Jakarta
TRX04981,2023-01-15,Sunday,1,2023,Bayar rekening listrik PLN tepat waktu di Biznet,Biznet,Utilitas,510000,Pengeluaran,0,OVO,Online,0,Semarang
TRX04982,2024-08-25,Sunday,8,2024,Bayar konsultasi dokter dan beli minyak kayu putih,Halodoc,Kesehatan,359000,Pengeluaran,0,BCA,Online,0,Surabaya
TRX04983,2025-10-15,Wednesday,10,2025,Beli perlengkapan alat tulis kursus Data Science kuliah,Coursera,Pendidikan,2726000,Pengeluaran,0,DANA,Online,0,Medan
TRX04984,2023-10-09,Monday,10,2023,Bayar rekening listrik PLN tepat waktu di PLN,PLN,Utilitas,291000,Pengeluaran,0,BRI,Online,0,Jakarta
TRX04985,2025-01-09,Thursday,1,2025,Bayar sarapan bakso urat di warung langganan,McDonalds,Makanan & Minuman,80000,Pengeluaran,0,Tunai,Offline,1,Depok
TRX04986,2024-02-05,Monday,2,2024,Beli resep obat flu & pusing dan vitamin di Century,Century,Kesehatan,662000,Pengeluaran,0,GoPay,Online,0,Jakarta
TRX04987,2024-01-02,Tuesday,1,2024,Belanja kebutuhan harian minyak goreng di Hypermart,Hypermart,Belanja,160000,Pengeluaran,0,QRIS,Online,0,Bogor
TRX04988,2025-08-30,Saturday,8,2025,Tebus resep obat obat flu & pusing di apotek langganan,Guardian,Kesehatan,80000,Pengeluaran,0,QRIS,Online,0,Denpasar
TRX04989,2024-12-21,Saturday,12,2024,Beli perlengkapan alat tulis sertifikasi AI kuliah,Coursera,Pendidikan,2189000,Pengeluaran,0,ShopeePay,Online,0,Palembang
TRX04990,2024-02-04,Sunday,2,2024,Transfer bonus tahunan atas hasil kerja keras sebulan,PT Nusantara Digital,Gaji,5335000,Pemasukan,1,DANA,Online,0,Bekasi
TRX04991,2026-05-22,Friday,5,2026,Makan burger pas jam istirahat kantor,Chatime,Makanan & Minuman,78000,Pengeluaran,0,ShopeePay,Online,0,Surabaya
TRX04992,2026-03-28,Saturday,3,2026,Mampir beli bakso urat sama minuman segar,KFC,Makanan & Minuman,225000,Pengeluaran,0,OVO,Online,0,Yogyakarta
TRX04993,2025-04-03,Thursday,4,2025,Pembayaran paket langganan listrik PLN kecepatan tinggi,XL Axiata,Utilitas,396000,Pengeluaran,0,BRI,Online,0,Semarang
TRX04994,2026-03-02,Monday,3,2026,Mampir minimarket beli baju kaos stok mingguan,Alfamart,Belanja,104000,Pengeluaran,0,BNI,Online,0,Yogyakarta
TRX04995,2025-05-14,Wednesday,5,2025,Beli titipan tas punggung pakai voucher belanja,Indomaret,Belanja,980000,Pengeluaran,0,BCA,Online,0,Bandung
TRX04996,2023-11-09,Thursday,11,2023,Transfer gaji pokok atas hasil kerja keras sebulan,Bank Central,Gaji,14969000,Pemasukan,1,Mandiri,Online,0,Semarang
TRX04997,2025-07-14,Monday,7,2025,Isi ulang pulsa dan kuota pulsa HP harian,Indihome,Utilitas,189000,Pengeluaran,0,GoPay,Online,0,Bogor
TRX04998,2024-01-24,Wednesday,1,2024,Pesan kendaraan online e-toll pas hujan,Gojek,Transportasi,172000,Pengeluaran,0,BRI,Online,0,Denpasar
TRX04999,2024-07-02,Tuesday,7,2024,Pelunasan iuran air PDAM biar aliran tetap lancar,Pertagas,Utilitas,564000,Pengeluaran,0,DANA,Online,0,Bandung
TRX05000,2025-07-28,Monday,7,2025,Beli instrumen investasi saham blue chip bulanan,Pintu,Investasi,2674000,Pengeluaran,0,GoPay,Online,0,Bekasi
